# Resource object code (Python 3)
# Created by: object code
# Created by: The Resource Compiler for Qt version 6.11.1
# WARNING! All changes made in this file will be lost!

from PySide6 import QtCore

qt_resource_data = b"\
\x00\x00\x026\
\x89\
PNG\x0d\x0a\x1a\x0a\x00\x00\x00\x0dIHDR\x00\
\x00\x000\x00\x00\x000\x08\x06\x00\x00\x00W\x02\xf9\x87\
\x00\x00\x01\xfdIDATx\x01\xed\xc1\xbf\xabMq\
\x00\x00\xf0\xcf\xfb\x9e\xef\xf0\x0c\xf4&\xbdb0\xbcI\
\xaf\x18^J\xc9B\x16\x06Nwp\x17I\x062Z\
\xfd\x0dL/\x83\xb2\xde\xe5\x08e#\x8bby\x83\xe1\
uN\x99(d\x92\x90^:\xcap\x87\xd3]\x9c\x1f\
\xf7\xba\xf7\xc9\xf9|\xf4z\xbd^\xef\xbf\x96X\x8c\x0d\
\x5c\xc2\x0e>\x9aBb\xfe6\xf0\x0agp\x05\x05r\
\x1d\x05\xf3w\x1a\xd1X\xc4\x08\x03\x1d%\xe6o\x07W\
\x10\x8c\x05\xa4(\x90k)1\x7f\x1fQ E0\x16\
\x90\xa2@\xae\x85\xc4b\xe4(\x90\x22\x18\x0bHQ \
\xd7Pbqr\x14H\x11\x8c\x05\xa4(\x90k \xb1\
X9\x0a\xa4\x08\xc6\x02R\x14\xc8\xd5X\xd2\xdd\x0a.\
\xe2,\x8e\xe2\xa0\xd9*1D\xe6\x0f\xa2\xf6\x96q\x0b\
7\xb1\xec\xef\x89\xb8\x8b\xcc\x1fD\xed\xac\xe1!\xd6\xed\
\x12Qskx\x81U\xf3Q\xe2\xba\x1aQ3\xcbx\
\x88U\x93>a\x13\x8f\xf0\x16\xdf\xb57\xc0\x08Q\xa5\
\xc4\x10\x99\x1aQ3\xb7\xb0n\xd2\x03\x5c\xc5\x17\xdd\x0d\
0BT)1D\xa6\x81\xa8\xde\x0an\x9a\xf4\x00\x03\
\xd3\x19`\x84\xa8Rb\x88LCA\xbd\x8bXV\xf9\
\x84\xab\xa63\xc0\x08Q\xa5\xc4\x10\x99\x16\x82z\xe7L\
\xda\xc4\x17\xddm`\x84\xa8Rb\x88LKA\xbd#\
&=2\x9d\xd3\x88*%\x86\xc8t\x10\xd4;h\xd2\
[\xd3y\x86\xd2X\x89!2\x1dE\xf3\xb7\x85\xe38\
\x81g\xd86\x85\xa8\xde\x07\x1cP9\x84m\xd3\xd9\xc2\
\x96\x19\x08\xea\xbd6\xe9\xbc]$\xa8\xf7\xc4\xa4\x1bX\
\xb1K\x04\xf52\xec\xa8\xac\xe2\x9e]\x22Q\xef\x07\xf6\
\xe0\xa4\xcaa\xac\xe3)v,P\xa2\x99\x97\xb8\x80\xfd\
*\x87q\x19{\xf0\x15\xdf\xf1\xd3\x9c-in\x0d/\
\xb0j\xb6\xde\xe3:\x9e\xe8 \xd1\xdcg<\xc6)\xec\
7;\xfbp\x12wt\x90h\xe73\xeec\x09\xc7\x10\
\xcd\xc67\xdc\xd6A\xa2\xbd\x12\xcf\xb1\x89w\xf8\x85\xbd\
\xd8\xa7\x9b\x0f\xb8\x867z\xbd^\xaf\xd7\xeb\xfdc~\
\x03\x90\xcei&`V\xbd\x12\x00\x00\x00\x00IEN\
D\xaeB`\x82\
\x00\x00\x03G\
\x89\
PNG\x0d\x0a\x1a\x0a\x00\x00\x00\x0dIHDR\x00\
\x00\x000\x00\x00\x000\x08\x06\x00\x00\x00W\x02\xf9\x87\
\x00\x00\x03\x0eIDATx\x01\xed\xc1O\x88Tu\
\x00\x00\xe0o~\xf3\x04\x0f\x8bY\x18\x09\x0d\xb1\x879\
x0\x10Z(r\x09\xb3=\x14\xecaY\x86\xfe\x10\
\xfd\x03\x0f\x1e\xb6\x12T\xe8\xd0Q\xe8VI\x86\x10\xca\
z\x11\x95\x8c\x82V\x8a\xd0\x0arA\x0fKA\xb6\xeb\
\xea$\x0bI\xedE1\x18B\xe2\x1d:\xec\xe1\xf1c\
\xf6\xcd\xcc\x8e\xefM\x1e\xf6\xfb\xac[wo*\xca3\
\x81\xa3H\xf1\x16\xce+AU9\x1a8\x83M\xd8\x84\
gpX\x09\x82\xe25p\x0a\x89LEI\x82b5\
p\x0a\x89L\x8a)%\x09\x8a\xd3\xc0)$2)^\
\xc1\x8c\x92T\x14c\x02\x9f#\xb1\xbae,\xe3\x0af\
q\x1eM\x05\xa8(\xc6_\xd8jm.\xe2S\x9cE\
\xaaOU\xc58\x88!k\xf3\x18\x1ax\x11\x8b\xb8\xa1\
\x0fU\xc5h\xa2\x81`\xed\xb6\xe0ul\xc5\x05\xa4\xd6\
\xa0\xaa\x18W\xb1\x80I\x04\x99\x14/\xe1]\x9c\xc3\x22\
6`X\xbb\x11\x8c\xe1\x1cZzTU\x9cy,`\
\x12\xc1\x8a\x80I\xfc\x84\xefp\x11'p\x12\x0f`;\
\x82L\x0d\xe3\xf8\x02-=\xa8*\xd6<\x160\x89`\
E\xc0\xd38,s\x1b_\xe1\x1b\xec\xc6C2[0\
\x8a\x93HuQU\xbcy,`\x12\xc1\x8a\xbf\xf1\xb1\
v\x7fb\x1aO\xa0.S\xc3\xc3\x98\xd1EUw;\
\xf05\xde\xc1\x1f\xb8\xa6\xbby\xfc\x8agq\x0b{p\
\xc3\xea\xfe\xc5i<\x89\xba\xcc\x08fqC\x07\x15\xdd\
]G\xdd\x8a;xP9\x86\xf03\xea2W\xf18\
R9\x82\xce&P\x97\xd9\x88D9Zx\x0d\xa9\xcc\
6L\xe8 \xe8\xec\x80\xd8\x19\xa4\xcas\x09'\xc5\xf6\
\xe9 \xc8W\xc3N\xb1C\xcawHl'\xear\x04\
\xf9&\xc4f\xd1T\xbe&f\xc5\xc6\xe4\x08zw\xda\
\xe0\xcc\x88\x8d\xca\x11\xe4;\x819+.\xe0\x84\xc1\xb9\
$\xb6M\x8eD\xbe\x16F0\x84\x96\xc1j\x8a=\x22\
G\xd0]\xcb\xe0\xdd\x14\xab\xc9\x11\xdc\x9f6\xeaQp\
\x7f\xda*vK\x8eD\xbe\x04\x1fa\x1c\xdf\xe2m\xa4\
\x06cX\xec\xa6\x1cA\xbe\x971\x85a\xec\xc5^\x83\
\xb3K\xec\x8a\x1cA\xbeDl\xc2\xe0\x8c\x89]\x92#\
\xc8wQ\xec9\xd4\x95o;v\x8a\xcd\xc8\x11\xe4k\
\xe2\xb2\xd8\xfb\xcaw@l\x16Kr\x04\x9d\x1d\x11{\
\x15;\x94g\x14o\x88\x1d\xd1A\xd0\xd9i\xfc.\x93\
`\x5c96cZl\x11gu\x10t\x96bJl\
I\xf1\x12|\x89\xba\xd8>\xa4:\xa8\xea\xae\x89ET\
p\x14\xc7\x14k3\xcea\x97\xd8q|\xa8\x8b\x8a\xff\
\xd7(\xa6Q\x17\x9b\xc3(\xee\xea\x22\xd1\xbf!Lc\
\x04\xe7q\x18W\xf4f;\xf6\xe3M\xed\xaeb\x1cw\
\xf5\xa0\xa2\x7f\xef\xe1\x03\xb1\x1fq\x013\xf8E\xbbm\
\xf8\x04cV7\x87q,\xebQU\xff\xc6\xb0Kl\
\x18\xbb\xb1\x17\x1b\xf0\xbd\xd8\x0fx\xca\xea\x8e\xa3\x81;\
\xd6 \xe8\xdf\x11\xfc&\xdf~\xedj\xda-\xe2\x05\xec\
\xc1]kT\xd5\xbf\x7f\xf0\x19\xae\xe3Q\xd4\xc4\xe6p\
L\xac\x821+.\xe3 \xa6pM\x9f*\x8aS\xc7\
\xf3\x18E\x0b\x87\xb0\xa4]\x0d\x09\x96\xac[\xb7\xee\x9e\
\xfd\x07QX\xa4\xbb\x22\xb1\x14\xb8\x00\x00\x00\x00IE\
ND\xaeB`\x82\
\x00\x00\x02\x8a\
<\
svg width=\x2224\x22 h\
eight=\x2224\x22 viewB\
ox=\x220 0 24 24\x22 f\
ill=\x22none\x22 xmlns\
=\x22http://www.w3.\
org/2000/svg\x22>\x0a<\
path d=\x22M8.55814\
 11.25C8.14393 1\
1.25 7.80814 11.\
5858 7.80814 12C\
7.80814 12.4142 \
8.14393 12.75 8.\
55814 12.75H15.4\
419C15.8561 12.7\
5 16.1919 12.414\
2 16.1919 12C16.\
1919 11.5858 15.\
8561 11.25 15.44\
19 11.25H8.55814\
Z\x22 fill=\x22#323544\
\x22/>\x0a<path fill-r\
ule=\x22evenodd\x22 cl\
ip-rule=\x22evenodd\
\x22 d=\x22M12 2C6.477\
15 2 2 6.47715 2\
 12C2 17.5228 6.\
47715 22 12 22C1\
7.5228 22 22 17.\
5228 22 12C22 6.\
47715 17.5228 2 \
12 2ZM3.5 12C3.5\
 7.30558 7.30558\
 3.5 12 3.5C16.6\
944 3.5 20.5 7.3\
0558 20.5 12C20.\
5 16.6944 16.694\
4 20.5 12 20.5C7\
.30558 20.5 3.5 \
16.6944 3.5 12Z\x22\
 fill=\x22#323544\x22/\
>\x0a</svg>\x0a\
\x00\x00\x05Y\
<\
svg width=\x2225\x22 h\
eight=\x2225\x22 viewB\
ox=\x220 0 25 25\x22 f\
ill=\x22none\x22 xmlns\
=\x22http://www.w3.\
org/2000/svg\x22>\x0a<\
path fill-rule=\x22\
evenodd\x22 clip-ru\
le=\x22evenodd\x22 d=\x22\
M5.8125 3.47852C\
4.56986 3.47852 \
3.5625 4.48587 3\
.5625 5.72852V18\
.7285C3.5625 19.\
9712 4.56986 20.\
9785 5.8125 20.9\
785H18.8124C20.0\
55 20.9785 21.06\
24 19.9712 21.06\
24 18.7285L21.06\
24 8.8427C21.062\
4 8.24536 20.824\
9 7.67254 20.402\
2 7.25049L17.283\
2 4.1363C16.8613\
 3.71509 16.2895\
 3.47852 15.6934\
 3.47852H5.8125Z\
M5.8125 4.97852C\
5.39829 4.97852 \
5.0625 5.3143 5.\
0625 5.72852V18.\
7285C5.0625 19.1\
427 5.39829 19.4\
785 5.8125 19.47\
85H7.56251L7.562\
5 15.7285C7.5625\
 14.4859 8.56986\
 13.4785 9.8125 \
13.4785L14.8125 \
13.4785C16.0551 \
13.4785 17.0625 \
14.4859 17.0625 \
15.7285V19.4785H\
18.8124C19.2266 \
19.4785 19.5624 \
19.1427 19.5624 \
18.7285L19.5624 \
8.8427C19.5624 8\
.64359 19.4832 8\
.45265 19.3423 8\
.31196L16.2233 5\
.19778C16.0827 5\
.05737 15.8921 4\
.97852 15.6934 4\
.97852H14.0625L1\
4.0625 5.72851C1\
4.0625 6.97115 1\
3.0551 7.97852 1\
1.8125 7.97852H8\
.8125C7.56986 7.\
97852 6.5625 6.9\
7116 6.5625 5.72\
852V4.97852H5.81\
25ZM8.0625 4.978\
52V5.72852C8.062\
5 6.14273 8.3982\
9 6.47852 8.8125\
 6.47852H11.8125\
C12.2267 6.47852\
 12.5625 6.14273\
 12.5625 5.72851\
L12.5625 4.97852\
H8.0625ZM15.5625\
 19.4785L9.06251\
 19.4785L9.0625 \
15.7285C9.0625 1\
5.3143 9.39829 1\
4.9785 9.8125 14\
.9785L14.8125 14\
.9785C15.2267 14\
.9785 15.5625 15\
.3143 15.5625 15\
.7285V19.4785Z\x22 \
fill=\x22#323544\x22/>\
\x0a</svg>\x0a\
\x00\x00\x02\x90\
\x89\
PNG\x0d\x0a\x1a\x0a\x00\x00\x00\x0dIHDR\x00\
\x00\x000\x00\x00\x000\x08\x06\x00\x00\x00W\x02\xf9\x87\
\x00\x00\x02WIDATx\x01\xed\xc11j\x1cW\
\x00\x00\xd0\xb7\x7f\x06\xc5\xc5\x1e\xc1\x85;\xe5\x10)U\
\xba0\x9fi\xa6\x08\xa8r/\xd2\xe4\x00.\x92J\x07\
H#p1\x18\x06\x93*Mt\x02\x971\xfc/\xf5\
\xee\x0db+1\x85\x8b)\x86\x05\xcd\xee\xec\xecJa\
a\xdfsrrr\xf2\xbfZ\xd8\xdf\x1b\xfc\x86\x0b\xfc\
l\x9a;\xdc\xe2O|\xb3\x87\x85\xfd\xbc\xc3G,\xcd\
\xb3\xc2\xaf\xf8\xdbL\x85\xf9*|\xc2+\xf3\x9d\xa1B\
F2Ca\x9e\x0a\x0dJ\xfb\x0b\x88\xc8Hv\xb4\xb0\
\xbb\x0a\x0dJ\x83\x0eW\xb8\xc1\xcafK\x5c\xe2\x1a\xa5\
A\x87\x1a\xad\x1d\x14vS\xa1Ai\xd0\xa1\xc6\x0d\x1e\
m\xf7\x88/\xc8\x88\x08z\x01\x11\x19\xc9D\x85\xe9*\
4(\x0d:\xd4h\xed.!#\x22\xe8\x05Dd$\
\x13\x14\xa6\xa9\xd0\xa04\xe8P\xa35_BFD\xd0\
\x0b\x88\xc8H\xb6(lW\xa1Ai\xd0\xa1Fk\x7f\
\x09\x19\x11A/ \x22#\xd9\xa0\xb0\xd9;|Bi\
\xd0\xa1F\xebp\x122\x22\x82^@\xc4W\xdc\x19Q\
\x18\xf7\x06\xff\xe2\x95A\x87\x1a\xad\xc3K\xc8\x88\x08z\
\x01o\xf1\x11\x0f\x9eP\x18\xf7\x01\xbf\x18t\xa8\xd1z\
>\x09\x19\x11A\xef\x0c?\xe1\x1fO\x08\xc6]Xw\
\x85\xd6\xf3kqe\xdd\x85\x11\xc1\xb8s\xebn\xbc\x9c\
\x1b\xeb\xce\x8d\x08\xa6[y9+\x13\x05G.8r\
\xc1\x91\x0b\x8e\x5cp\xe4\x82#\x17\x1c\xb9`\xba\xa5\x97\
\xb34Q0\xee\xde\xbaK/\xe7\xd2\xba{#\x82q\
\xb7\xd6]\xa3\xf2\xfc*\x5c[wkDa\xdc\x7fx\
\x8f3\xbd\x80\x88\x8c\xe4yThP\x1a\xacP\xe3\xc1\
\x13\x0a\xe3\x1e\x90Q!\xe8\x05Dd$\x87U\xa1A\
i\xd0\xa1\xc6\x17#\x0a\x9b\xdd!#\x22\xe8\x05Dd\
$\x87Q\xa1Ai\xd0\xa1\xc6g\x1b\x14\xb6K\xc8\x88\
\x08z\x01\x11\x19\xc9~*4(\x0d:\xd4hmQ\
\x98&!#\x22\xe8\x05Dd$\xf3ThP\x1at\
\xa8\xd1\x9a\xa00]BFD\xd0\x0b\x88\xc8HvS\
\xa1Ai\xd0\xa1Fk\xa2\xc2n\x122\x22\x82^@\
\xc4w$<\xdal\x89\xf7\xf8\x0b\xa5A\x87\x1a\xad\x1d\
,\xccS\xa1A\xe90:\xd4h\xed\xa80OBF\
D\xb0\x9f\x0e5Z3\x14\xe6K\xf8\x8a\xb783\xcf\
\x0a5>\x9bia\x7f\xaf\xf1;.pn\x9a{\xdc\
\xe2\x0f|srrrr\xb4~\x00\xfb\xc8\x92v%\
\x05\xc0W\x00\x00\x00\x00IEND\xaeB`\x82\
\x00\x00\x01\xd5\
\x00\
\x00\x07\xd5x\xda\x8d\x95=s\xdb0\x0c\x86\xf7\xfe\x0a\
_vI\xd7vu\xb2d\xee\x92\x5cg\x1dD\xc1\x12\
/0A\x03\xa4?\xf2\xebK\xdbq\xce\xc9\x11\xba.\
\x1a\xf8\xbc/@\x82\x10\xb8~y~~\xfa\xb1Z\xad\
w\x82\xcaY\x1c\xae\xa2\xe0\xc6\x1f\x1f\x1f\xba\x873(\
h\xe3\x09\x9f\x08\x06$\x1f\xa66\x86i\xdd]\x96\xee\
\xa8\xcb\xa2,u\x16\xd9\x87d\xd8\x98X\x22\x10\xa6\x84\
u\x05\x0a(\x1a\x81a\xe0l\x04\x06\x972P\xaf\xfe\
\xdd\x88\x0b1\xd2\xa9\x8e\x06\xc9:7\xbfZ\xdd\xd7v\
\x0c\xea`4\x82\xde`\xdd9\xa3{k\x9c\x17G\xd8\
\xfc44\xc4j\xd99\x9e\xac\xda\xa7\xba\x05\x8f\xde$\
\x91\xc5(\xdd\xf9\xc3\x11C\xddy\xa3\xfd6S\xb2$\
fd\xcb\xc14\xa2,$\xcdD\xea\x04\x0b\xaf\x06\x9e\
\xc4\x8fu'\x81*\xd7MWTum}\xc8\xba\x80\
>n\xd1P\xf0\xde \x11\xd4j\xf3HV\xc2\xc8t\
\x9a8X\xbf\xd6\x15V\x9d\xbb\x8c\x9a\xbcE\x05]\x82\
0Y\xa7\x10\x1c\x8d\xba\x959\x81\xa9O\x02A7,\
[St\x19&\xda\xee\xc4U0'H\xd8\x13n\x8c\
V\xf9\x10\x88\x9ffC\xa1\xb0\xc7\x05R=\xd4\x99\x80\
\xd6]\xc9[\xa58\x93\xfe\xe0\xc3\xc8\x07\xc3\xcaS\xa9\
\xa3}\x98+_8K)f\x998\xbf\xeb\xe9\xff\x96\
\xc4M\xf3\x9a\x04a[\x0606/\x9c\xc3\x88\xe3\xfd\
\xd2\x9fR,\xf1@\xf5\xf0\xc7-\xc8\xdbb\xcf\xbe3\
\x97\xc6\xb6\x19\x7f\x1f1\xeb\xee\xf3\xbd0^\x8f\xf2w\
a\xd2/OH\xdbve\xec\xd6\xf7X\x98\x9bK?\
\xe2\x02.\xf3s\xe0c}\x97w\x82~\xf4\x0a\x03\xe1\
h*\xcbM\x86~\xa0l'\xbb(&\x81\x93\xad(\
\xf3\xea?\xe2\xdcT\x8b\xb1\x92Od\xc7HA\xc1\xf7\
\xc4\x13\xf7\x87\xd9\x7f\x9f _nb\xdd]\x9e\xf3\x7f\
\xb8\x09\x84Z\
\x00\x00\x05\xa2\
<\
svg width=\x2225\x22 h\
eight=\x2225\x22 viewB\
ox=\x220 0 25 25\x22 f\
ill=\x22none\x22 xmlns\
=\x22http://www.w3.\
org/2000/svg\x22>\x0a<\
path fill-rule=\x22\
evenodd\x22 clip-ru\
le=\x22evenodd\x22 d=\x22\
M16.397 15.3123C\
16.7088 15.2095 \
17.0421 15.1538 \
17.3883 15.1538C\
19.1345 15.1538 \
20.5501 16.5694 \
20.5501 18.3156C\
20.5501 20.0618 \
19.1345 21.4773 \
17.3883 21.4773C\
15.6421 21.4773 \
14.2266 20.0618 \
14.2266 18.3156C\
14.2266 17.4573 \
14.5686 16.6788 \
15.1238 16.1091L\
12.9615 13.0213L\
10.8164 16.0848C\
11.3857 16.6566 \
11.7376 17.445 1\
1.7376 18.3156C1\
1.7376 20.0618 1\
0.322 21.4773 8.\
57582 21.4773C6.\
82963 21.4773 5.\
41406 20.0618 5.\
41406 18.3156C5.\
41406 16.5694 6.\
82963 15.1538 8.\
57582 15.1538C8.\
90975 15.1538 9.\
23159 15.2056 9.\
53375 15.3015L12\
.0459 11.7137L6.\
79196 4.21064C6.\
55437 3.87134 6.\
63682 3.40368 6.\
97612 3.16609C7.\
31542 2.9285 7.7\
8308 3.01095 8.0\
2067 3.35025L16.\
397 15.3123ZM8.5\
7582 16.6538C7.6\
5806 16.6538 6.9\
1406 17.3978 6.9\
1406 18.3156C6.9\
1406 19.2333 7.6\
5806 19.9773 8.5\
7582 19.9773C9.4\
9358 19.9773 10.\
2376 19.2333 10.\
2376 18.3156C10.\
2376 17.3978 9.4\
9358 16.6538 8.5\
7582 16.6538ZM15\
.7266 18.3156C15\
.7266 17.3978 16\
.4706 16.6538 17\
.3883 16.6538C18\
.3061 16.6538 19\
.0501 17.3978 19\
.0501 18.3156C19\
.0501 19.2333 18\
.3061 19.9773 17\
.3883 19.9773C16\
.4706 19.9773 15\
.7266 19.2333 15\
.7266 18.3156Z\x22 \
fill=\x22#323544\x22/>\
\x0a<path d=\x22M19.16\
72 4.15876L14.71\
89 10.5116L13.80\
33 9.20402L17.93\
84 3.2984C18.176\
 2.95909 18.6437\
 2.87663 18.983 \
3.11422C19.3223 \
3.3518 19.4047 3\
.81946 19.1672 4\
.15876Z\x22 fill=\x22#\
323544\x22/>\x0a</svg>\
\x0a\
\x00\x00\x064\
<\
svg width=\x2225\x22 h\
eight=\x2224\x22 viewB\
ox=\x220 0 25 24\x22 f\
ill=\x22none\x22 xmlns\
=\x22http://www.w3.\
org/2000/svg\x22>\x0a<\
path fill-rule=\x22\
evenodd\x22 clip-ru\
le=\x22evenodd\x22 d=\x22\
M12.7734 2.75C12\
.7734 2.33579 12\
.4377 2 12.0234 \
2C11.6092 2 11.2\
734 2.33579 11.2\
734 2.75V4.5L6.0\
2344 4.5V2.75C6.\
02344 2.33579 5.\
68765 2 5.27344 \
2C4.85922 2 4.52\
344 2.33579 4.52\
344 2.75V4.5L2.7\
7344 4.5C2.35922\
 4.5 2.02344 4.8\
3579 2.02344 5.2\
5C2.02344 5.6642\
1 2.35922 6 2.77\
344 6L4.52344 6V\
11.25H2.77344C2.\
35922 11.25 2.02\
344 11.5858 2.02\
344 12C2.02344 1\
2.4142 2.35922 1\
2.75 2.77344 12.\
75H4.52344L4.523\
44 18H2.77344C2.\
35922 18 2.02344\
 18.3358 2.02344\
 18.75C2.02344 1\
9.1642 2.35922 1\
9.5 2.77344 19.5\
H4.52344V21.25C4\
.52344 21.6642 4\
.85922 22 5.2734\
4 22C5.68765 22 \
6.02344 21.6642 \
6.02344 21.25V19\
.5H11.2734V21.25\
C11.2734 21.6642\
 11.6092 22 12.0\
234 22C12.4377 2\
2 12.7734 21.664\
2 12.7734 21.25V\
19.5H18.0234V21.\
25C18.0234 21.66\
42 18.3592 22 18\
.7734 22C19.1877\
 22 19.5234 21.6\
642 19.5234 21.2\
5V19.5H21.2734C2\
1.6877 19.5 22.0\
234 19.1642 22.0\
234 18.75C22.023\
4 18.3358 21.687\
7 18 21.2734 18H\
19.5234V12.75H21\
.2734C21.6877 12\
.75 22.0234 12.4\
142 22.0234 12C2\
2.0234 11.5858 2\
1.6877 11.25 21.\
2734 11.25H19.52\
34V6L21.2734 6C2\
1.6877 6 22.0234\
 5.66421 22.0234\
 5.25C22.0234 4.\
83578 21.6877 4.\
5 21.2734 4.5L19\
.5234 4.5V2.75C1\
9.5234 2.33579 1\
9.1877 2 18.7734\
 2C18.3592 2 18.\
0234 2.33579 18.\
0234 2.75V4.5L12\
.7734 4.5V2.75ZM\
18.0234 18V12.75\
L12.7734 12.75L1\
2.7734 18L18.023\
4 18ZM11.2734 18\
L11.2734 12.75L6\
.02344 12.75L6.0\
2344 18L11.2734 \
18ZM6.02344 11.2\
5L6.02344 6L11.2\
734 6V11.25L6.02\
344 11.25ZM18.02\
34 11.25V6L12.77\
34 6V11.25L18.02\
34 11.25Z\x22 fill=\
\x22#323544\x22/>\x0a</sv\
g>\x0a\
\x00\x00\x02\xeb\
<\
svg width=\x2225\x22 h\
eight=\x2224\x22 viewB\
ox=\x220 0 25 24\x22 f\
ill=\x22none\x22 xmlns\
=\x22http://www.w3.\
org/2000/svg\x22>\x0a<\
path fill-rule=\x22\
evenodd\x22 clip-ru\
le=\x22evenodd\x22 d=\x22\
M5.52344 3.25C4.\
2808 3.25 3.2734\
4 4.25736 3.2734\
4 5.5V18.5C3.273\
44 19.7426 4.280\
8 20.75 5.52344 \
20.75H18.5234C19\
.7661 20.75 20.7\
734 19.7426 20.7\
734 18.5V5.5C20.\
7734 4.25736 19.\
7661 3.25 18.523\
4 3.25H5.52344ZM\
4.77344 5.5C4.77\
344 5.08579 5.10\
922 4.75 5.52344\
 4.75H18.5234C18\
.9377 4.75 19.27\
34 5.08579 19.27\
34 5.5V8.58301L4\
.77344 8.58301V5\
.5ZM4.77344 10.0\
83V18.5C4.77344 \
18.9142 5.10922 \
19.25 5.52344 19\
.25H8.60645L8.60\
645 10.083H4.773\
44ZM10.1064 10.0\
83V13.916H19.273\
4V10.083L10.1064\
 10.083ZM10.1064\
 15.416H19.2734V\
18.5C19.2734 18.\
9142 18.9377 19.\
25 18.5234 19.25\
H10.1064V15.416Z\
\x22 fill=\x22#323544\x22\
/>\x0a</svg>\x0a\
\x00\x00\x04\xb4\
<\
svg width=\x2225\x22 h\
eight=\x2224\x22 viewB\
ox=\x220 0 25 24\x22 f\
ill=\x22none\x22 xmlns\
=\x22http://www.w3.\
org/2000/svg\x22>\x0a<\
path fill-rule=\x22\
evenodd\x22 clip-ru\
le=\x22evenodd\x22 d=\x22\
M4.52344 2.75C4.\
52344 2.33579 4.\
85922 2 5.27344 \
2H8.27344C8.6876\
5 2 9.02344 2.33\
579 9.02344 2.75\
V5.75C9.02344 6.\
16421 8.68765 6.\
5 8.27344 6.5H7.\
48438L7.48438 9.\
75H8.27344C8.687\
65 9.75 9.02344 \
10.0858 9.02344 \
10.5V11.25H15.02\
34V10.5C15.0234 \
10.0858 15.3592 \
9.75 15.7734 9.7\
5H18.7734C19.187\
7 9.75 19.5234 1\
0.0858 19.5234 1\
0.5V13.5C19.5234\
 13.9142 19.1877\
 14.25 18.7734 1\
4.25H18.0234V17.\
5H18.7734C19.187\
7 17.5 19.5234 1\
7.8358 19.5234 1\
8.25V21.25C19.52\
34 21.6642 19.18\
77 22 18.7734 22\
H15.7734C15.3592\
 22 15.0234 21.6\
642 15.0234 21.2\
5V18.25C15.0234 \
17.8358 15.3592 \
17.5 15.7734 17.\
5H16.5234V14.25H\
15.7734C15.3592 \
14.25 15.0234 13\
.9142 15.0234 13\
.5V12.75H9.02344\
V13.5C9.02344 13\
.9142 8.68765 14\
.25 8.27344 14.2\
5H5.27344C4.8592\
2 14.25 4.52344 \
13.9142 4.52344 \
13.5V10.5C4.5234\
4 10.0858 4.8592\
2 9.75 5.27344 9\
.75H5.98438L5.98\
438 6.5H5.27344C\
4.85922 6.5 4.52\
344 6.16421 4.52\
344 5.75V2.75ZM1\
6.5234 12.75H18.\
0234V11.25H16.52\
34V12.75ZM7.5234\
4 11.25H6.02344V\
12.75H7.52344V11\
.25ZM7.52344 5V3\
.5H6.02344V5H7.5\
2344ZM16.5234 19\
H18.0234V20.5H16\
.5234V19Z\x22 fill=\
\x22#323544\x22/>\x0a</sv\
g>\x0a\
\x00\x00\x02\xc9\
\x89\
PNG\x0d\x0a\x1a\x0a\x00\x00\x00\x0dIHDR\x00\
\x00\x000\x00\x00\x000\x08\x06\x00\x00\x00W\x02\xf9\x87\
\x00\x00\x02\x90IDATx\x01\xed\xc1-\x8f]E\
\x00\x00\xd0\xf3\xe6\x8e$\xa8\x06\xb5\x12\xc1\x0f\xc0\x13\x5c\
\x05j2\xa2\xa3\xb0\xe0\xe0\x97 \x08\xa9 \xe81S\
\x14\xa2\xff\x01Iro!+\x8b\xc0VO\x08\xe2&\
L\xb3\xfbv\xf7}\xdc\xdd\x9aw\x8e\x8b\x8b\x8b'u\
\x85+\x1b\xday\x1a\xcf\xf1\x03>\xb3z\x83\xef\xf1\xda\
\x99&\x8f/\xe3\x15>1<\xc3\x0b,\x98\x9da\xf2\
\xb82*\xa2\xdb\x02\x12\x16\xccN4y<\x19\x15\xd1\
\xd0\xf1/\x82U@\xc2\x82\xd9\x09&\x8f#\xa3\x22\x1a\
:\x0a^!!X\x05$,\x98\x1di\xb2\xbd\x8c\x8a\
h\xe8(h\x98\xb1 !X\x05$,\x98\x1da\xb2\
\xad\x8c\x8ah\xe8(h\x86\x19\x0b\x12\x82U@\xc2\x82\
\xd9\x81&\xdb\xc9\xa8\x88\x86\x8e\x82\xe6\xb6\x19\x0b\x12\x82\
U@\xc2\x82\xd9\x01&\xdb\xc8\xa8\x88\x86\x8e\x82\xe6n\
3\x16$\x04\xab\x80\x84\x05\xb3\x07L\xce\x97Q\x11\x0d\
\x1d\x05\xcd\xc3f,H\x08V\x01\x09\x0bf\xf7\x98\x9c\
'\xa3\x22\x1a:\x0a\x9a\xc3\xcdX\x90\x10\xac\x02\x12\x16\
\xcc\xee09]FE4t\x144\xc7\x9b\xb1 !\
X\x05$,\x98\xed19MFE4t\x144\xa7\
\x9b\xb1 !X\x05$\xfc\x8ek7L\x8e\x97Q\x11\
\x0d\x1d\x05\xcd\xf9f,H\x08V\x01\x9f\xe3'7L\
\x8e\x93Q\x11\x0d\x1d\x05\xcdvf,H\x08V\xcf\xf0\
\x0b\xdeyOp\xb8\x8c\x8ah\xe8(h>\x90\xe00\
\x19\x15\xd1\xd0Q\xd0l/\xa3\x22\x1a\xfe\xc4[7\x04\
\x0f\xcb\xa8\x88\x86\x8e\x82f{\x19\x15\xd1\xd0\xf1\x9d=\
\x82\xfbeTDCGA\xb3\xbd\x8c\x8ah\xe8(x\
m\x8f\x9d\xbbeTDCGA\xb3\xbd\x8c\x8ah\xe8\
(h\xee\x10\xec\xf7\x1c\x15\xd1\xd0Q\xd0l/\xa3\x22\
\x1a:\x0a\x9a{\x04\xfb\xfd\x88h\xe8(h\xb6\x97Q\
\x11\x0d\x1d\x05\xcd\x03\x82\xdb\xae\xf0\xa9\xa1\xa3\xa0\xd9^\
FE4t\x144\x07\x08>\x9c\x8c\x8ah\xe8(h\
\x0e4\xb9\xed\x1d\x0a\x9eY\x05$,\x98m#\xa3\x22\
\x1a:\x0a\x9a#L\xf6\xbb\xc6\x0b\x04\xab\x80\x84\x05\xb3\
\xf3dTDCGAs\xa4\xc9~\xd7X\x90\x10\xac\
\x02\x12\x16\xccN\x93Q\x11\x0d\x1d\x05\xcd\x09v\xee\x97\
Q\x11=\x8e\x8e\x82\xe6D\x93\xfb\xcdX\x90\x10l\xab\
\xa3\xa09\xc3\xe4a3\x16$\x04\xdb\xe8(h\xce4\
9\xcc\x8c?\xf0%>r\x9e\x7f\xf05~uqq\
q\xb6\x9d\xd3}\x85\x97\xb8\xf24\xde\xe2[\xfc\xe6=\
\xc1\xe9~\xc6\x95\xa7s\x85\x97n\x08N\xb7\xf3\xf4v\
n\x98\x9c\xee\x0d\xbe\xc0\xc7\x9e\xc6\xdf\xf8\x06\x7f\xb9\xb8\
\xb8\xf8\xdf\x7f\x961\xb0\xd3\xbc~\xde \x00\x00\x00\x00\
IEND\xaeB`\x82\
\x00\x00\x03B\
\x89\
PNG\x0d\x0a\x1a\x0a\x00\x00\x00\x0dIHDR\x00\
\x00\x000\x00\x00\x000\x08\x06\x00\x00\x00W\x02\xf9\x87\
\x00\x00\x03\x09IDATx\x01\xed\xc1_hUu\
\x00\x00\xe0o\xe7\x1ej\x0f+\xb4\x84.\x22\xb2\x87=\
,\xe8a\xc1\xa8\x11\x0b\xa5$\xef@H0d\xd1\xed\
\xa9 \xa5\x81>\x14\xac\xa0\xa7\x84\x1e*f\x904\x88\
\xfe@\x12\x04\x13,\x17\x22B4\xb8\xe5\xa5T\x92\xfe\
 1r\x8c\x81=$4\xba\xd2E\x0e\xd2\x83\x0f\x87\
\x1f\xd7swww\xce\x90\xd8\xf7\xd9\xf0?\x17#V\
\xa0\x92\xe2Tq\x0e\xaf\xe3\x1a\xce+@Iq\xce`\
\x13b\xec\xc12\xear\x16)\xceu\xa1)\x1c\x96\xb3\
\x92\xe2\x5c\xc4~\xdc%U\xc12\xearRR\x9cE\
\xfc\x8c\xfd\x88\xa4*XF]\x0ez\xe4g\x14\xbb\xf0\
(\x86P\xd6\xdeAL[\xa3\xd8\xda\xf4\xe2\x00^\xc6\
\x80\xd5y\x0b\xd3\xd6(\xd6\xbd*\xdeFYw\xae\xcb\
Al\xf56\xe1\x13\xec\xb5\xb2\xbf\xd1\x87X\xa8\x81q\
9\xe8\xb1:\xfd8\x8dA\xad\x9a\xf8\x1a\xb3\xa8c\x1e\
\x13\x98\x12j`\x0c59\x88un\x1b\xce\xa1,\xd4\
\xc4\xbbx\x1f\x7fJ\xbd\x88)\xa1\x06\xc6P\x93\x93X\
g\xfap\x16e\xa1\x0b\x18\xc7\xbcVo\x0a50\x86\
\x9a\x1c\xc5:\xf3!\x06\x85\xbe@\x15\x89\xdb\xbb.\xd5\
\xc0\x18jrV\xb2\xb2\xbd8\x22t\x02\xfbqS\xb6\
\x1f\xf00\xae\xe2Y|\xaf3U\xcca\x02?bQ\
\x1b=\xda\x8bq\x05\xdb\xa4.a\x18\x89b\xfc\x8b^\
\xb7\xcc\xe3A$2D\xda\xabb\x9bT\x82q$\x8a\
\xd1\x8bDj\x00UmD\xda;$t\x0c\x97\x15\xa7\
\x89\x8f\x84\x0ei#\x92m\x10CR\x09\xdeQ\xbc\xa3\
H\xa4\x860 C$[Eh\x0eK\x8a\xb7\x809\
\xa1\x8a\x0c\x91l\xa3B\xb3\xd6\xcf\x8cP\x22C$\xdb\
\xa0P\xdd\xfa\xf9\x14'\x90\xe0\x04\x8e\xcb\x10\xcb\xf6\x80\
\xd0\xbc\xf5\xd3\xc43:\x10\xc9\xb6E\xe8/w\xa0H\
\xe7z\xdd\x81\x22\xd9\xae\x09\x95\xdd\x81b\xd9\x96p\xbf\
T?\x16\xac\x8f>|\x86=\x98\xc1\xf3H\xdcF$\
\xdb/B;\xad\x9f\x03\xd8\x8b\x18\xe3\xa8\xca\x10\xc9V\
\x13\xdam\xfd\xec\x13j\xca\x10\xc96+4\x82a\xc5\
{\x08#B5\x19\x22\xd9\x960'4\xa9x\x93B\
sX\x92!\xd2\xdeQ\xa1}\xa8(\xce\x08\x9e\x13:\
\xaa\x8dH{'qI\xe8\x03\x94\x15\xa3\x22t\x01'\
\xb5\x11Y\xd9\x84P?N\xa1O\xfe\xceK%8l\
\x05%+[\xc4=xLj+\x9e\xc2)4\xe4\xe7\
w\xfc\x8a\x7f\xf0\x1a\xbe\xb5\x82\x92\xce|\x83\x1d\xe8\x97\
\xda\x8aq\x5c\xc1e\xf9\xf9\x0d_\xe1\x0f\x1d(\xe9\xcc\
M\xcc`\x07\xb6K\xdd\x8bq\x0c\xe3*\x16tf'\
\xa6p\x1cO\xe0K4u\xa1\xc7\xea\xf4\xe1$\x9et\
{?\xe1 \xeaZ\xed\xc2\xd3\xa8`@\xe8\x0d\x1c\xd1\
\x85\x92\xd5\xb9\x81\xcfq7F\x10\x09\x951\x8acB\
\xd3x\x0f\x8f\xe0>\xad\xce\xa2\xa6\x0b\x91\xd5K0\x89\
\xc7\xf1\x9dV\x9b\xb5zA\xb63\x98\xd6\xa5\x92\xee-\
\xe1c\xcca3\x06p\x03\xaf\xe2\xa2\xd0nl\x97J\
p\x1a/\xe1\x08\x9a\xba\xd4#?}nih\xb5\x05\
\xaf\xa0\x17u\xcc\xa2a\xc3\x86\x0dk\xf6\x1f\xaa\x86\xa7\
\xa7L\xbf>\xf2\x00\x00\x00\x00IEND\xaeB`\
\x82\
\x00\x00\x04\x94\
<\
svg width=\x2224\x22 h\
eight=\x2225\x22 viewB\
ox=\x220 0 24 25\x22 f\
ill=\x22none\x22 xmlns\
=\x22http://www.w3.\
org/2000/svg\x22>\x0a<\
path d=\x22M11.2464\
 6.12708C10.8322\
 6.12708 10.4964\
 6.46286 10.4964\
 6.87708V10.7502\
H6.6233C6.20909 \
10.7502 5.8733 1\
1.086 5.8733 11.\
5002C5.8733 11.9\
144 6.20909 12.2\
502 6.6233 12.25\
02H10.4964V16.12\
4C10.4964 16.538\
2 10.8322 16.874\
 11.2464 16.874C\
11.6607 16.874 1\
1.9964 16.5382 1\
1.9964 16.124V12\
.2502H15.8703C16\
.2845 12.2502 16\
.6203 11.9144 16\
.6203 11.5002C16\
.6203 11.086 16.\
2845 10.7502 15.\
8703 10.7502H11.\
9964V6.87708C11.\
9964 6.46286 11.\
6607 6.12708 11.\
2464 6.12708Z\x22 f\
ill=\x22#323544\x22/>\x0a\
<path fill-rule=\
\x22evenodd\x22 clip-r\
ule=\x22evenodd\x22 d=\
\x22M2 11.4989C2 6.\
39126 6.14154 2.\
25098 11.25 2.25\
098C16.3585 2.25\
098 20.5 6.39126\
 20.5 11.4989C20\
.5 13.7836 19.67\
14 15.8747 18.29\
83 17.4883L21.77\
91 20.9695C22.07\
2 21.2624 22.072\
 21.7372 21.7791\
 22.0301C21.4862\
 22.323 21.0113 \
22.323 20.7184 2\
2.0301L17.2372 1\
8.5486C15.6237 1\
9.9197 13.5334 2\
0.7469 11.25 20.\
7469C6.14154 20.\
7469 2 16.6066 2\
 11.4989ZM11.25 \
3.75098C6.96962 \
3.75098 3.5 7.22\
003 3.5 11.4989C\
3.5 15.7779 6.96\
962 19.2469 11.2\
5 19.2469C15.530\
4 19.2469 19 15.\
7779 19 11.4989C\
19 7.22003 15.53\
04 3.75098 11.25\
 3.75098Z\x22 fill=\
\x22#323544\x22/>\x0a</sv\
g>\x0a\
\x00\x00\x01\xf5\
\x89\
PNG\x0d\x0a\x1a\x0a\x00\x00\x00\x0dIHDR\x00\
\x00\x000\x00\x00\x000\x08\x06\x00\x00\x00W\x02\xf9\x87\
\x00\x00\x01\xbcIDATx\x01\xed\xc1\xa1N\x1ba\
\x00\x00\xe0\xaf\x7f\x9b\xaaK-\x04\x1aT\x15\x8a'\x00\
YD\xdd\xe0\x05\xc8\x04X\xd4x\x02pH\xc4\x1e\xa1\
\x9b\x02\x01\x02Q;\x83%\xa5\x92\x0aL\x0d\xe7\x99@\
\xb4w?kr\xe9Ar\xd9}\x9fZ\xadV\xab\xfd\
\xd7\x1a>\xd6\xc39\xf6\x91\xc8z\xc6\x09n\x94k\x80\
+te\xa5\xb8\xc5\x19&r\x9ab=<`\x07m\
\xb1\x0evq\xa9\x5c#l\x88\xb5\xb1\x8d#\x0c1\xb3\
 \x88] \xb1\x5cC\xf9\x1a\x96Kp!'\x88\xf5\
-7\xc5\xb1\xf2}\xc7\xd4r}9-\xb1DV\xc3\
\xd7\xb8AW\xec\xcd\x5c\x22'\xa8\xb8\xa0\xe2\x82\x8ak\
\x89\xbd`\xcd\xbb\xa9\x8f\xf5p\x8e}$V\x93\xe2\x16\
g\x98\x88\xbd`\xcd\xbb\xa9\x9c\xa6\xd8#\xf6\xf0\x8ac\
\x8ce\xf5\xf0\x80\x1d\xb4\xad\xae\x8dm\x1ca\x88\x99\xac\
G\xec\xe1\x15\xc7\x18[\xd0P\xdc/|\xf39~\xe3\
@\x01Aq}\x9f\xa7\xaf\xa0\x96\xe2\x12Y\x0d\xaby\
3\x97((\xa8\xb8\xa0\xe2\x82\x8a\x0b*.\xa8\xb8\xa0\
\xe2\x82\x8ak).Eb\xeeMyR\x05\x05\xc5\x8d\
|\x9e;\x055\xc5\x06\xb8\xc7)\x9e0\x96\xf5\x07G\
h+W\x8aC\xccd\x0dp\x8fS<alAS\
l\x84\x0dt\xb0\x8bKY3\x0c\xb1\x89-\xb4\xad&\
\xc55\x0e1\x11\x1ba\x03\x1d\xec\xe2\xd2\x82\x96\xd8\xba\
\xb9\xae\x8fMp\xe0k\xac\x9b\xeb\xca\x09*.\xa8\xb8\
\xa0\xe2Zb)\x12so\xb2\x9eq\x82\x1b\xe5\x1a\xe0\
\x0a]\xff\x96\xca\x09bw\x96\xeb\xe2J\xf9~\xa2k\
\xb9;9A\xec\x07R\xcb5\x94\xafa\xb9\x14?\xe4\
4\xc5f\x18b\x13[h\xcb\x9a\xe2\x18c\xe5z\xc4\
\x1e:\xb2R\x5c\xe3\x10\x13\xb5Z\xadV\xab-\xf8\x0b\
\x8byS{\xc5]\xe9i\x00\x00\x00\x00IEND\
\xaeB`\x82\
\x00\x00\x01w\
\x89\
PNG\x0d\x0a\x1a\x0a\x00\x00\x00\x0dIHDR\x00\
\x00\x000\x00\x00\x000\x08\x06\x00\x00\x00W\x02\xf9\x87\
\x00\x00\x01>IDATx\x01\xed\xc1!n\x14a\
\x18\x00\xd0\xb7_'\xab&\xd5\x0dLPU(N\x00\
\xb2\x88Z.@\x10\xed\x0d\xca\x09\xa8C\xae\xe0\x08\x95\
\xac\xa0\x92\x13`\x09\xa9\xec\x8a\x9a\xaa\xf1\x83l6\xed\
\xbf\x99\x9dlf\xf7K\xe6=\x93\xc9d\xb2W3\x9b\
\x9d\xe2\x1b>\xa2\xd6\xcf=.\xb1\xb4\xee\x1c\x0b4\xfa\
i\xf1\x0b_q\xa7\xe0H\xd9)\xfe\xe0\x1d\xe6\xfa;\
\xc6{|\xb7\xee7^\xe9o\x8e\xb7\xf8\x8c\x1b<z\
A(\xbbFm\x98\xc6s'\x86\xa9q\xad \x94\x9d\
9\x1cg\x0a*e\xb5u3\x9bu\xb63\xb3Y\xe7\
I\xad $\x17\x92\x0b\xc9\x85\xe4Br!\xb9\x90\x5c\
e\x7f:;\x10\x92\x0b\xe3y0\xdcJA\x18\xcf\x17\
\xaclo\x85\x0b\x05\x95\xf1,\xd1\xd8\xb1\x90\x5cH.\
$W\x19\xcf9\x16hl\xe7\x1e\x97XzA\x18\xcf\
\x0f4\xb6\xd7`\xa1 \x8c\xe7\xc4p\x8d\x82\x90\x5ce\
\x7ff6\xeb\xf4\x10\x92\x0b\xc9\x85\xe4Br!\xb9\x90\
\x5cH\xaeR\xd6\xa2\xf6\xa4\xb3[\x9d\xfeZ\x05\xa1\xec\
\xd6\xe1\xb8U\x10\xca\xae\xd0\x1af\xe5\xb9\x07\xc3\xb4\xb8\
Rp\xa4\xec\x117x\x8d7\x98\xebg\x85\x0b\xfc\xb3\
\xee/>\xe0X?-~\xe2\x13\xeeL&\x93\xc9A\
\xfa\x0fPf.9\xd1\xf3s\xf5\x00\x00\x00\x00IE\
ND\xaeB`\x82\
\x00\x00\x02\x03\
\x89\
PNG\x0d\x0a\x1a\x0a\x00\x00\x00\x0dIHDR\x00\
\x00\x000\x00\x00\x000\x08\x06\x00\x00\x00W\x02\xf9\x87\
\x00\x00\x01\xcaIDATx\x01\xed\xc11n\xd3P\
\x00\x00\xd0\xe7\x9f\xafN>@%$\xa6\x5c\xa0\x07`\
N\x07\x06\xd4z\xf1\x84`C\xe2\x00t\xec\xd4\xdc\xa0\
\x03\x07\xf0P#u`h/A\x07\xa4\x96!be\
\x83\x81\x8cF!R\x90\xdc\xc4\xa1\xd4@\x93X\xca{\
\xb6\xb6\xb6\xb6\xd6*\xb1\x5c\x1f'\xd8G\xeaa\x8dq\
\x81#\x8c\xb4\x94h\xea\xe3\x0a\xa9\xd5\x1ac\x0f#-\
\x04MC\xa4V/\xc5PKA\xd3\xc0\xfa\x0c\xb4\x14\
5\xa5\xe6%\x1e\xd6D-\xd5R\xd0qA\xc7\x05\x1d\
\x17\xfd\x9d>N\xb0\x8f\xd4\xff51o\x8c\x0b\x1ca\
dA\xd4^\x1fWH\xadF\x8a\x0c\xfb\xd8\xc3\xc8-\
A{C\xa4V/\xc5\xd0\x82\xa0\xbd\x81\xf5\x19X\x10\
\xb5\x97\x9a\x97xX\x13\xb5\xd4\x82\xa0\xe3\x82\x8e\x0b:\
.\xe8\xb8\xa0\xe3\x82\x8e\x0b:.\xda|\x89;\x04\x1d\
\x17t\x5c\xd0qQ\xd3\x18\xa9\xda\xc4\x06\x8b\x9a.q\
h3=\xc3\xa9\x99\x17\xb8\x08\x9a\xde`l\xf3d8\
\xc3.vqj*h\x1aa\x0f\xef0\xb6\x192\x14\
\x88j\x89\xa9h\xb9\x112\xcbM\xacV\x86\x02Q\xad\
\xc2kS\xc1f\xcbP \xaaU\xc8\xf1\xdeT\xb0\xb9\
2\x14\x88j\x15r\x94~\x89\xd6\xe3)\xde\x9ay\x85\
s\xf32\x14\x88j\x15r\x94nI\xb4\xf7\x1d\xa9\xfb\
K4}\xc1\xae\x99\x0a9J3\x19\x0aD\xb5\x0a9\
J\x0b\xa2\xf6.q\xe8\xdf\xfcP\x8b(\xd4\x0aD\xb5\
\x0a9JK\xf4\xb4\xf7\x01/\xb1\xe3~\x8e5}F\
\x86`&\xe0\x00\x19\xa2Z\x85\x1c\xa5\xdf\xe8i\xef+\
\xce\xf0\x08\x8f\xb1\xe3n\xc7\x9a>\xe1\x06\x07\x08f\x02\
\x82Z\x85\x1c\xa5;$\xd6+C\x81h^\x85\x1c\xa5\
?\xe8Y\xafk\xdc\xe0\x00\xc1L\x85\x1c\xa5{\xe8Y\
\xbfk|\xc4\x13|\xc3s\x9c\xdb\xdaZ\x8d\x9f\xeb\x9a\
S{\xb9\x165\xb8\x00\x00\x00\x00IEND\xaeB\
`\x82\
\x00\x00[E\
\x89\
PNG\x0d\x0a\x1a\x0a\x00\x00\x00\x0dIHDR\x00\
\x00\x02\x00\x00\x00\x02\x00\x08\x06\x00\x00\x00\xf4x\xd4\xfa\
\x00\x00\x00\x04sBIT\x08\x08\x08\x08|\x08d\x88\
\x00\x00\x00\x09pHYs\x00\x00\x0e\xc4\x00\x00\x0e\xc4\
\x01\x95+\x0e\x1b\x00\x00\x00\x19tEXtSof\
tware\x00www.inksca\
pe.org\x9b\xee<\x1a\x00\x00 \x00ID\
ATx\x9c\xec\x9dw\x98\x9eU\xf1\xbf\xef\xddd\x93\
\xdd\x90\x9e\x90b\x80\x00\xa1K\x17\x11\x01E\x04\x09J\
,4\x15\x04\xc4/*\xa0\xa0\xd2\x04\x1b\x0a\x8abC\
\xe9M)\x82\x88\x02JQ t\xe9E:\xa1\x84\x12\
BB\x12Jz\x02\xa9\xbb\xbf?f\xf7\x97%l\x92\
\xddw\xe6\xcc\xd3\xe6\xbe\xae\xb9\xc0\xf2\xbe\xfb\x99s\xce\
\xfb\x9c\xf3\x9c3g\x06\x82 \x08\x82 \x08\x82 \x08\
\x82 \x08\x82 \x08\x82 \x08\x82 \x08\x82 \x08\x82\
 \x08\x82 \x08\x82 \x08\x82 \x08\x82 \x08\x82 \
\x08\x82 \x08\x82 \x08\x82 \x08\x82 \x08\x82 \x08\
\x82 \x08\x82 \x08\x82 \x08\x82 \x08\x82 \x08\x82\
 \x08\x82 \x08\x82 \x08\x82 \x08\x82 \x08\x82 \
\x08\x82 \x08\x82 \x08\x82 \x08\x82 \x08\x82 \x08\
\x82 \x08\x82 \x08\x82 \x08\x82 \x08\x82 \x08\x82\
 \x08\x82 \x08\x82 \x08\x82 \x08\x82 \x08\x82 \
\x08\x82 \x08\x82 \x08\x82 \x08\x82 \x08\x82 \x08\
\x82 \x08\x82 \x08\x82 \x08\x82 \x08\x82 \x08\x82\
 \x08\x82 \x08\x82 \x08\x82 \x08\x82 \x08\x82 \
\x08\x82 \x08\x82`\xd5\xd4e- \x08\x82 \x08J\
\xc6\xda\xc0V\xc0\x07\x815\x81\x11\xc00\xa0\x17\xd0\x13\
X\x0a\xbc\x09L\x05&\x02\x0f\x02\xf7\x03S2\xd0\x1a\
\x04A\x10\x04A\x0d\xd4\x01[\x00G\x03\xff\x06\xa6\x03\
-5\xdac\xc0\xb7\x80~\xae\x1e\x04A\x10\x04A\xd0\
)\x1a\x80\xdd\x80\x0b\x807\xa8}\xc2_\x91\xcdF\x16\
\x14\x0d^\x0e\x05A\x10\x04A\xb0b\xb6G&}\xcd\
[~W\xec\x19`c\x17\xcf\x82 \x08\x82 x\x0f\
C\x80\xe3\x80\xe7\xf0\x99\xf4\x97\xb7\x99\xc0\xae\xc9\xbd\x0c\
\x82 \x08\x82\x00\x90s\xfd\x8b\x80w\xc9f\xe2oo\
\x8b\x80]\xd2\xba\x1b\x04A\x10\x04\xd5fw\xe0N\xb2\
\x9f\xf4\x97\xb7\x19\xc0\x06\x09\xfd\x0e\x82 \x08\x82J\xb2\
;\xf0\x00\xd9O\xf4+\xb3\xa7\x81\xee\xa9\x1a \x08\x82\
 \x08\xaa\xc4\x8e\xc0]d?\xb9w\xd6\x8eL\xd2\x0a\
A\x10\x04AP\x11>M\xfe\xdf\xf8;\xb2\xe9@\xff\
\x04\xed\x11\x04A\x10\x04\xa5f'$\xf3^\xd6\x13\xb9\
\xc6\x0e5o\x95 \x08\x82 ()k\x02\x7f\x01\x9a\
\xc9~\x02\xd7\xda\xbd\xc6m\x13\x04A\x10\x04\xa5\xa37\
p\x0a\xf9\xb8\xcege\xcdH}\x81 \x08\x82 \x08\
\x96\xa3\x0e\xd8\x17)\xb6\x93\xf5\x84\x9d\xc2\xbe\xa0m\xa0\
z\xed\x17\x04A\x10\x04A\xce\xf80\xb2M\xfe\x0f`\
\xad\x8c\xb5\xa4\xe2C\xda/\x88\xfb\x84A\x10\x04AY\
\x18\x0c\xfc\x1e8\x90|\x95\xbb\x9f\x86\xe4\xf5\x9f\x89\x14\
\xf8\xd9\x14XO\xf9\x9d\x9bhE\xc5\x02 \x08l\x19\
\x08\x0cE\xf2\x87\x0f\x05\x06 Wv\xda\xac_\xeb?\
{!g\x93u,\xbb\xd2\xd3\x17\xe8\xb6\x8a\xef_\x0a\
\xcci\xfd\xf7\xd9\xc8Y\xe0;\xad\xff>\xa7\xf5\x9f\xb3\
\x81Y\xad6\x1d\xa9V\xf6\x16R{|\xb6\xd2\xbf \
\xc8+\x07\x00\xa7\x01\xabg-\x04x\x05)\x0d|#\
\xf0\x08\x92\xc5oy\xbe\x0d\x9c\xa5\xf8\x1b\x03\x14\x9f\x05\
\xf2\xb5B\x0a\x82\xbc3\x10\x18\xd9\xce\xd6i\xfd\xe7\x08\
`8\xf2\xe0\xe9\x99\x99\xba\xce\xb1\x10x\x13\x98\x02L\
\x02^C\xceH'\xb6\xfb\xf7\x8e\x1eVA\x90W\xd6\
\x01\xce\x05Fg\xacc\x02p\x09p5\xf0l'?\
\xf3\x120\xaa\xc6\xbf\xf7\x04\xb0U\x8d\x9f\x05b\x07 \
\x08\x96\xa7\x17\x92o\xbb\xcd6\x026l\xfd\xf7\xbe\x19\
\xea\xb2\xa2'r\x1djM\xe0#+\xf8\xff\xcc\x00\xc6\
\xb7\xda\x0b\xc0\x8b\xed\xfe}\x81\x83\xc6 \xe8\x0c\xdd\x81\
\xef\x02'\x01\xabe\xa4a\x01\xf0/\xa4h\xd0\x1d\xc8\
\x8e\x5cWx\x86\xda\x17\x00\xbdj\xfc\xdc\xff'\x16\x00\
A\x95Y\x1b\xd8\x1c\xa9\xfa\xb5\x05\xb0%\xb0.\xb13\
6\x10\xd8\xae\xd5\xda\xb3\x14Y\x0c<\x05<\x89\xe4%\
\x7f\x1ax\xd5S\x5c\x10 o\xbe\x17b\x10\x08W#\
o\x00g\x00\xe7\xa1\xdb1[\xa8\xf8\xec|\xc5g\x83\
\xa0R\x0cG\xae\xcd\xfc\x0aY\xa9\xcf$\xfbk<e\
\xb1\x99\xc0X\xe0\xe7\xc0g\x81a\x9d\xec\x93 \xe8*\
M\xc0o\x80\xc5d3\xd6_D\xb2\xf05\x1a\xf9s\
\xbbB\xcb=F\x1a\x82\xa0Tt\x07\xb6\x05\x8eA\xae\
\x01\xbdF\xf6\x93d\xd5lbk\xdb\x7f\x07y[[\
Upc\x10\xac\x8a\xad\x81qd3\x9e\x1f\x03\xf6\xc1\
\xfe\xea\xfc4\x85\xa6\xff\x18k\x09\x82B\xd2\x1d\xd9\xae\
>\x1e\x89\xba\x9dC\xf6\x13`\xd8{m\x16\x12\x15}\
<\xb0=q\xfc\x18t\x9e\xee\xc0\x8f\x81E\xf8\x8f\xdb\
\xe7\x91dB)\x8e\x05\x07+\xb5\x9d\x9d@S\x10\x14\
\x82\x0d\x90\xb7\xcb\xff\x00s\xc9~\x82\x0b\xeb\x9a\xcd\x01\
\xae\x05\xbe\x85\xfe>tP^\xd6'\x9b\x8a}\x13\x81\
\xff#\xedBuw\xa5\xc6\xa3\x12j\x0b\x82\x5c\xd1\x07\
9\xc3?\x17\xb9c\x9b\xf5\x04\x16fk\xaf \x01U\
\x9f\xc7 \xba9(<u\xc0a\xc0<|\xc7\xe1\x9b\
\xc8\xcd\x02\x8f\xeb\xbcg(\xb5~\xd6Ac\x10d\xc6\
p$\xe0\xe6f$Z6\xebI*\xcc\xc7\xde\x01\xae\
\x07\xbeN\x04\x14V\x91\xe1\xc8Q\x9e\xe7\x98[\x84d\
\x10\xec\xe7\xe0_\x1b\xda\x17\x99\xb5\x1d\xb5\x06\x81\x0b\x1b\
 \xe7\xc4\x0f \xd7\xce\xb2\x9e\x8c\xc2\xb2\xb5\xa5\xc8X\
8\x1eI\xf8\x12\x94\x9b\xbd\x81\xb7\xf1\x1dc7!\xf9\
><\xf9\xa0R\xf3\x14g\xbdA\x90\x8c\xb5\x91\x07\xfc\
\x13d?\xe1\x84\xe5\xdb\x1e\x02\x8eF\x12\x19\x05\xe5\xa1\
\x099\xde\xf3\x1cK/\x92\xdd6\xfa\x89\x9d\xd4\xb8\x22\
\xbb\xc6_r\x10\xd81\x0c8\x12\xb8\x1f\xc9\x9e\x95\xf5\
\xc4\x12V,kF\xaa\xbd\x1d\x01\x0c\x22(2\x1b#\
\x89\xa5\xbc\xc6\xce\x5c\xe4\x85#\xab\xb4\xdd\xf5H\xda`\
\x8d\x0f\xc7\xb8\xab\x0e\x02%=\x91+57\x01K\xc8\
~\x12\x09+\x87-\x04\xfe\x89\x04\x106\x10\x14\x89\x83\
\xf1\x0d\xf4\xbb\x81\xec\xcb\x03\xef\x86\xde\x8fM\xddU\x07\
A\x8dl\x09\x9c\x8e\xff\xd9^X\xf5\xecMd\xacm\
I\x90gz\x03\x97\xe17.\xa6 /\x1fy\xe0\xef\
\xe8|\x99\xe0/9\x08\xbaF\x1f\xe0p$\x83V\xd6\
\x93BX5\xedA\xe4\x0d\xb3\x89 Ol\x85\x14\x96\
\xf2\x18\x03\xcd\xc0\xf9,+\xb9\x9d5\x83\x91\x02B\x1a\
\x9f\xce\xb4\x12S\xf5\xa2'\x81=\x9b \xc9]\x0e\xa4\
\x1c\xd5\xf3\xba\xcat$\xbdg\x9b\xcd\xec\xc0\xe6!\x99\
\xf1\x96 \xe7\x91\x8bXV\xd8c6\x1dW\x14\xabg\
\xd9\x15\xa5\x06\xe4\x0d\xaa\xed\xbf\xeb\xd7\xfa\x9f\xfb\xb4\xfe\
s\x10\xf2\xa0\x19\x8c\x94(\x1e\xda\xfa\xcf!@\x0f+\
G\x0b\xc4L\xe0Rd\x22x>c-U\xe7\x08\xe0\
\xb7\xd8\xe5\xd2_\x19\xcf\x01\xdfDbE\xf2\xc2O\x80\
\x93\x95\xdf\xb1\x1bp\xab\x81\x96X\x00\x04&4 I\
z\x0e\x07v\xceXKJ\x16!u\x05&\xb4\xb3W\
\x91\xaca\xaf#\x15\xc24\xd5\xbdRS\x87\x04_\xae\
\x01\x8c@\xceB\xd7\x04F\x22\x19\xd7\xd6C\x16\x10e\
\xa5\x05\xb8\x13\xf8#\x92A\xb2\xab\xa5[\x83\xda\xe9\x03\
\xfc\x19\x9fm\xf8\xc5\xc0/\x91\xc2_y\xfa=6!\
\xcf\x8b!\x8a\xef\x98\x86\xfcf\x97X\x08\x0a\x02\x0d}\
\x91+Y\x13\xc9~\xbb\xd7\xd2f\x00\xf7\x01\x7f\x02\x8e\
\x03\xc6 \x93c\x15\x0a\xda|\x00\xd8\x098\x04yS\
\x1b\x0bL&\xfb>\xb1\xb6\xf1\xc8NUVu\xe4\xab\
\xc4F\xc0\xb3\xf8\xf4\xeb8\xb2+\x11\xbc*\xbe\x85\xde\
\xbf?\xb8\xab\x0e\x82\xe5X\x03)\xc99\x8b\xec\x1f\xe4\
Z{\x15\xf8\x17\xf0S$\x8a<\xeb\x08\xe1\xbc2\x10\
\xf88\xf2\x10\xfb\x13rm+\xab\x92\xac\x966\x038\
\x15\xd9\x11\x09\xec\xd9\x1b\x9f\xe2\x5cK\x81\xdf\xe1s\xb4\
P\x0b\xdd\x80\x97\xd0\xfb\xb9\x8d\xb7\xf0 hcS\xe0\
/dS\x95\xcb\xc2f\x03\xb7 gp\x9f!\xee\x8f\
k\xe9\x05\xec\x80\xe4N\xbf\x9cb\xd7hX\x08\x5c\x08\
\x8c2m\xa1\xea\xd2\x1dyI\xf0\xc8\xf1\xf12\xf01\
\x1f\xb7j\xe6\x8b\xe8\xfd\x1c\xe7\xae:\x08\x90\xa8\xddk\
(^j\xde)\xc0_\x91@\xa0M\xb1\xaf\xe5\x1d\xbc\
\x9f\x11\xc0\x97\x90H\xe5\xc7)^\xbe\x87%\xc8\x98\x89\
{\xd6\xb53\x04\xb8\x83\xf4}\xd5\x8c\x14\x90\xca{\xdc\
J=\xf2[\xd0\xfa{\xa4\xb7\xf0\xa0\xdal\x8b$\xce\
(J\xa6\xbe\xb7\x80\xab\x90m\xea\x8d\x13\xb4G\xd0u\
\xfa\x03{\x22\xb5\xcb\xbd\xae~YM.\xd7\x92\xdf\xf3\
\xe4\xbc\xf2\x11`\x12\xe9\xfb\xe7u\xa4\x9cn\x11\xf82\
z\x7f\xe7\xe2[\xa8(\xa80\xdb\x22\x15\xf8\xb2~\x08\
\xaf\xca\x96 \x85b~\xda\xaa9\xde\xf0\xf3\xcfZH\
\x9d\xf5\xbfS\x8c\x18\x92fd\xf7+v\x04V\xcda\
\xe8\xef\xb8w\xc6\xae\xa38\xc7w\xdd\x91\x80S\xad\xcf\
\xe7{\x0b\x0f\xaa\xc7&\xc8\xc3.\xcfo\xfc\xb3\x90-\
\xda\xfd\x90{\xeeAqi\x00vA\x22\x9b_$\xfb\
\xb1\xb52[\x8a\x8c\xbb\x0d\x92\xb4D\xb1\xe9\x81LP\
\xa9\xfb`\x01\xb2\x0d^\xa4\xeb\xeb\xdf\xc0\xc6\xf7\xcd\xbd\
\x85\x07\xd5a$p1\xf9=\xaf}\x03y\xc0\xecN\
5\x13\xd9T\x85\x8d\x80\x1f\x92\xef\xec\x91\x8b\x91\xfb\xec\
Q\x8dPX\x1d\xf8/\xe9\xdb\xfdy\x8a\x97\xde\xb9\x11\
\x9b\xe3\x90\xb1\xde\xc2\x83j0\x08I\x8a\xe2\xb1mW\
\xcb\xa4\x7f\x06\x12\xdd[\x85\xfb\xf7\xc1{Y\x0f\xf8\x01\
\xf0(\xd9\x8f\xc5\x8e\xec\x1d\xe0\x14\xaa\x99\xed\xb2\x8d-\
\x90k\xb4\xa9\xdb\xfab\xf2\x1f\xe8\xd7\x11\xc7`\xe3\xff\
'\xbd\x85\x07\xe5\xa6\x07p\x14r\x07:\xeb\x07i{\
\x9b\x83\xa4l\x1d\x8d\x9c\x9d\x05\x01\xc8b\xe0g\xd8\xdc\
\xa3\xb6\xb67\x90\x0c\x98U\x1b\xaf{\x93\xbe\x8a\xdf\x1c\
\xe0+^\x0e\x19\xd3\x1f\x09J\xd6\xb6\xc1#\xde\xc2\x83\
r\xb3'6A)V\xb6\x04\xb8\x11\xb9'\x1bE[\
\x82\x95Q\x87\xe4\x1d8\x8f\xfc-^\x9fC2F\x96\
\x9d:d1\x96:N\xe8\x11d\xe1WT\xfe\x88M\
;\xec\xe3-<('[\x22y\xd0\xb3~P\xb6\xd9\
+Ha\x8c8K\x0dj\xa1'\xb2h\xbc\x8d|\x05\
\xad\xfe\x07\xa9\xabPFz#A\xc2\xa9\xdb\xf0\x0c\x8a\
\x1d\xeb\xb316\xc9\xd2\x9e&n6\x05J\xfa!\xf5\
\xd1\xf3\x10\xe0\xb7\x08\xb9\xfe\xb5+1\xb0\x03;\xd6\x03\
~\x8dl\xc7g=\xc6[\x90\x98\x9aS(W\x9d\x81\
\xb5\x91\xf4\xcf)\xdbm\x1e\xc5\xdd\xf2o\xcfXl\xda\
c/o\xe1A\xb9\xd8\x1f\xc9\x86\x97\xf5\x03q\x0a\xb2\
m8<\xa9\xb7A\xd5\xe9\x81\xec\x0a\xdcC\xf6c\xbe\
\x05\xa9\x1c\xe9Q\xfd.5\xdb\x22U\xe8R\xb6\xd5x\
`3/\x87\x12\xf29l\xda\xe31\x8au\xdd1\xc8\
\x11\x1b\xe3\x93\x8asUv\x0f\x92\x16\xb6!\xad\xbbA\
\xf0>>\x84\xd4\xadXH\xf6\xbf\x83\x9b\x81u\xd2\xba\
\x9b\x8c\xbd\x91\x1b\x0f)\xdb\xe7:\xca\x91\xe5\xae'v\
\xf9,>\xeb\xac=(\x01=\x90\xacxY>\xf4\x96\
 \xdb\xfcQ\xb5*\xc8\x03\xc3\x90\xdd\xa7\xac\x8f\x07\xe6\
#\xd7\xc2\x8at[\xe0\xfb\xa4\xad\xff\xb1\x04\xc9\xfbP\
\x967\xdd\xe3\xb1i\x97{\xbd\x85\x07\xc5\xe7#H\xd0\
H\x96\x0f\xb8\xb3\x80uS;\x1a\x045\xd0\x04\x1c\x81\
\xcf\xbd\xf5\x95\xd9\xff\x90\xe2Zy\xa6\x01\xb8\x80\xb4\xed\
\xf0\x16\xf0)/\x87\x1cX\x0b\x9b\xb2\xc7\xcd\xc0\xf6\xce\
\xda\x83\x02\xb3\x1a\x92J5\xab \xbf\x99\xc0IDZ\
\xde\xa0\x184\x00\x07\x02\xcf\x90\xdd\x22`1\x12\xb4\x98\
\xc7\xda\xf5\xfd\x90\x92\xd9)\xfd\x7f\x18\x990\xcb\xc4\x0d\
\xd8\xb4\xcd\xd5\xde\xc2\x83\xe2\xb23R\x0b;\x8b\x87\xd8\
\x0c\xe0D\xcaqv\x17T\x8f:\xe0\x0b\xd8\x94i\xad\
\xd5\xc6\x91\xaf\xa3\xb2\xb5I\xbf0\xba\x089+/\x13\
_\xc4\xa6m\x16Q\xde+\xa4\x81!\x8d\xc0i\xa4=\
\x9f[\x91\xbd\x0d\xfc\x88j\xa7@\x0d\xcaC\x1dr\xdd\
\xea)\xb2Y\x04,\x06N&\xfb@\xd9\xd4\x91\xfeK\
\x80\xa3\xdd\xbc\xf1c\x000\x15\x9b6:\xddY{P\
@\xb6\x22\x9b\xed\xcb9H0U\x9f\xe4\x1e\x06\x81?\
\xf5\xc8\x9b\xdc8\xb2Y\x08<Fv\xd7\xe0\xc6\x906\
\xad\xef,\xa4\x90W\x19\xb9\x10\x9b6\x9aF\xec\xa6\x06\
+\xa1\x1b\x121k\x91a\xaa+\xb6\x10\xc9\xcc5$\
\xbd\x8bA\x909\xf5\xc0\xd7\xb0\xa9\xe2\xd6U[\x80\xbc\
%{F\xc5\x7f\x1d\xd9\x85H\xe5\xd3x\xa4\xcac\x19\
\xd9\x09\xbb,\x94\x07:k\x0f\x0a\xc4Z\xc8\xd5\x10\xcf\
\x87\xd1R\xe0r\x8a{\x7f\xb9\x0c\x0cD\x0a#\x9d\x80\
\x94C\xbe\x15\xc99?\x85\xf7\xde\xcd\x9e\x8d\xbcA<\
\x8d\xa4\xc6\xbd\x00)\xf64\xba\xf5;\x82\xae\xd3\x84\xb4\
\xfb,\xfc\x17\x027\x01C\xd3\xbb\xc8\xcf\x12\xfbq+\
\xe5\x1d\x7f\x8dH\x89b\x8bv\xba\x9b\xf2\x5c\x85\x0c\x8c\
\xd9\x13\xff\xc2'w#\x89T\x02_\x9a\x80\xcf\x00g\
\x03/`\xd3\x97\xcd\xc8\x91\xd1\xb9\xad\xdf]\xb6\x00\xac\
\xd4\x0cF\x0a\xbbx\xe7\xd6\x98\x86,\xe0R\xd0\x1d\xf8\
Sb\xfdgR\xac\x9c\x07]\xe5\x14l\xdai1\xe5\
\xc8\x80\x18\x18\xd3\x88\xdc\xab\xf7|\xe8L\xa0\x1c\xa9K\
\x8bD=R\xef\xfbR`.\xe9\xfbx\x0e\xb2\xb3\xb3\
3\xf1\xd6\xd1\x156@\x0a\xfdx\xfe\x1e\x9b\x81\xdfa\
[\x18g5\xe0\xdf\x095/\x02\x0e5\xd4\x9bG\xb6\
\xc5\xee\xd8\xe44g\xedA\x01\xd8\x08x\x02\xbf\x07\xcd\
\x5c$\xbe \x8f\xf7\x92\xcbJ\x13RG\xde*uh\
-6\x1e8\x92(\xc3\xdc\x15\xc6\xe0_N\xfb!l\
\xee\xcd\x0fi\xfd\xaeT:\xdf\x02>a\xa03\xcf4\
!\xc7p\x16\xed5\x85\xb8M\x15,\xc7\xbe\xf8\xbc\x09\
\xb6\xd9\xd5\xc0\x1a.\x9e\x05 \x8b\xac\xe3\x807\xc9n\
\xe2_\xde\xa6\x01\xc7\x12\x0b\xc0\xce\xd2\x03I\xfb\xea\xf9\
;}\x1b]$\xfd\xba\xa4]l>\x0f\x8cR\xe8+\
\x0a\x7f\xc4\xae\xcd\xf6w\xd6\x1e\xe4\x98\xee\xc8v\x9fW\
m\xf3\x97\x81O\xbbx\x16\xb4\xb1\x1f\xd9\xa7\xa2]\x99\
\xbdB\x94 \xed\x0ak\x00\xff\xc2\xaf\x7f\x96\x22\x81{\
]-\xa5\xbd9i\xab\x82\xde\x0b\x0c\xea\xa2\xa6\x22\xb2\
3v\xb9W\xee \x8e\xe0\x82V\x86\x00w\xe2\xf3\x10\
Y\x00\xfc\x9c\xd8\xf6\xf5d-$\xb2;\xeb\x09\xbe\xb3\
v\x130\x22IK\x94\x93/\xe0{m\xf0f:?\
\xe1nO\xda \xe2\x7fP\x8d\x9d\xa3\xbe\xd8-\xde\x17\
 \x15[\x83\x80\xed\xf0{x\xdcO\x0c<o\x0e\xc2\
\xa6H\x88\xb7\xcd \xb6(\xbbB\x1f$\x93\x9bWM\
\x8e\x09\xc8\x9b\xfd\xca\xf84R\xa4+\x95\x86\xdf\xd3\xf5\
\xdd\x88\xa2\xf2g\xec\xda\xed\x04g\xedAN\xf9*\xb2\
\x1aL\xfd\xb0\x98\x0f|\x8f\xea\xfcX\xf3@#\xe9+\
\xaay\xd8\xd9\xd8F\xa1\x97\x9d\x8f\x00\xcf\xe2\xd37s\
Y\xf1\x91\xcd~\xa4K\x1a\xb6\x04\x09\x1e\xad\x0ac\xb0\
k\xbb\x87(\xf7\xf5\xc8\xa0\x13\xd4\x03\xbf\xc1\xe7!q\
\x07Q\xa2\xd7\x9b\xd4\xd1\xd6\xdev\x0f\x91\x09\xb2+4\
\x22\xd5\xfe<v\x03\x9a\x81\x9f\xf0\xde\xf3\xe4o\x91\xae\
N\xc8|\xe4\xc8\xa3*\xac\x8e]\xae\xff\x05\xc0&\xbe\
\xf2\x83\xbc\xd1\x07\xb8\x9e\xf4\x0f\x86y\xc85\xb3\x084\
\xf1e=\xb2\xbd\xda\x97\xca^\x00F\x1a\xb6S\x15\xd8\
\x0e\xbb+c\xab\xb2\x7f\x00\xbd\x90\xc5@\xaa\xbf\xf1&\
\xb2\xc3Q\x15\xea\xb0\xcd\xfd\x10[\xff\x15gm|\xaa\
\x8e=\x84$.\x09|\xd9\x88\xb4\x15\xd5\xb2\xb6I\x94\
7\xaf{*\x9a\x90\xb3r\x8f\xdb=Vo\xaa\x1d\xd9\
x\xaaq\xcd\xaf=Gc\xfbL\x8e\xad\xff\x0a\xf3a\
\xe0\x0d\xd2>\x00\x16\x03'\x11\x03-\x0bF\x01\x93\xc9\
~\x92Nm\x93\x88\x9d\x80Z\xf8\x14i\xaf\xe2\xa5\xb4\
\xfb\x90\x94\xc8Ub\x1b\xec\xd2?\xc7\xd6\x7f\xc5\xd9\x83\
\xb4\xe56[\x80\x97\x90-\xc7\xc0\x9f!HTv\xd6\
\x0fj/{\x81\x88\x09\xa8\x85\xc1\xc0ud\xdf\x7f]\
\xb1\x1b\xa8\xde\x95\xe1>\xd8\x1e\xe3\xc5\xd6\x7f\x859\x98\
\xf4%|\xaf\x01\xfa;\xf9\x13\xbc\x97\x1e\xc0]d\xff\
\xa0\xf6\xb6\xfb\x89\xdb\x01\xb5r\x10\xe9_\x08,\xec\xaf\
@C\xa26\xc83\x97a\xd7\x86\x8fR\xcd6\xac<\
u\xc8v|\xca\x1f\xe8;\xc07\xbd\x1c\x0a:\xe4\x22\
\xb2\x7fPge\xe7\x18\xb4_U\xd9\x14\xbf\x00\xc1Z\
\xect\xaa\x19@|0\xb6\xcf\xe7\xd8\xfa\xaf \xddH\
_n\xf3Y\xa2\x8cd\xd6\xec\x87\xcf\xc3x\x1ap%\
\x92\xcba4\x12\xe09\x00y\x03oBR\xd2n\x01\
\xec\x06\xfc\x00\xd9\xb6}\xdbI[$\x0b\xaa\x9d\xde\xc0\
\x15d?\xd9/o'\xa6t:\xc7l\x88m}\x87\
\xc3}\xe5\x07y\xa0\x07p\x15i\x7f\xa0\x7fE\xcaz\
\x06\xd91\x12\x98E\xba>\x9e\x8e\x94\x83\xde\x96\xda\xde\
\xc4\xea\x80\x1d\x81\x8bI\xbb\xdd<\x83H\x1b\xac\xe5p\
|\x12\x82\xad\xca\x96\x229\x04\xaaHO\xe0q\xec\xda\
\xf2Z\xaa\xb9\x83Riz!y\xbaS\xfd@\x17#\
o\x81A\xf6\xdcH\x9a>~\x1d8\x0a\xdb\x05^_\
d\xdcLO\xa4\xf9FC\xadU\xe5Cd\x1bH\xba\
\x08\xd9\xd1\xaa*\xe7a\xfb\x1b\xae\xda\xad\x89\xca\xd3\x1f\
\xa9\x8a\x95\xea\x07\xfa\x16\xb0\x8b\x9b7\xc1\xca\xd8\x17\xfb\
\xfe]\x8c\x9c\xbb\xf6I\xa8{\x00p*v\xd7\x9b\xda\
[T\x11\xd43\x10\xb8\x15\xff\xc9\x7f>\xd5\xae\x0cz\
\x00vm\xb9\x14\xd8\xd5W~\x905C\xb0\xdd>Z\
\xde\x1eD\xcey\x83\xeci\xc2\xbex\xd3x`+G\
\x1f\xb6\xc1\xbe,\xf1\xcbT\xa3*\x5cj\xba#\x0bA\
\xaf\xc9\x7f\x06R1\xb0\xaal\x89\x04\xebY\xb5\xe7\xaf\
}\xe5\x07Y3\x04x\x86t?\xd0\xcb\x88\x07k\x9e\
\xb0\xcc\x0e\xd6\x82\x9c\x15\xf6u\xf5@\x18\x04\x8c\xadA\
\xef\xca\xec\x18W\x0f\xca\xcd\xff\x91>.`\x0a\xab\xae\
(Xf\x06 \x0bW\xab\xf6|\x84\xb8\xf2W)\x86\
\x92n\xf2o\x06~D\x04\x92\xe4\x89\xdeH>t\xab\
>\xbe\x10\xb91\x92\x15\xf5\xd8\x969\x9dJ,V-\
\xd9\x83t\x93\xff\xcbT\xbbHX=r[\xc6\xaa=\
\xe7\x02\xeb\xbbz\x10d\xcaP`\x1ci~\x9c\xf3\x81\
\xbd\xfd\x5c\x09:\xc9\x91\xd8N\xfeyX\xdcu\xc3\xf6\
*\xda\xb7}\xe5\x97\x96\xfe\xc0\xffH\xf3|y\x818\
R\xb4.\x9at\xb0\xab\xfa S\x86\x91\xae\xe6\xf7d\
$\x228\xc8\x17\xf5\xc8Y\xbdE\x1f_K\xb6o\xfe\
\xcb\xd3\x1d\xbb\x14\xb5\xcf\x93\x8f\x85M\x91\xe9\x83dZ\
L\xf1|y\x16\x18\xee\xe7J.\x19\x8dm\xb9\xe4\xbf\
\xf9\xca\x0f\xb2du\xd2\xbd\xf9\x8f\x03\xd6\xf2s%\xe8\
\x02\xbbc\xd3\xc7\xe3\xc9\xe6\xcc\x7fU\xf4\x07&b\xe3\
\xe3N\xce\xda\xcbD/\xe0\xbf\xa4y\xbe<E\xd4p\
\x18\x89m\x92\xac\xe7I{s'\xc8\x11\xfd\x81\xc7H\
\xf3\xe3\xbc\x17\xb9\x06\x14\xe4\x13\x8b\xfc\xe0\x8b\xf0\x8d\xf6\
\xef*\x1f\xc7\xe6\xcd\xe82o\xe1%\xa1\x91t\xd7\x00\
\x1f#\xee\xa67\x22\x81zVm:\x0fI\xe9\x1cT\
\x80\xd5\x90\xb2\x98)~\x9c\xff\xa2z\x15\xb7\x8aD\x13\
0\x07}?\xff\xc6[x\x0d\xfc\x16\xbd\x9f\xb3\x88B\
A]\xa5\x07\xe9\x92K=\x82D\xbcW\x9d\x8b\xb1m\
\xd7\x03}\xe5\x07Y\x91re~.\xf9:\x0f\x0e\xde\
\xcf\xe7\xd1\xf7\xf3\xeb\xc8-\x82\xbc\xd3\x1f\x98\x89\xde\xdf\
\xdd\xbd\x85\x17\x98\x06$.$\xc5\xf3\xe5\x01\xa0\x9f\x9f\
+\xb9\xe5\x18l\xdb\xf5|_\xf9AV4\x90\xae\x86\
\xf7\xaf\x1c\xfd\x08j\xe7,\xf4}}\x94\xbb\xea\xda9\
\x11\xbd\xbfg\xbb\xab.&\xdd\x80\xbf\x93\xe6\xf9r7\
q>\x0d\xf0\x19`\x09v\xed\xfa(q\xdd\xb5\x12\xd4\
a\xbfm\xd4f?p\xf4#\xd0\xf1\x02\xba\xbe\x9eN\
\xb1\x8a7\xf5C2\xc4i|~\xda]u\xf1\xa8\xc7\
\xb6\xf6|{\xbb\x83b\x8d\xb9Tl\x02\xcc\xc6\xae]\
gP\xed\xfc\x09\x95\xe2\x17\xd8\xff0\x97\x12w\xa5\x8b\
\xc4\x10\xf4}~\x96\xbbj=\x17\xa0\x1f\xe7\x11\xd4\xba\
b\xeaHW2|,r\x9b\xa0\xea\x0c\x02^\xc2\xae\
]\x9b\x81\xcf\xb9z\x10d\xc6a\xd8\xff0\x97\x00\x07\
y:\x11\xa8\xd9\x0d}\xbfo\xeb\xaeZ\xcfh\xf4~\
\x8fvW]\x0c\xea\x90#\x92\x14\x93\xff\x7f\x88\xedi\
\x90\xa3\xdb;\xb0m\xdbS]=\x082\xe3s\xd8\x9e\
\x19\xb5M\xfe\xfb{:\x11\x98\xf0}t\xfd>\x8db\
&\xc6i@_>8JWw\xcc\xefI3\xf9\xdf\
@\xdc\xbeh\xe3\x5cl\xdb\xf6.$aVPr\xb6\
CR\xf1ZO\xfe_\xf1t\x220C\xbbM{\xa5\
\xbfd3\xaeB\xe7{DJ\xbf\x9fSH3\xf9\xdf\
\x0c\xf4t\xf4#\xcf\x1c\x81m\xdbN$\x12(U\x82\
\xb5\x817\xb0\x9f\xfc\x0fp\xf4!\xb0E[1\xaf\xc8\
o\xc1\xda\xdb\x00c\xfd%\xe7\x9acI3\xf9\xdfF\
\xe4\x11icW`1vm\xfb\x0e\x91\x9a\xbd\x12\xf4\
ARe\xc6\xe4\x1f\xb4G\x9b\xf6\xb9\xc8\xf7\xe1\xf7B\
\xe7\xfb\xe3\xfe\x92s\xcbAH\x10\x99\xf5\xe4\xff_\x22\
\xda\xbf\x8d\x0d\xd0\xdf^Y\xdeb\xe7\xb6\x02t\x03\xfe\
\x8d\xed\xc0i\x06\x0e\xf1t\x22H\xc24t\xe3`\x94\
\xbfd36B\xe7\xfb\x14\x7f\xc9\xb9d\x0c\xb6o\xa5\
mv?q\xcf\xbf\x8d\xd5\xb1\x8d\xf8o\x01~\xe7\xea\
A\x90\x19\x7f\xc0\xfe\xc7y\x9c\xab\x07A*\xb4)\x80\
\x8b|\x15n8:\xdf\xe7\xf8K\xce\x1d\x1fAr\xc6\
[?_\x1e#\xd2\xfb\xb6\xd1\x84}\xf5\xc4[\x89\xa0\
\xbfJ\xf0\x0d\xec\x7f\x9c'\xb9z\x10\xa4d\x11\xba\xb1\
P\xe4\xa8\xecA\xe8|\x9f\xef/9Wl\x8a\xfd\x96\
tL\xfe\xef\xa5\x1bRK\xc5\xb2}_\xa2\xd8\x0b\xf7\
\xa0\x93l\x07,\xc4v\xf0\xfc\xd1\xd5\x83 5\xda\xf1\
Q\xe4\xe0\xac\xbe\xe8|_\xe8/97\x8c\x04&c\
?\xf9?ET\xf5k\xcf\x19\xd8\xb6\xef\x5c\xa2\xc2_\
%\x18\x8a\xfd\x0f\xf4/\x14\xf3\xcew\xb0b\xb4\xb5\xc3\
\xd7\xf0\x97l\xc6`t\xbe\xcf\xf6\x97\x9c\x0bVG\xea\
\xc4[O\xfe\xcf\x12\xd7\xd1\xdas4\xb6\xed\xdb\x8c\x04\
\xbe\x06%\xa7\x01\x89\x9e\xb5\x1c<\xb7\xb6~oP.\
&\xa0\x1b\x17[\xf8K6ckt\xbeO\xf2\x97\x9c\
9\xbd\x81\x87\xb1\x9f\xfc\xc7#1\x19\x81\xb0/\x92n\
\xda\xb2\x8dOv\xf5 \xc8\x0c\xeb\xa0\xbf'\x90\xed\xd2\
\xa0|h\xaf\x86\xee\xe6/\xd9\x8c=\xd1\xf9\xfe\x8c\xbf\
\xe4L\xe9\x01\xdc\x82\xfd\xe4\xff2\xc5\xdeI\xb2f\x07\
\xe0]l\xdb\xf8\x1f\xc4\xeem%\xd8\x0f\xdb\x81\xf3\x1a\
0\xc2\xd5\x83\xc0\x13\xed\x03\xbd\xc8U\x1f\xb55\xd4o\
\xf6\x97\x9c\x19\xf5H\xd6G\xeb\xc9\x7f2\x92\xa0,\x10\
6@\x7f,\xb7\xbc=D\xb1cu\x82N\xb2!\x12\
\xe4a5pf\x12\x01#e\xe7Ltc\xe4\x06\x7f\
\xc9f\x5c\x87\xce\xf7s\xfc%g\xc6Y\xd8O\xfe\xd3\
\x81\x0fz:\x91s\x86 \xbb!\x96m<\x11\x18\xe6\
\xe9D\x90\x0d\x8d\xc8V\xbd\xd5\xc0YL\xb1\xb7w\x83\
\xce\xa1\xcd+\xfe6\xc5\xdcZl@\x9f\x03\xe1Xw\
\xd5\xd9\xf0\x13\xec'\xff\xf9\xc0G=\x9d\xc89\xbd\x90\
7u\xcb6\x9e\x03l\xee\xe9D\x90\x1d\xe7`;x\
\x8e\xf0\x95\x1fd\x84E9\xe0\x1d\xdcU\xeb\xd9\x09\xbd\
\xdf\x9ftW\xed\xcf\xc1\xd8O\xfe\x8b\x80\xcf8\xfa\x90\
w\x1a\x80\x1b\xb1m\xe3\xa5H\xd5\xd7\xa0\x02\xec\x83\xed\
\xe0\xa9\xd2\xd6f\xd5\x19\x8c>\xda\xf8\x22w\xd5z\xce\
G\xe7s3\xd0\xdf]\xb5/\x9f\xc0>\x8fH3Q\
?\xa4=\xf5\xc0\xdf\xb0_d}\xd7\xd3\x89 ;\xd6\
\x05fa7pn#\xae\xfbU\x0d\xed\xd1\xd1<\x8a\
\x95\xb3}\x10\xfa\x92\xd8\xcf\xb9\xab\xf6e#\xd2d\xf9\
+r\xf5\xc8\x14X\xef\xdc\xb6\x10/p\x95\xa1\x1bp\
\x1fv\x03\xe7%\x22\x05g\x159\x0d\xfd\xd89\xca]\
u\xed\xfc\x10\xbd\xbf\xa7\xbb\xab\xf6c0\xf6\x85gZ\
\x80S<\x9d(\x00?\xc7\xbe\x8do&r\xfcW\x86\
\x1fa7p\xe6\x13\x01#Ue\x0c\xfa\xf13\x9db\
\xe4\x17\xef\x8f\xbe\x02b\x0b\xc5.\x83\xbc2\x1a\x81{\
\xb1\x9f\x98.\xa0\x98\xc1\xa2\xa9\xf8.\xf6m\xfc4\xd0\
\xcf\xd3\x89 ;\xb6F_\xc8\xa5\xbd\xc5\xb9\x5cui\
\xc4\xe6\x18\xe9\x0co\xe15p\x1ez?\xe7 mV\
6\xeaHs\x1e}\x0d\xb2[\x19\x08\x07!\xb1\x10\x96\
m<\x19X\xd3\xd3\x89 ;\x9a\x80q\xd8\x0d\x9e\xb3\
|\xe5\x079\xe4\x02\xf4\xe3h\x11\xf0ao\xe1]`\
Gl\xd2\xab^\xec-\xdc\x89\x14[\xd2wP\xce\xc5\
R\xad|\x16\xb9bm\xd9\xc6\xb3\x88\xdd\xdbJq:\
v\x83\xe7~\x8a]\xd25\xb0aGl\xc6\xd3\xabH\
\x90]\xde\x18\x88\xe4\x9b\xb7\xf0qgg\xed\x1e|\x15\
\xfb\xb7\xd2G\x89\x14\xe2\xed\xf98\xf0\x0e\xb6m\xbc\x10\
\xd8\xc5\xd3\x89 [v\xc6\xee\x87\xfa6\x91\x83;\x10\
\xea\xb0\x9b \xc7\x22\xd7\x9b\xf2B\x0f\xe0Nl|{\
\x91|\xf9f\xc1'\xb0\xbf\xee\xf7\x22Q\xd9\xaf=[\
a{[\xab\x85\xb8RY9V\xc3.:\xb7\x19\xd9\
\x8e*3\x03\x81\xd1\xc0\x09\xc8\xbd\xef[\x91\xeb[S\
x\xefJ|6\x12\x18\xf64r\x0d\xf2\x02$\xaa}\
4\xc5\x08l\xb3\xe2\x1b\xd8=\x9c\xfeL>\xce}\xeb\
\x80K\xb0\xf3\xebPW\xf5\xe9\xd9\x10\x09\xe0\xb4\x9c\x98\
\xa6#9\xed\x03a}\xe0\x0dl\xdb\xb8\x85b\xd7\xe1\
\x08j\xc0\xb2\xca\xdf\x1f\x9c\xb5{\xd0\x84d\x18;\x1b\
x\x01\xbb\x85\xd23\xc0\xb9\xad\xdf\xdd\xd3\xcd\x1b\x7fz\
 %n\xad\xc6\xd8\x15d{%\xa9\x07\xb6\x93\xff4\
\xcau\x9e\x9d\xe2\xba\xdf\x02d\xab;\x10F\x22\xc7b\
\xd6\x93\xff\xb9\x8e>\x049\xe0\xa3\xd8\xd5\x87\xfe\x1f\xe5\
\x99\xc8\xea\x91\x94\xac\x97b[\x08iE6\x07\xb8\x1c\
9\x8a)\xe3\xb5\xa6\xef`\xdb^\xd7\x91M\xc6\xbc\x81\
\xd8m\xfb\xb7Y\x99\x92\xd8\xa4\xb8\xee\xd7\x0c|\xc5\xd3\
\x89\x9c3\x824\xf9\x14\xae'\x1f\xbbk\x81\x13\x8d\xc0\
\xb3\xd8M`\xeb\xf9\xcaOB\x13p8r\xd6\x98z\
\xd2_\x91\x8d\x07\x8e\xa4\x5c\xa56\x1b\xb1o\xd3\x89H\
\xee}/v\xc4.\x9e\xa1\xcd^\xa2\x5c\xc1\xb2\x17c\
\xff{\xf8\x89\xab\x07\xf9f\x18v\xbb\x90\xed\xedA\xa4\
pPP!N\xc1n\x00}\xcdY\xbb5\x8d\xc0q\
\xc0\x9bd7\xf1/o\xd3\x90\xcape\xd9\x1e\xde\x1d\
\xfb6Z\x0a\xfc\x96\xb4\xbb\x01\xfd\x91{\xfe\xd6\xd1\xec\
-H\xbd\x8d\xb2\xa0\xad\x00\xd9\x91]B9w\xc4j\
aul\xafi\xb7\xd9\xb3\xc8\xb1MP!6\xc1.\
B\xf7:g\xed\xd6\xecG\x9a\xf34+{\x05\xd8+\
\x95\xf3\xce\x5cM\x9a6\x9a\x09\x9c\x88m\xc6\xb2AH\
z_\x8b\x0c\x7fe\xfc\xdd\xb4\xe7\xe3\xd8&\x10kA\
\xee\xfa\x97iwD\xc3 \xe0I\xec\xc7\xe0kD\xa2\
\x9f\xcaQ\x87\xdd9\xe6\x9b\xc0P_\xf9f\xac\x05\xdc\
Dv\x13{W\xed&\xe4\xfc\xaf\xc8\xac\x81\x5c\x13M\
\xd5F3\x90\xdb\x16\xa3\xa9\xad\xf8T\x03r\xacp>\
\xf6w\xab\xdb\xdbL\xe0\x035\xe8\xcb#k`\xbfH\
z\x96\xa8\x1f\xd2F\x7f$\xf7\x81\xf5\x18|\x0b)\xce\
\x14T\x8c\x03\xb0\x1bD{:k\xb7\xe2 $n\xc1\
k\xf2\xb6\x9c\xe0\xf6O\xd0\x1e\x9e\x8c!\xcdv\xfa\xf2\
6\x1d\xb8\x0a\xd9\x19\xd8\x1b\xd8\x18Y\xac\x0eh\xb5!\
H\xea\xeb=\x81c\x80k\xf1\x1b\x13_R\xb7b>\
h\x04\x1e\xc6\xb6m\xde\x00\xd6\xf1t\x22\xc7\xf4E\xce\
\xe7\xad\xc7\xdf\x5c\xf2\x9d]3H\x84U\xd1\x92\x16$\
B\xbeh4b\x93\x9e6k;\x9bbo\x8f\xfe\x8e\
\xec\xdb0+;\xd3\xa0\xfd\xf2\xc2\xc5\xd8\xb6\xcd;\xc0\
v\xae\x1e\xe4\x97\xde\xa4)\xa0\xb4\x10\xd8\xd5\xd1\x8f \
G\x9c\x8d\xcd \x9aB\xf1\xb6\xe8\x86\x00\x0f\x91\xfd\x04\
`e\xf7P\xdc\xach\x0d\xc0]d\xdf\x86\xdev\x1f\
\xe5\xb9*k\x1d\xf4\xb7\x14\xd9\xa9\x09$\x22\xffN\xec\
\xc7\xdf\x12`_G?\x82\x1c\xb1%2\x00,\x06R\
\xd1\x82\xd2\xd6#\xdb\xab}\xa9\xec\x05$)H\x11\xe9\
O\x9a\xc0\xa6\xbc\xdas\xe4\xb3\x9eA-|\x0c\xfb\xa0\
\xbf\xe3\x5c=\xc8/\x8d\xc0-\xa4\x19\x83\x879\xfa\x11\
\xe4\x8c;\xb1\x19DWy\x0bW\xb2\x11\xe9\x22\xb9\xf3\
`\x93(n0\xcfp\xe4\x96C\xd6m\x98\xda&\x03\
k\xdb4Y\xe6\xa4\x08\xfa\xfb\xb3\xab\x07\xf9\xa5\x07\xf0\
\x1f\xd2\x8c\xc1\x1f9\xfa\x11\xe4\x8c\xbd\xb0\x19D\xd3\x91\
d\x14Ea\x14\xf2\xf0\xcdz\x02Hm\x93(\xeeN\
\xc0(\xca\xbd\x08\x98\xd8\xeac\x19H\x11\xf4w?\xe5\
9\x16\xd1\xd0\x13\xb8\x814c\xf0\xd7\x8e~\x049\xa3\
'v\xa9#\x0f\xf6\x95\xaeb\x080\x81\xec'\x00/\
{\x81\xe2\xc6\x04\x0c\x07\x9e \xfb6\xb4\xb6\x17)\xee\
\xc2\xac#.\xc2\xb6}^G\xfa\xbe\xea4\x017\x93\
f\x0c\x9e\xe5\xe8G\x90C\xbe\x8f\xcd@\xba\x8b\xe2d\
\xe5jD\x02\xae\xb2\x9e\x00\xbc\xed^\x8a{;\xa0\x1f\
\xe5\x0a\x0c\xbc\x8b\xf2\x9c\xf9\x03|\x1b\xdb\xf6y\x17\xf8\
\x88\xab\x07\xf9d5\xe0v\xd2\x8c\xc1K(\xce3;\
H\xc0\x10\xa4,\xadv -\x02>\xe8\xac]\x83\xf5\
\x9bJ\x91\xec\x1c\x83\xf6\xcb\x8a\x06$\xb5\xafG\x9e\x80\
\x94v.\xc5]\x88u\xc4\x87\x90\x8a|\x96mt\xb0\
\xa7\x039\xa5\x0fp7i\xc6\xe0?\x88\xe2>\x95\xe7\
Ll\x06\xd3o\xbd\x85+\xd8\x0f\x9f\x87\xfc4\xe0J\
\xa4\x9a\xdbh\xa4V\xf9\x00\xe4\xc1\xdf\x84\x04Km\x01\
\xec\x86\xd4\xd8\xbe\x81\xb4Y\xf0\xda[\x19\x92\x05y\xb5\
\x95\xa5\xcd\xa4\x5c\xf9\xfdA\x92\xd1XW\x9f;\xdd\xd5\
\x83|\xd2\x1fx\x804\xe3\xf0\xdf\x94k\x01\x1a\xd4\xc0\
:\xd8\xe4\xfb\x9f\x84$\xa5(\x02#\x81Y\xa4{\xc0\
OG\xce\xd4\xb6\xa5\xb6\xad\xb5:\xa4\xaa\xdc\xc5\xc0\xbc\
\x84:gP\xfc\xb4\xc1#\x90\x1b'^\x93\xb7\xd6n\
@\xd2K\x97\x8d+\xb1m\xa7\xdb\x81\xee\xae\x1e\xe4\x8f\
\x81\xc0#\xa4\x19\x87\xb7S\x9e\x02b\x81\x82\xbf`3\
\xa0\x8a\x948\xe2F\xd2\xfc\xa8^\x07\x8eB\xce\xeb\xac\
\xe8\x8b\xec\x1eLO\xa4\xf9FC\xadY2\x1a\xfb2\
\xbc\x966\x01\xf8B2\xef\xb3\xe5\x9b\xd8\xb6\xd5+D\
\xe5\xb9\xd5I\x17\xf0\xfa,\xc5yY\x0b\x12\xb2\x19\x92\
YK;\xa0\xee\xf4\x16\xae`_\xec\x7fP\x8b\x80\xdf\
`;\xf1/\xcf@\xe0\x0c\xec\x13\xab\xb4P\xdcZ\x0d\
\xcb\xd3\x13\x09B\x9bH\xf6\x13~\x9bM\x05\x8e\xa4\xbc\
[\xad\x9ba[\x10i\x1e\xb0\xb9\xab\x07\xf9c\x18\xf0\
\x0c\xe9\xc6\xe4\x5cd\x81\x11T\x9c\xeb\xd0\x0f\xa6\xa5\xc0\
V\xde\xc2k\xa4\x099\xaa\xb0\xfc1\x8d\xc7\xd7\xffm\
\xb0/K\xfc2\xe5\xda\x0e\xec\x01\x1c\x82\x5cy\xccj\
\xe2\x1f\x87dT\xeb\x95\xd8\xd7,Y\x0dy\x9b\xb4j\
\xb3f\x8a\xb5\x93\x98\x82\x11\xc0\xf3\xa4\x1f\x9f\xbf\xf3r\
(\xc8'\x1f\xc5f ]\xe4-\x5c\xc1\xd1\xd8\xfe\x88\
\xaeE\xb6\xe8\xbd\x19\x04\x8c\xadA\xef\xca\xec\x18W\x0f\
|\xa8\x03v\x00\xceC\xe2\x1dR?Tg!q\x1b\
\x9f\xa4\x1a\xd7\xaa.\xc1\xb6\xfd~\xe1\xaa>\x7f\xac\x85\
} \xe5\x8a\xec\x1d\x22\xb7B\xa5\xb1H(1\x97\xe2\
\xd4+\xef\x0d\xbc\x89\xdd\x0f\xe8B\xb2\xbd>S\x8f\xa4\
F\xb5\xf2g*\xe5\xda\x05X\x9e\x9e\xc0\xa7\x91\x9b*\
\x8fbs\xf4\xd5\x82\xbc\xe9\x9f\x8e\xdcH(s\xfb-\
\xcfA\xd8NH7 c\xba\xaa\xac\x8b\x7fB\xb22\
U\x9c\x0c\xba\xc0G\xb0\x19@?\xf1\x16\xae\xe0Hl\
'\xff<\xbc\xe1u\x03\xae\xc0\xce\xafo\xfb\xca\xcf\x94\
\x81\xc0.\xc0\xe1\xc8\x04~3\xf0\x18r\x1c\xf26r\
3f)\xb2s0\x159\x93\xbd\x11)\x13}L\xeb\
g\x07\xba\xab\xce\x07\x1b!\x8b\x7f\xcb\xc9\xe8\x09\xe4:\
l\x15\xd9\x1c\xa9\x9c\xea9\xf9\xb7 9\x1b\xd6t\xf0\
/\xc8\x19\x16\x85$^\xa78\xe7\x9b\xf5\xd8E\x88_\
K\xbe\x12gt\xc7&\x96\xa3\x059{\xcc\xc3\xc2&\
\xc8/M\xa4\xab\xce\xb8\x10\xf81\xd5\xba\xfe\xb7#\x92\
\x17\xc2{\xf2o\xb3\xf3\xd2\xbb\x18\xe4\x89m\xb0\x198\
\x87{\x0bW\xb0;6>\x8f'\x9b3\xffU\xd1\x1f\
\xbb\xc8\xf7\x9d\x9c\xb5\x07\xc5\xe2<\xd2OJ\x8f\x00\x9b\
x9\x94!c\xb0\xbdAQ\x8b-\xa0\xf8\xb9@\x82\
.p=\xfaA\xf32\x92\x8e\xb5(\x5c\x86\xde\xe7E\
\xe4\xfb\xb6\xc3\xc7\xb19\xd7\xbe\xcc[xP\x18\xf6\xc4\
obz\x07\xf8\xba\x8f[\x99p\x10\xb0\x98l'\xff\
6\xfb}b_\x83\x9c\xb0%6\xf9\xd3\x0f\xf0\x16\xae\
\xa0\x09\x98\x83\xde\xe7\xdfx\x0b\xaf\x81\xdf\xa2\xf7s\x16\
\xe5\xbd\xb3\x1e\xd4\xce0l\x83h;k\x97\x926\xbf\
F\x16\x1cM\xbe\xeaX\xcc\xa5\x5c\x05\xa9\x82\x15p9\
\xfa\xc1\xf24\xc5\x8a\xd6\xfd<z\x9f_\xa7\x18\x99\xb3\
\xfacs\x9e\xb8\xbb\xb7\xf0 \xd7\xd4\x91\xae\x06}g\
\xec\x19`\xe3\xe4^\xa6\xa7\x0e8\x95\xec'\xfc\x8e\xec\
\xa4\x84~\x079`-l\xb2\xc8\x15-k\xdcY\xe8\
}>\xca]u\xed\x9c\x88\xde\xdf\xb3\xddU\x07y\xc6\
:\xd5o-6\x17Y\xcc\x17\x95n\xd8^\xdb\xb5\xb6\
\xe9H\xd5\xc1\xa0\xa4\x9c\x86~\x90<A\xf1\xa2\xc4\xb5\
\xd9\xe0\xa6S\xac-\xc8~\xe8\x93\xde<\xed\xae:\xc8\
+\xeba\x7f\xe5\xafV[\x0a\x1c\x9b\xd6\xdd$4\x02\
\xff\x22]\xbb\xdck\xf4=eL\x06\x16 [\xc3\x16\
\xe7\xe0E+a:\x04\xbd\xcfg\xb9\xab\xd6s\x01\xfa\
\x07m\xaf\xd6?\xaf\x00\x00 \x00IDATU\xef\
\xb8\x07\xcb\xe8\x06\xdcO\xf6\x13\xff\xf2v\x01\xc5\x09B\
\xee\x07\xdcE\xba\xb6\xf8+rm\xd2\xe2oL\xa4Z\
W0+\xc3\xf1\xe8\x07\xc78\x8au\xf6\x0f\xb0\x1bz\
\xbf\xb7uW\xadg4z\xbfG\xbb\xab\x0e\xf2\xc6\xb1\
d?\xd9\xaf\xc8n#\x9fWr\xdb3\x14I.\x95\
\xaa\x0d.eYN\x92]\x8d\xbe\xb3\xea\xb5\x18JG\
\x030\x19\xfd\xc0\xd8\xdf[\xb8\x01\xdfG\xe7\xf34\x8a\
w\xe4\x01\xd2\xe7\xda\xf2\xc1\xdfsW\x1d\xe4\x89\x0d\xc8\
\xfe\x8e\xfa\xaa\xec\x11\xf2\x1b\xbd\xbe!r]:\x95\xef\
\x7f\xe2\xfd/d\x0f\x1a|\xef}\x86m\x10\xe4\x80/\
\xa2\x1f\x14/\x90\xaf\xecw\x9d\xe5O\xe8\xfc\xbe\xd2_\
\xb2\x19W\xa1\xf3\xfd|\x7f\xc9AN\xa8\x07\xee!\xfb\
\x09\xbe3\xf64\xf9+j\xb3\x13\xfa\x05\xf8\xca\xec<\
:~1\x19c\xf4\xfdE\xdc\xf5\x0cV\xc0\x7f\xd1\x0f\
\x88\xa2&\xe4\xd0V\xcc+\xf2[\xb0\xf66\xc0X\x7f\
\xc9AN\xf8.v\x93\xd5B\xc3\xefZ\x91\xbd\x08\xac\
\x9d\xa2!j\xe0@\xd2\xfa|&+\xde\x95\xacC\x02\
\xb5\xb5\x7f\xe3\x0a}3\x04y`s\xf4\x83\xe1\x0d\x8a\
[\xe5l\x1c:\xdf\x8b|\x1f~/t\xbe?\xee/\
9\xc8\x01\xa3\x80y\xd8LVK\x91\xa2I\x07\x91\xf6\
\x8d\xb8\x05\x09`\x1b\x99\xa0=:K\x1d\xf03\xd2&\
\xf89\x8dU\x1fI\x1e`\xf0w\x16\x11\xe9\x81K\x81\
E\xde\xee\x13\xddU\xdb1\x0d\x9d\xef\xa3\xfc%\x9b\xb1\
\x11:\xdf\xa7\xf8K\x0e2\xa6\x0e\x09\xae\xb3\x9c\xb0\xda\
\x18\x06\x5cc\xf8\xdd\x1d\xd9\x8bds\x1c\xd0\x13\xf8K\
\x0dz\xbbb\x9d\xcdD\xda\x00L2\xf8{E~\xee\
\x07\xc8\xd5?\xedJ\xfe\x1d`\xb0\xb7pCf\xa3\xf3\
?\xaf\x01F\x9da8:\xdf\xe7\xf8K\x0e2\xe6@\
\xec&\xacg\xe8x\xe7\xf0K\xa4\xad~\xf74\xbe\xbf\
\xdb\x81\xa4\xbd\xe6\xd7\x02\x9c\xd2EM\xda\xe0\xe7\x16d\
G\xa5\x88q_A+\xdfA?\x08\xceuWm\x8b\
6\xf3a\x91s\xe2\x0fB\xe7\xfb|\x7f\xc9A\x86\x0c\
\xc2.\xd7\xffB\xa4\xee\xc8\x8aX\x07x\xc8\xe8ou\
d\x8f\xe0sEp\x14RB;\xe5\xe4\xff\xd3\x1at\
\xf5\xc7&y\xd3\x98\x1a\xfev\x90\x13\xb45\xbb\x9b\x91\
\xab,EF\x1b\x8c\xd3\xe4/\xd9\x8c\xbe\xe8\x1f\xe2A\
u\xb8\x08\xbbI\xeb\xf8N\xfc\xbd\x1e\xc8\x11A\xaa3\
\xf3\xdbH\x9b,h{\xd2\x16GZ\x0a\x1c\xa1\xd0w\
\xba\x81\x86\x1b\x14\x7f?\xc8\x90\x0f\xa1\xef\xfc[\xdcU\
\xdb\xf36\xba6X\xc3_\xb2\x19\x83\xd1\xf9>\xdb_\
r\x90\x11\x9f\xc0n\x22\xbe\x9b\xae%\x0c\xdb\x0b\xbb\xa0\
\xc3\xe5\xed\x82.\xb5B\xe7\xf9\x22\xf0n\x22\xcd-\xc8\
\xe2\xfb\xcbJ\x8d\xeb\xa1\xef\xd3%\xc0\x9aJ\x1dA\x06\
\x9c\x8d~\x10~\xc1]\xb5=\x13\xd0\xb5\xc1\x16\xfe\x92\
\xcd\xd8\x1a\x9d\xef\x93\xfc%\x07\x19\xd0\x03x\x0e\x9b\x89\
k.\xb2\xbd\xdfU\xb6\xc4&p\xad#\xb3\xceo\x7f\
\x02i#\xfd\xe7\x02\x9f2\xd2z\xb3\x81\x9e\x9f\x19i\
\x09\x9chD_\x0c\xe65\xca\x11\x00\xf2\x14\xbav\xd8\
\xcd_\xb2\x19{\xa2\xf3\xfd\x19\x7f\xc9A\x06X\xa6\xfb\
\xfd\xaeB\xc7p\xd2\xc4\x05,\xc5\xa6\x8a`#pI\
\x02}\xed\xedM\xe0\xc3\x06Z\xdb\xb0(\x85>\x81b\
fC\xad,\xfb\xa1\xef\xf4\x1f\xb9\xabN\xc3-\xe8\xda\
\xe1\x07\xfe\x92\xcd8\x06\x9d\xef7\xfbK\x0e\x9c\x19\x8e\
\xfe\xa6L\x9b=\x88\xfe\xa5\xa1\x09\xb8\xceHO{\x9b\
\x0bl\xac\xd05\x82\xb4A\x8b-\xc0\xab\xd8\xc7\x5cu\
C\xa2\xf9\xb5\xdav2\xd6\x15$D;\xe9-D\x8a\
X\x94\x813\xd1\xb5E\x91\x83`\xb4\x0f\xd2s\xfc%\
\x07\xce\x5c\x8a\xcd\xe4\xb5\x08\xd8\xccHSw\xa4\xc2\x9d\
\xf5\x04\xfb\x0c\xb5\x95\xf5\xfe(\x92\x13#\xe5\xe4\xff4\
\xe9\x12\xef\xfc\xd0@\xdf\x9f\x12i\x0b\x8c\x19\x8e\x04n\
h:\xfb\x1f\xee\xaa\xd3q\x04\xba\xb6x\x9bbn\x7f\
5\xa0/\xff\x5c\xc4\xba\xebA\xe7\xf9(vg\xd9\xbf\
0\xd6V\x8fM\x12\xb3\xe5\xed\xd2.\xea\xf8?`A\
\x02\x1d\xed\xed^`@\x17uu\x85\xa1\xe8\xafC\xcf\
\xa6\xd87\xa2*\xc3\xf7\xd0\x0f\xc8O\xbb\xabN\xc7\xa7\
\xd0\xb7\xc7\x0e\xee\xaa\xf5\xec\x84\xde\xef]\xddU\x07^\
\xd4!w\xe5-&\xb0\xe7I\x93*\xbc\x0e\xb9&h\
=\xe1\x1e\xd2\x89\xbf\xdd\x1d\xfd\xeeag\xec\x06\xa0W\
W\x1b\xa6\x06\xae5\xd0\xaa\xbd\x95\x108\xa0=\xa7z\
\x9dr\x04\xff\xb51\x18\x09\x02\xd2\xb4\xc9E\xee\xaa\xf5\
\x9c\x8f\xce\xe7f$\x99HPN\xf6\xc7f\x02k\x06\
>\x9ePg\x1d\xf6;\x01\xef\xb0\xf2x\x80\xc1\xc0\x1d\
\xc6\x7fsE\xcf\x95\xee\xb56L\x17\xb1\x08\x06\xbc\xd1\
IkP#\xeb\xa1\xef\xe4_\xb9\xabN\x8f\xb6:\xd6\
<\xa0\x8f\xbb\xea\xda\x19\x84d\xf1\xd3\xf8\xfc\x9c\xbb\xea\
\xc0\x8b\x9e\xe8\xaf\xc7\xb6\xd9\x9f\x1d\xf4\xd6c\x1f\x13\xf0\
0\x1dO\xbe[`\xd76+\xb2f\xfc\x83\x8b\x1b\xd0\
\xd7EYL\xb1\xd3\xc2\x97\x1em\xf9\xd7\x16\x8a\x9f\xf9\
\xaf#,\xb6\x11\x8frW];\x16A?\xa7\xbb\xab\
\x0e\xbc8\x1a\x9b\x89l\x160\xc4Is\x03\xf6\xb7\x03\
~\xbc\xdc\xdf\xd8\x97t\x09\x89\xdal>\xb0\xb7M\x93\
t\x99\xdfuR\xe3\xca\xac\xa8e\xe1+\xc1\xb3\xe8:\
\xf7~\x7f\xc9.\x8cA?\xf0\xa7#E?\xf2N\x7f\
\xf4+\xfd\x16\x8a]\x069X1\x03\xb0+\xcb\xeb\xbd\
(nB\xde\xdc\xad&\xe3\x85\xc8\x1b\x7f=Rl'\
er\x9f\x16\xe4xu\x1b\xf3V\xe9<\x1f\x5c\x81\xae\
\xae\xd8Xw\xd5A\xa7\xb0\xe8\xdco\xb9\xab\xf6\xa1\x11\
y[\xd1\xb6\xcf\x19\xde\xc2k\xc0\xe2\xbct\x0ei\x82\
\xba\x82\xec9\x15\x9b\xc9l\x1ci\xf3\xec\xaf\x88\xe1\xd8\
f\x0c|\x02\x09\xc4K9\xf1\xb7\x00\x8f\x93\x8f\xb4\xe2\
\x8f\xa3\xf3#\x8e\x01r\xca\x8f\xd1w\xac\xd7v^\x16\
\x5c\x80\xfeG\xbc\x08\xdb,]\xd6\xec\x88>\xe0\xb1\x05\
\xb8\xd8[x\xe0\xc2\x10\xec\xb6\xb8\xb3\xbc!\xb2\x15\xe9\
\xb7\xea-\xed:\xa0w\x92\x96\xe8:\x16e\x82\xe3\x18\
 \x87<\x8a\xaeS\xcb\x9e\xf5mGl~\xcc\xaf\xe2\
[k\xbc\xb3\x0c\x04\xc6c\xe3\xe3\xce\xce\xda\x03\x1f~\
\x8b\xcd\xf8\xb8\xc6[x\x07\xecE\xfa-{\x0b\xfb\x1d\
]+\x8c\x94\x9a\x91\xe8\xdb-\x8e\x01r\x86E\xa7\x1e\
\xec-\xda\x99:\xec&\xc8\xb1\xe4\xebG\xdd\x03\xb8\x13\
\x1b\xdf^$_\xbe\x056\x0cE\x7f3\xa4\x05\xb9B\
WK\xb1\x9f\x14\xfc\x81\xec'\xf8\x15\xd9\x22\xe0\x1b\xe9\
\x5cWq/:\xdf\x16\x936qQ\xd0E\xbe\x8b\xae\
C\xdf\x05\xfa\xb9\xab\xf6\xe7\x1b\xd8\xfd\xc0\xffL>\xf2\
%\xd4a[\xa0\xe4PW\xf5AG\xf4@*9\xee\
\x83l\xd9\x9e\x07\xdc\x0a\xfc\x0fx\x099\x03\x9f\x81<\
\x88\x17\x00o\x01/#\xbb\x80w\x01W\x227\x82\xf6\
Ab\x83\x1a\x80\xdfc3>\xf2tM\xb8\x07\xb6A\
\x81V6\x03\xf8dB\xbf\xb5h\xb3\xa3\xb6\x10I\x81\
r\xc5]\xe8:\xf3\x9f\xee\x8a\xb3\xa1\x07\xb6\x01DW\
\xe0\x97\xc8\xa3#z`;\xf9O#\x82\xff\xb2\xa0\x0f\
\xb0\x07\xf0K\xe0n\xec\xeb\xcc/B\x9f\x1e\xbc\x05\xb9\
=\x90\xb7\xe4P\xebb\x13\xe0keO\x03\xeb'\xf5\
X\xcf0\xf4\xb1B\x7fuW\x1dt\xc8\x00\xf4?\xee\
\x03\xddUg\xc7w\xb0\xfd\xc1_G6\x0f\xc5\x81\xd8\
m\xfb\xb7\xd9\xf7\x5c=\xa86M\xc8\xbd\xf3k\xb0\x9f\
\xf0S\xd9qIZB\x8fE\xf5S\x0b\xbb\x92\xda\x8a\
\x0de\x81\xf6\x18`:\xd9\xbe\xfc\x04\xad|\x11]G\
.\xa6\x18\xf7\xdb\xadhD\xce\xb9-\x7f\xf8\x13\xf1-\
\x97\xb9#v\xf1\x0cm\xf6\x12\xb2\xa3\x10\xa4e\x03d\
K\x7f.\xd9OX]\xb1I\xe4\xbb\x18\xcc?\xc9\xae\
m\x16S\xacDa\xa0/\x15\xdeB\xda\x14\xd0A'\
\xb9\x18]'\xde\xe1/9sv\xc7\xfe!\xb0\x14\x89\
\xb2N\xb9\x1b\xd0\x1f\x99<RD?\xef\x93Pw\x00\
\xdb!\x93\x94\xc55\xcd,,\xefW\xbf\x86a\x97\xe0\
\xa8+6\x0d\xdf\xc5\xbf\x15\xa3\xd0\xfb\xfe[w\xd5\xc1\
{\xa8C_\xa7\xfa\xbb\xee\xaa\xf3\xc1\xd5\xa4y \xcc\
D\x02\xb0,\x83*\x07!\xe9}-2\xfcud\xd7\
\x19j\x0d\xde\xcbZHym\xef\x89\xc9\xd2\x9e\xa3\x18\
\xdb\xbd\x07\xe1\xdb.\x0f\x00#\x5c<K\xc3\x93\xe8\xfc\
\x7f\xd6_r\xd0\x9e-\xd1\x0f\xe2\xb5\xbdE\xe7\x845\
\x80\xb7I\xf7p\x98\x81$\x1f\x1aMm\x19\xd3\x1a\x90\
7\x8b\xf3\x91\xabW\xa9t\xce\x04>P\x83\xbe`\xe5\
\xf4D\x16\x82\x16W\xef\xb2\xb6\xbd\x8c\xdb&\x15\xbb \
\xb7\x22<\xda\xe4\x5c\x8a\x7fdv\x12\xfav\xc8Cv\
\xc3\xcar\x02\xba\xce{\xc2_r\xae\x18\x83O2\x91\
\xe9\xc0U\xc8\x84\xb07R\x8at(\x12\xc09\x00\xc9\
\xd0\xb65\xb0'r6w-\x92\x8e\xd7\xe3A\xf6%\
u+\x06\xcb\xb3\x09\xfa\x0a\x94y\xb23\xc8wp[\
#\x92\x13\xc0\xe3\xb7\xfc.\xe5\xc9\x99\xb2-\xfa\xf68\
\xd8[t\xb0\x8c;\xd1u\xde\xa9\xfe\x92s\x87E\x85\
\xac\xa2\xda\x99\x06\xed\x17\xbc\x97C)\xc7[\xff\xf2\xf6\
\x0a\xf9\xcc\x10\xb95R\x97\xc0\xa3\x0d&\xb4\xfe\xbd\xb2\
P\x0f\xbc\x89\xaeM.wW\x1d\x00\xb2\xea\xd5^\x1f\
\xca\xe3\x0f\xda\x9b\x06\xf4y\x14\x8ah\xf7!\xdb\xd4\x81\
\x0d\x0d\xc0Ed\xdf\xaf)m)p2\xf9H\x80\xd5\
\x0d\x89\x8bY\x88\x8f\xef\xd7\x93\xcf\x14\xe0Z.G\xd7\
.S\x91X\xb4\xc0\x99O\xa0\xeb\xb8\xb9\x14\xff\x0c\xcb\
\x8a\xfe\xe8\x03b\x8ad\xcfQ\xce\x87YV\xf4\x03n\
!\xfb~\xf5\xb2;\xc9\xb6\x22\xdc(d\x01\xeb\xe1\xeb\
\xbb\xc0\x91\x94w\x92;\x00}\x1bm\xee\xae:\xe0g\
\xe8:\xedzw\xc5\xf9f8\xb2\xcd\x99\xf5\xc35\xb5\
M\xa6\xba\x81\x9f)\x18\x0a<E\xf6\xfd\xeam/!\
\xb1\x0e\x9etCbd\xbc\x8eX\x9e\x05\xb6p\xf1,\
;VG\x7f5\xf5hw\xd5\x81\xfa\xfc\xff\xdb\xfe\x92\
s\xcf(\xca\xbd\x08\x98\xd8\xeac`\xc3\xeaH\xea\xd7\
\xac\xfb5+\x9b\x85$\xa5\xf2`K\xa4\x16\x82\x97o\
\x17\x02\xbd\x5c<\xcb\x1em\xbb^\xeb/\xb9\xdaX\x9c\
\xffo\xe0\xae\xba\x18\x0c\xa7\x5c\x11\xdcm\xf6\x22R5\
2\xb0a0\xd5|\xf3_\xde\xe6#W]S\xd1\x84\
\x14 Z\xec\xe4\xcfL$\xbbj\x95\xd0\x96\x89~\x93\
\xf2\x1e\x91\xe4\x92\x9d\xd0u\xd8\x14\x7f\xc9\x85\xa2\x1f\xe5\
\x0a\x0c\xbc\x8b8\xf3\xb7\xa4\x09x\x90\xec\xfb5/\xb6\
\x804\x8b\x80\x9d\xb1Oy\xbd2\xbb\x8fj\x1e\x8f}\
\x06}\xdbm\xe4\xae\xba\xc2\xfc\x00]g\xfd\xcd_r\
\xe1h@V\xc6\x1ew\x8bSZ\x19\x12\x96\xe4\x89:\
\x8a\x9f\xd9/\x85\xcd\xc7\xee8`\x18R\xe5\xd2\xeb\xb7\
\xb7\x14\xf8\x05\xc5\xc8v\x98\x82\xbe\xe8wX\x0eqW\
]a\xaeC\xd7Y\x87\xfbK.,cH\x9b10\
\x95\xcd$\xf2\xfb\xa7\xe0\x14\xfc\xfap:0\x16)\x13\
\xfcU\xa4\xc6\xfc\x86H\xf1\xae\x01\xadz\x1aZ\xff}\
\x1d\xe4\x8e\xfa~H\x86\xb7\xab\xd1\xdf\xf1\xaee\xccm\
\x5cc\xbb\x82,T\x8f\x05f;j\x9eL\x5c\x87\x06\
\xfd\x8e\xd6E\xfe\x92\xab\xcb\x1b\xe8:\xcb;z\xb7\xe8\
\x8c@2\xf9y>L5v\x03\x92\x83>\xb0\xe5\xb3\
\xa4\x7f+\x1d\x87\xdc\xb5\xff\x10\xfas\xd5:`3$\
r\xfe\xd1\xc4\xba\xdb\xec%j\xbb\x22\xb8;\xf0\xbc\x93\
\xc66\xfb+\xd5\xaa\x84\xba2NE\xd7\x96\xe3\xfd%\
W\x93u\xd1uT\x04l\xd4\xceh|\xcf$\xbbj\
\x13\x80/$\xf3\xbe\xda\x8c$]\xb5\xb9f\xe0\x1a$\
\xb7GJ6\x05N#})\xe2;\xe8|\xb2\xa0Q\
\xc8\x95d\xcf\xdf\xc9\x1b\x14\xa7\xbe\x81\x17{\xa0o\xd7\
,sCT\x86\xfd\xd1u\xd2\xbf\xfc%\x97\x8a\x9e\xc8\
\x15\xca\x89\xf8>\xb4VfS\x91d%q\xd6\x9f\x86\
\xee\xa4\x0b\xfa\xbb\x0b\xd8\xc6\xcd\x13a\x10rL0S\
\xa1{Uv\xd2*4\x0cDbl\xbc\x8a\xf7\xb4\xd9\
?\x90\xeb\x9b\xc1{\x19\x84~wkww\xd5\x15\xe4\
\x0ct\x9dt\x82\xbf\xe4R\xd2\x03\x09|y\x01\xff\x09\
\xbf\xcd\xc6\x01\x87Q\x9d\xfb\xcaY\xf1c\xec\xfbn.\
\xf0M\xb2\xdd\x8d\x1b\x02\x5cJ\x9ac\x8d\xa5t\xbc\xa3\
\xd1\x0by\x06\xa5\x5c|tdo\x11\x85\xafV\x85\xf6\
Y\xf6c\x7f\xc9\xd5\xe3\x01t\x9d\x14\x01/\xb6\xd4\x01\
;\x00\xe7!%\x80S?\xc8f\x01\x17#\x01aq\
\x94\x93\x9e-\xb0\xcf7\xff\x0c\xb0\x9e\xa7\x13\xab\xe0\xe3\
\xa4I\x80\xf5\x0a\xcb\xaa\x08v\x07\xbe\x01\xbc\x9e\xe0\xef\
\xac\xca\xaeE26\x06+\xe7\x12t\xed\x1c\xbb\xcb\x89\
\xa9\x07\xe6Q{\x07-\x01\xfa\xb8\xab\xae\x0e=\x81O\
#[\x9b\x8f\xa2O\xb1\xd9f\xe3\x80\xd3\x91\x1b\x09\x8d\
n\xde\x04\xdd\x81\xc7\xb1\x9d\x8c\xc6\x22y&\xf2F\x7f\
\xe0\x9f\xd8O\xbeg \xe7\xed\xcf%\xf8\xeeU\xd9\x0c\
$\xd7}\xd09\x0eC\xd7\xde\x93\xfc%W\x8b\x0d\xd1\
u\xd0S\xfe\x92+\xcd@`\x17\xe4\xda\xe5\xe9\xc0\xcd\
\xc0c\xc0\xcb\xc8\xd5\xc2\x85\xc8\x22a\x06r\x8e\xff\x0c\
p#p\x01\x12\xb9\xbd\x0b\x11\xa5\x9c%\xdf\xc5vB\
\xfa\x17\xf9\x8e\xd3\xa8\x03\x8e\xa7\xf8\xb9/Z\x80\xff\x00\
\x1f\xb0m\x9e\xd2\xb3%\xfav\x1f\xe6\xae\xbaB|\x11\
]\xe7\x5c\xe8/9\x08\x0a\xc9P\xe4\xb8\xc5jB\xba\
\x8e|O\xfe\xed9\x08\xbf\xd4\xbb\xd6\xf6\x16p\xb0y\
\x8bT\x83\x06\xf4)\xe6\xf7pW]!~\x89\xaes\
\x0e\xf3\x97\x1c\x04\x85\xe4R\xec&\xa5\x87)^\xa0\xe6\
\xe7(\xd6\x22\xa0\x19\x89\x8d\x89\xabh:\x1eA\xd7\x0f\
\x11d\x9e\x90\xff\xa0\xeb\x9c\xed\xfd%\x07A\xe1\xd8\x01\
\xbbm\xf0I\x14w[\xf4\xab\x14\xe38\xe0Y\xa4>\
J\xa0\xe7Bt}q\xb9\xbf\xe4\xea0\x99\xda;f\
)\x11\x00\x18\x04\xab\xa2\x1bv\x81\x7f+\xba\x0aW$\
N \xfb\x09~E\xf6.r\xf5\xac(G+E\xe0\
[\xe8\xfa\xe4q\x7f\xc9\xd5\xa0/\xba\x8ey\xd1_r\
\x10\x14\x0e\xed\x03\xb0\xbd\xfd\xcaY{\x0a\xea\x90\xe0\xc5\
\xac'\xfb\xe5\xed\x16\xf2u\x95\xb2,|\x14\xfd\xa2\xac\
\xaaE\x95\x92\xb2-\xba\x8e\xb9\xc6_r\x10\x14\x8a\xde\
\xc04l&\xa8G\x90\xa0\xaa20\x00I3\x9d\xf5\
\xa4\xdf\x82\xdc\x96\xd9?\xad\xbb\x95f5\xf4\xc7>\x1b\
\xba\xab\xce)\xf5\x86\xdf\xa5m\xd4'MT\x04Ay\
9\x16\x9b\x841\xf3\x80\xaf Ate`&\xf05\
\xe4\xe1\x9e\x15\xcdH\xb2\xad\x8d\x81+2\xd4Qv\xe6\
#i\xce5lj!$x/\xda2\xa4Q\x1a6\
\x08V\xccP\xec\x8a\xe4\x1c\xe5\xac\xdd\x8b\xcb\xc8\xe6\xad\
\xff!`;\x07\xff\x02\xe1Ft\xfd\xf5#\x7f\xc9\xe5\
\xe7\x1at\x9d\xb2\x99\xbf\xe4 (\x0cgc3Y=\
Ey\xcf@\x87\x01\xb3\xf1\x9b\xf8'\x03\x07\x12)\xaf\
\xbd\xf9=\xba~\xbb\xd8_r\xf9\x19G\xed\x1d\xb2\x94\
H!\x1b\x04+b}`\x11\xfa\x09\xab\x19\xc9\xab_\
f~A\xfa\x89\xff\x1d\xe0d\x96\xd5\x11\x08|9\x04\
]\xff\xdd\xe3/\xb9\xdc\xd4\xa1\xcb\xd0\xf4\x8a\xbf\xe4 \
(\x0c\xff\xc0f\xe2\xfa\x8b\xb7\xf0\x0c\x18\x8c\xae\x1e\xc9\
\xaa\x16P\x7f\x03\xd6r\xf3&\xe8\x88\xed\xd1\xf5\xe3T\
\x7f\xc9\xe5f8\xba\x0e\xb9\xc9_r\x10\x14\x82\x8f`\
\x93\xecf\x16\xc5M\xf8\xd3U\xfe\x80\xfd\xe4\xff0\x92\
\x80)\xc8\x9e\xc1\xe8\x17r\xbd\xddU\x97\x18\xed\xdd\xcc\
\xd3\xfd%\x07A!\xb8\x1b\x9b\x09\xec8o\xe1\x19\xb2\
9v\x13\xff\xebH\xc6A\xcb\x1bS\x81\x1em\xac\xc7\
\x96\xfe\x92\xcb\xcb~\xe8:\xe3\xbb\xfe\x92\x83 \xf7|\
\x0e\x9bIl\x22\xd5\x8b\xb1\xd1fK\x5c\x0c\xfc\x9cx\
S\xcc+\xda\xfe\xdd\xdb_r\xfe\xb0Z\xd5\xae\xad\xfc\
\xbc\xf6^g\x10\x94\x8d\xee\xc0\xa9F\xdf\xf5\x13`\x81\
\xd1w\x15\x85\xbf)?\xdf\x82,\x00\xe6\x19h\x09\xec\
\xd1\xc6\x8d\xadi\xa2\xa2\xe0\xe4e\x01\xf0\xaa\x81\x86 \
(\x13_G\x92\xcahy\x8aj\x16@\xb9U\xf9\xf9\
\x06\x22\x95o\x9e\xd1.\x00\xd60QQp\xac\x16\x00\
\xda\xa8\xd8\xd7LT\x04A9\xe8\x0f\x9cd\xf4]\xdf\
G\x82\x9e\xaa\xc6\x93\xc0t\xe5wlb!$H\xc2\
\x04\xe5\xe7c\x01\x80\xdd\x02`\xb8\xe2\xb3s\x81\x19F\
:\x82\xa0\x0c\x9c\x02\x0c1\xf8\x9e\xdb\x81\xb1\x06\xdfS\
D\x9a\x91\x00J\x0d\x16;0A\x1a&)??\xc2\
DE\xc1\xc9\xc3\x02 \xce\xff\x83`\x19\xdb\x00\x87\x1a\
|O\x0bp\xbc\xc1\xf7\x14\x99q\xca\xcf\xc7\x0e@~\
\x99\xa2\xfc|\xec\x00`\xb3\x00\xe8\x8e\xdc\xcb\xac\x95\xd7\
\x0d4\x04A\x19\xa8\x07\xce\x04\xba\x19|\xd7\x95\xc0\xa3\
\x06\xdfSd^P~\xbe*y\x13\x8a\x88v\x010\
\x82\xb8\xdai\xd2\x00C\x94\xdf\xf3\xa6\x81\x86 (\x03\
\xdf\xc4\xa6\xa8\xcc\x22$\xf2\xbf\xea\x8cW~\xbe\x9f\x89\
\x8a \x05o\x02K\x14\x9fo\x00\x06\x19i),\x16\
\x0b\x00\xcd\xf6?DZ\xc6 \x00\xd9\x92\xfc\xa5\xd1w\
\x9d\x07\xbcl\xf4]E\xe6m\xe5\xe7\xfb\x98\xa8\x08R\
\xb0\x14xC\xf9\x1d\x9a\x9d\xebR`\xb1\x00\xd0n\x93\
\xc5\x0e@Pu\xea\x91\xabz\x03\x0c\xbek6\x12D\
\x18\xc0\x1c\xe5\xe7c\x07 \xdfh\x8f\x01b\x01`\xf0\
\x1d\xdam\x14\xed*.\x08\x8a\xce\x0f\x81\x9d\x8c\xbe\xeb\
\xe7\xc4\xa2\xba\x8d\xb9\xca\xcf\xf75Q\x11\xa4B\xbb\xc3\
\x13\x0b\x00\x83\xef\xe8\xaf\xfc\xfc4\x03\x0dAPT>\
\x8d\xdd\x9d\xff\xf1H\x10a \xd4)?\xdfb\xa2\x22\
H\x856\xcfC,\x00\x0c\xbeC\xbbm\x199\x00\x82\
\xaa\xb2\x19p\x05v\xd1\xc8\xc7 \x01\x80\x81\xa0}6\
\xcd6Q\x11\xa4\x22\x16\x00J\xf2\xb0\x03\x10?\xb2\xa0\
\x8a\x8cB\x92\xf4h\x7f?m\x8c\x05\xfem\xf4]e\
!\x9eM\xe5&\x16\x00J\xf2\xb0\x030\xcb@C\x10\
\x14\x89\xcd\x80\xff\xa2\xbfA\xd3\xc6\xbb\xc0\x91F\xdfU\
&\xb4\x0f\xf8X\x00\xe4\x1b\xed\x02\xa0\xf21\x1eY/\
\x00Z\x88\x1fYP->\x8d\xa4\xa8\xb5LEz\x22\
\xf0\xa2\xe1\xf7\x95\x85\x0f*?\x1f\xcf\xa6|3S\xf9\
\xf9\xca\x97z\xb6X\x00hVQ\xf3\xd1%s\x08\x82\
\xa2\xb0\x1ap:\xf0\x1f\xec\xb6\xfd\x01\x1e\x06\xfe`\xf8\
}ebK\xe5\xe7'\x9b\xa8\x08R\xa1-\xd5\x5c\xf9\
\x05@w\x83\xefhR|6\xb6\xff\x83\xb2\xd3\x03\xf8\
*\x12\xe9o\xb5\xe5\xdf\xc6B\xe0\xff\x90\xa4(\xc1\xfb\
\xd1.\x00\xb4\xb5\x04\x82\xb4\xc4\x02@I\xd6\x0b\x80w\
\x0c\xfe~\x10\xe4\x8dn\xc0\xd6\xc0\xbe\xc8\xe4oQ\xd9\
\xaf#~NLR+\xa27\xb0\x85\xf2;\x9e\xb6\x10\
\x12$c\xbe\xf2\xf3\xb1\x000\xf8\x0e\xcd\x02`\x81\xc1\
\xdf/3C\x90\x87\xd8V\xc0\x86\xc8\xb9\xf1\x9a\xc0\xea\
H\xdf\xf5\x07\x16#?\x84\x99\xc8\x8a\xf8\x0d\xe4>\xf8\
\xf3H1\x94\xc7\xd1'\xcc\xa8\x12\x1b\x02_\x07>\x01\
l\xda\xfa\xdf\xbd\x0e\xbc\x0a\xbc\x02\xbc\x86\x04\x1f\xcda\
\xd9\x95\xbb^H_\x8c\x02\xd6G\xf2\xf9[n\xf3w\
\xc4M\xc0\xaf\x12\xff\x8d\x223\x1ahT~\xc73\x16\
B\x82dh\x17\x00\x91\xea\xd9\x80IH0_-\xf6\
P\x06z\xf3L\x13\xf0y\xe0,d\xf2\xae\xb5]\xdb\
\xdbR\xe0\x09\xe04`\x0c\xfa\x87bYiD\xdah\
\x116\xed\x9e\xd2^\x01\x06\xa6i\x86\xd2\xf0\x17tm\
\x1c\xf9I\xf2\xcfHt}\xfc\x9a\xbf\xe4\xf2\xf16\xb5\
w\xc0\x7f3\xd0\x9b7\xea\x81\xdd\x81\xcb\x90\xb7\xca\xd4\
\x93\xc7,\xe0\x02`G\xf4\x99\xd2\xcaB#p\x17\xd9\
O\xec\x9d\xb1w\x91\xe3\x85`\xc54 \xbb4\x9av\
\xbe\xc9]u\xd0U\x86\xa2\xeb\xe3(Dg\xc0|j\
\xef\x80\xb1\x19\xe8\xcd\x0b\xbd\x91\xbb\xdb\xe3\xc9n2\x19\
\x8flw\xf7H\xeck\xde9\x97\xec'\xf6\xce\xda\xd7\
\x12\xb5A\x99\xd8\x1f};\x7f\xc7]u\xd0U\x06\xa2\
\xeb\xe3\xb7\xfc%\x97\x8f\x05\xd4\xde\x01\xd7e\xa07k\
\x9a\x80\xa3\x91\x82-YO&m6\x09y\xe0U\xf1\
x`\x0b\xa0\x99\xec\xfb\xa03\x16U\xfe:\xc7\x03\xe8\
\xdbz}w\xd5AW\xe9\x8b\xae\x8f\xe3\x16\x9a\x01\x0b\
\xa9\xbd\x03\xfe\x95\x81\xde,\xd9\x17]\xccDj{\x09\
9\x8e\xa8\x12\x7f \xfbv\xef\x8c\x9d\x93\xaa\x01J\xc6\
\xb6\xe8\xdb:\x92*\x15\x83^\xe8\xfaY{\x8d0@\
\x174U\x95\x05\xc0H\xe0F\xb2\x9fD:kWc\
\x9b\xa9.\xcf<L\xf6\xed\xbd*;\x17\xbb\x82Ae\
\xe7\x9f\xe8\xdb\xfb\x0cw\xd5A-\xf4@\xd7\xcfq\x0b\
\xcd\x80\xc5\xc4\x02`e\xec\x87l5e=\x89t\xd5\
\xdeFn\x0d\x94\x1d\x8f\xc0K\x8d\xfd\x96\x08\xd6\xec,\
\x1f\xc3\xa6\xcdw\xf2\x16\x1e\xd4D=\xba~\x8e\x04Z\
\x06,\xa1\xf6\x0e\xf8g\x06z\xbd\xe8\x09\x5cD\xf6\x13\
\x88\xc6\x9a\x81\xdf!Q\xd5e\xe5\x0d\xb2o\xe7\x8el\
\x11pxB\xbf\xcbF\x1d6\xbb9\xcf\x11\x0b\xae\xa2\
\xd0\x0d]_/\xf6\x97\x5c>\x96R{\x07\x94u\x01\
0\x04\xb8\x8f\xec'\x11+\xbb\x8b\xf4\x89m\xb2b\x1c\
\xd9\xb7\xef\xf26\x0dID\x14t\x9e\x03\xb1i\xfb\xa3\
\xbd\x85\x075\xd3\x88\xae\xaf#\x06\xc0\x00\xcd\x0e@\x19\
\x8f\x00F\x01\x13\xc8~\x12\xb1\xb6'\xb1\xcfe\x9f\x07\
\xce&\xfb\xb6mo\xd7\x91.upY\xf9\x00\xfa{\
\xff-H\x8e\x85A\xce\xda\x83\xda\xd1\xde\x02\xd0\x96\x13\
\x0e\x90|\xfe\xb5v\xc0\xbf3\xd0\x9b\x92\x8d\x90\x0ab\
YO\x22\xa9\xec\x15d\x81S&6'\x1f\xd7\x00\xa7\
\x00\x07%\xf6\xb5\x8c\xd4!I{,\xfa\xe0rg\xed\
\x81\x8eA\xe8\x7fs\x81\x92\x99\xd4\xde\x01\xb7f\xa07\
\x15\xeb![\xb7YO$\xa9\xed\x15\xca\xb7\x13p\x19\
\xd9\xb5\xe7<$\xa7\x7f\xe4%\xaf\x8d\xc3\xb1\xe9\x87f\
\xe0C\xce\xda\x03\x1dk\xa0\xeb\xf3\x09\xfe\x92\xcb\x87&\
\x88\xea\x9e\x0c\xf4\xa6`\x08rw8\xeb\xc9\xd9\xcb\x9e\
\x04\xfa\x99\xb4\x5c>X\x13\x98\x8bo\x1bNGJ\x04\
\x0fv\xf0\xaf\xacl\x87l\xdb[\xf4\xc7\xd5\xce\xda\x03\
=\x9b\xa2\xeb\xf3\xe7\xfd%\x97\x0fMb\x9b\x873\xd0\
kM#R\xd4(\xebI\xd9\xdb\xee\xa2\x5c\xb7\x03\x0e\
%}\x9b-\x02\xae\x07\xbeH5\xb3.Z2\x12\xbb\
\x1d\xb7%\xc0&\xbe\xf2\x03\x03vD\xd7\xef\x8f\xf9K\
.\x1f/S{\x07<\x99\x81^k. \xfb\xc98\
+\xfb\xadA\xfb\xe5\x05\xcb\xb3\xe4\xf66\x1d8\x13\xa9\
\xf2X\xa6]\x93,\xe9\x83<;\xac\xfa\xe8\x12W\xf5\
\x81\x15\x9fE\xd7\xef\xb7\xf8K\xce\x17\xdd\x0d\xbec\xa1\
\xe2\xb3E\x7f\x0b:\x08\xf8\x86\xc3\xdf\x99\x0d\xdc\x0e\xdc\
\x8b,\xb8^m\xb5\x16\x96\xf5\xe1 dKl\x13$\
\xb0mW\xd2G4\x1f\x83Tt,C0g\x0bR\
\x18\xe9i`\x80\xe1\xf7\xf6\x03^G\xde\xfc[\x0c\xbf\
\xb7\xaa\xf4Bn\x0fmn\xf4}\x8b\x80\x9f\x19}W\
\xe0\x8b\xf6\xf9\xf6\xa6\x89\x8a\x8a\xa3\xd9\xfe.r\x14\xe6\
Z\xa4\xcd\x227\x178\x0b\xd8\x9e\xda\x16j\xdd\x81O\
!;\x143\x12\xea|\x9br\xa5\x0d\xfe\x0ai\xda\xe9\
\xef\xc0j\x8e~\x94\x91\xd5\x80;\xb0\xed\x97\x93]=\
\x08,\xf91\xba\xbe?\xcd_r\xf9\xb8\x95\xda;`\
~\x06z\xadH\xb1]\xdc\x82\xbc-~\x1f\xdb\xc4;\
}\x81\x13\xd1\xdd\xd8X\x99]e\xa85\x0f\xa4:\xd6\
y\x0e\xa9>\x18t\x9d\xd5\x90\xb8\x13\xcb\xfex\x06\xc9\
\xd8\x19\x14\x93\xf3\xd0\xf5\xff\x0f\xfc%\x97\x0fm\xf1\x8d\
\x22\x06\x92\xed\x87\xfd\xe4\xb0\x149+\xee\x9bPw?\
\xe0\xd7\xe8\x927\xad\xc8F'\xd4\xedMO\xe0A\xd2\
,\x02\xde\x05\x8e$\xd2\xcdv\x85\x0f`\x1fh\xbb\x04\
\xb9E\x10\x14\x97\xff\xa0\x1b\x03\x87\xf8K.\x1f\x97\xa0\
\xeb\x84\xa2]\x83j\xc4>\xd3\xdfs\xf8>\x8c>\xc6\
\xb2\x18\x02+\x1bO\xb9\xde\xa6F GT)\x16\x01\
-H<\xc7\x07\xdd\xbc).\xdb\x22\xbbb\xd6\xed\x1f\
\xdb\xbf\xc5G\x9b\xc6{\x0f\x7f\xc9\xe5\xe3\x0ct\x9dP\
\xb4\xccr\xc7a\xfb \xba\x9dl\xf2\xec\xf7\x03\xae\xad\
A\xef\xca\xec\xdb\xae\x1e\xa4g+$\x003\xd5\x22`\
!\xf0\x0b\x8a\x1f\x0c\x9b\x8a\x03\xb0\xbb\xe7\xdf\xde^@\
\x82\x09\x83\xe2\xd2\x80\xae\x14}\x0b\xb0\xa1\xbb\xea\x12\xf2\
\x0bt\x9d\xb0\xb5\xbf\xe4\x9aiB\x22G\xad\x1eD\x17\
#5\xad\xb3\xa2;\xf0\xd7\x0et\xd5j\x13\xc9\xd6\x9f\
\x14\xec\x82L\xd4\xa9\x16\x01-\xc8\xee\xc9.^\x0e\x15\
\x80\x01HZ\xde\x14m=\x97\xd8y)\x03\x1b\xa3\x1b\
\x07\x8b)\xe6\xf1s\xee8\x1a]G\x14\xe9\xec\xd8*\
\xedh\xdb\xe4\x9f\x87s\xe0z\xe0B\xec\xfc*\xe3\xb9\
\xda~\xe8\xaa^v\xc6\x9a\x81k\x80\xcd\x9c|\xca+\
\xa3IWO\xa3\x19\xd8\xdb\xcf\x95 !{\xa3\x1b\x0b\
\xe3\xfd%\x97\x93\x03\xd0uDQ\x0a\xa0\xd4c\x97\xee\
\xf7v\xf2\xf5\xa6\x5c\x0f\xdc\x8c\x8do/\x90\x8f\x85\x8d\
5_%M\xf0\xe4\xf2\xb6\x14\xb92X\xb5\xb7\xd4\xe1\
\xc0E\xa4-\xcc\xf4K7o\x82\xd4\x9c\x82n,\x94\
!wI.\x18\x8d\xae#\x8e\xf5\x97\x5c\x13\x9f\xc4\xe6\
!\xf4\x1c\xd9\x9c\xf9\xaf\x8aA\xd8\x05\x06\xee\xe0+\xdd\
\x8d\xaf\xe0\xb3\x08h[\x08\x5c\x81T\x98,3\xab\x01\
?E\x8a\x22\xa5l\xcf\x9b\x81nN>\x05\xe9\xd1\xe6\
\x83\x88 P#\xb6B\xd7\x11\xbf\xf1\x97\x5c\x13\x97b\
\xf3P\xcf\xf3\xd5\xa3m\xd0\x07\xd6\xb4 \xf7s\xcb\xca\
\x97\x91\xf3C\x8fE@\xdb\x98\xb9\x11\xd8\x93r\x9dY\
6!Gj)\x22\xfc\x97\xb7G\x884\xcce\xa2;\
\xfa\xe2]e<\xaa\xcc\x84\x11\xe8:\xe2R\x7f\xc9]\
\xa6\x176\xd5\xe2\xce\xf2\x16^\x03\xda[\x1d-H\xe6\
\xc12]\x09\x5c\x9e\xcf\xe0_=\xb0\x05\x98\x8a\x94\x0e\
^/\xbd\x8b\xc9\x18\x86\x04\x0e\xbf\x85O\x9b=\x09\x0c\
t\xf1,\xf0\xe2C\xe8\xc7E\xd5cm\xcc\xe8\x81\xee\
\xdc\xeef\x7f\xc9]f\x0f\xf4\x03\xeeu\xd2&\xf9\xb1\
b\x10R\xc0F\xeb\xef\xa7\xbd\x85;\xb3\x05\xbaJ\x98\
\x1akF\xb6@\x8f\x00\xd6M\xed\xa8\x01\x0d\xc0\xee\xc0\
_\x80\x05\xf8\xb5\xd3sH\xa9\xee\xa0\x5c\xfc\x00\xdd\xb8\
\x98C\x1c\x07\x99\xa2\xc95?.\x03\xbd]\xe5,\xf4\
\x0f\xa3\xe3\xdcU\xd7\x8e\xf6fG\x0b\xe5\xaa\x14\xb8\x22\
F %E\xb3X\x04,?\xd1\xfd\x1e\xb9J\x98\x97\
\xe0\xd2\x06\xa4\x16\xc5\x85H\xbd\x08\xef6y\x99r\xd5\
\xa8\x08\x96q7\xba\xb1q\xbb\xbf\xe4r\xa3)\xcd9\
/\x03\xbd]e<\xba\x017\x17\xdb\x0as\xa9\xe9\x8b\
>(\xebQw\xd5\xd9\xd0\x1b\x89\xda\xcfz\x11\xd0~\
\xac\x8dE\x8a\xdc\x8c\xc1o\x12\x5c\x0d\x09\x94\xfd)p\
\x1b\xe9\x83\xfaVfO\x01k\xa6u7\xc8\x88\xfe\xe8\
cp\xe26H+\x16\xe5\x80A\xb6Bk-\xcf\xb9\
\x1a\xcb\xb6\x9d\xf3\xc8 \xf4g\xae\x97 \x85x\x8a\xc2\
\x1c\xa4\xc0\xcf\xc1\x8a\xef\xd8\x129{\x9da!(\xc7\
\xcc\x03\xbe\x84\xbcU\xfc\x11\x09n\xcb\x92\xde\xc0n\xad\
\xd6\xc6Ld\xa7\xed%\xe4(\xea\x0d$\xcd\xf14$\
\xae`*\x92q\xaf#\x1aZ\xbf\xb3\x1f\x12\x0b\xd3\x0b\
\x18\x8a\x1c=\xac\xd7\xce\xd6!\x1fA\x8a7#\xfd1\
'k!A\x12>\x87~\xdez\xd0BH\xb0\x8cs\
\xd0\xad\xc8\xf2\x9c\x0dP{\xcd\xb1\x05)\xe9[4v\
D\xefw\xd5\xb2\xdbm\x06<K\xf6\xbb\x00\xb5Z3\
\xb2`KY>:\xa5\x9d\x8b\xddKM\x90O\xc6\xa2\
\x1b#\x0b)F,\x96\x0b\xf5F\xdf3I\xf9\xf9\xb5\
LT\xa4aK\xe5\xe7g\x03\x0f[\x08q\xe6>\xf4\
o\xefU\xcb\xb5\xfd4\xf0a\xe0\xcf\xc8\xc3\xa6h\xd4\
!GUE:\xae\x02Y\xb8\x1c\x8b\x5c+\x5c\x92\xb1\
\x96 \x1d\xc3\xd1\xbfT\xdcC\xec\x0e\xfd\x7f\xf2\xb2\x00\
\x18i\xa2\x22\x0d\xda(\xeb;(\xe6C\xa9\x05x@\
\xf9\x1d\x1bX\x08)\x18\xf3\x81\xaf#\x0f\xaaH7\x9a\
\x9e\xc9H\xb0\xe1\xef\xb3\x16\x12$\xe7@\xf4\xd1\xfb7\
Z\x08)\x0bV\x0b\x80\xd7\x94\x9f_\xdfDE\x1a\xb4\
\x0b\x80\xbbMTd\xc3\xfd\xca\xcfWm\x07\xa0=w\
\x22W\x05OF\xb6\x1d\x03{\xaeA\xda\xf8\x8e\xac\x85\
\x04\xc9\xe9\x06|\xcb\xe0{b\x01\x90\x00m2\xa0[\
\xfc%w\x9a\xe7\xd0\xf9\xf6y\x7f\xc9fh\xe3\x1f\x1e\
\xf7\x97\x9cK6B\x16\x04Y\x9f\x91\x97\xc5\xe6\x12\x99\
\xdc\xaa\x86\xb6\xf8O\x0b\x12\x04\x1b$\xa0\x0e\xd9\xfa\xac\
\xb5c^uW\xdcy\xa6\xa0\x1bt[\xf8K6C\
\x9b\xe6\xf9e\x7f\xc9\xb9f\x0f\xe4zd\xd6\x13h\x91\
\xedV\xf2\xbdc\x18\xa4\xe1>\xf4c\xe7\xe7\xee\xaa+\
\x84&\x17\xc0R\xb2\xbf>\xb5\x22\xdeA7\xe8\xf2X\
\xf8\xa7\xb3\xac\x89\xce\xf7\xb7\xfc%\xe7\x9e:\xe4mf\
\x1c\xd9O\xa6E\xb2\x97\x80/\xd4\xd0\xdeA\xf1\xf9\x0c\
\xfa\xf1\xd3L\xb1Sh\xe7\x9e\xab\xd1u\xd0\xa6\xfe\x92\
;\x85\xb6\x0e|/\x7f\xc9f\xf4B\xe7\xfb\x02\x7f\xc9\
\x85\xa1\x1e)\xa5\xadM2Uv\x9b\x03\x1cO\xb9k\
K\x04+\xa6\x1e9J\xd4\x8e\xa3{\xbd\x85W\x8dS\
\xd1u\xd0>\xfe\x92;\xc5Bt~\x15y\x07\xa0'\
:\xdf\x17\xf9K.\x1c\xf5\xc8\x9b\xed\x9dd?\xd9\xe6\
\xc9\x16\x22\xf7\xfa\x87\xd7\xde\xb4A\x098\x00\x9b\xf1\xf4\
\x0do\xe1U\xe3\x10t\x1dt\x92\xbf\xe4N\xa1\x89m\
h\x01V\xf7\x97l\xc6\xea\xe8|\x9f\xe5/\xb9\xd0l\
\x09\x9c\x8dd\xee\xcbz\x02\xce\xca\xe6#\x15)\xd7P\
\xb6eP|\xfa#\xd9*\xb5cj\x1eQ\x0e:9\
\xda\xccq\xff\xf2\x97\xdc)\xb4\x03\xb0\xc8\x01K\x1b\xa0\
\xf3}\x8a\xbf\xe4R\xd0\x84\xbc\xf9\xdc\x84\xec\xa2d=\
){\xd8Dd\xab?J\xf7\x06m\x9c\x8b\xcd\xd8:\
\xdd[x\x15\xe9\x8f\xae,p^\xafh<\x85n\xf0\
\x15\xf9\x1a\xa0\xb6\x0c\xf2\xd3\xfe\x92K\xc7 d\xfbr\
,\xbe\xa5t=\xec]\xa4\x90\xd2\x1eDy\xd6\xe0\xbd\
\xec\x8c>\xfe\xaa\x05Y@\x8ft\xd6^Y&R{\
G5#EG\xf2\xc6m\xe8\x06\xe0\x8f\xfc%\x9b\xa1\
-\x0b|\x93\xbf\xe4R\xd3\x1b\x89\x178\x1fx\x85\xec\
'\xf0Z'\xfd\xeb\x80\xafR\xbc\x94\xc3\x81\x0f\x83\x91\
\x0c\x8f\x16\xe3\xedrg\xed\x95\xe6\xdf\xe8:\xeb\xa3\xfe\
\x92W\xc9\x05\xe8|\xba\xd2_\xb2\x19W\xa1\xf3\xfd\x02\
\x7f\xc9\x95b\x0d\xe0+\xc8\x82\xe0q\xf2{\x5c\xf0<\
p&R\xc9-\x8f\x8b\xfc ?\xd4\x01\xd7c3\xee\
\x9a\xa9\xbdJmP\x03\xbfB\xd7a\x87\xfbK^%\
G\xa1\xf3\xe9m\xf2Q&\xb5\xab\xd4#\xf7\xf85\xbe\
\x1f\xe3\xae\xba\xda\xf4D\x8a\x11\x1d\x0a\x9c\x85d\xd8|\
\x15\x9b\xad\xd4\xce\xdaTd\xd7\xecW\xc8\xf1\xd7\xb0\x94\
\x0e\x07\xa5\xe3\xa7\xd8\x8d\xc5\xab\x9d\xb5\x17\x0e\xeb\xd2\x99\
\xcf(?\xffa$\xf0#O<\xab\xfc\xfc \xe4<\
+\xcf\xe9\x8e;b;d+N\xc3\x13\x16B\x82N\
\xb3\x10x\xa4\xd5\xda\xd3\x88\xd4\xb4X\x03\xf8\x00R}\
s(r\xcb\xa3\xffr\xd6\xf6L\xe8\xc5\xb2\xbb\xf7\xf3\
\x80\xc5\xad6\xa3\x9dMC\x8e\xfd&\x02\x13\x90\xdf\x8a\
\xb6\x82dP]\xbe\x8c,\x00,X\x04\x9c`\xf4]\
A'\xd9\x0c\xdd\x8aM\xbb\x80H\xc1@t\xc1\x8d-\
\x14s+\xdc\x22\x02w\x90\xbb\xea \x08\x8a\xc8\xc7\x90\
\xf8\x10\xab\xb7\xff\xd3|\xe5\x07 o\x0f\x9a{\xf3K\
\x80>\xee\xaaW\xcd3\xe8\x06\xe3\x0c\xa0\xaf\xbb\xea\xda\
\xe9\x83h\xd6\xf8<\xce]u\x10\x04Ed\x07$\xe3\
\xa3\xd5\xe4?\x9d\xb8N\xda)\xac\xca\x01\xb7\xb1\x04]\
\x05\xb8n\xc0\xd6FZ,\xb9G\xf9\xf9\x01\xc0\xf7,\
\x848q8\xfa\x08\xed\xdb,\x84\x04APj\xb6G\
n\x0bY\xbe\xf8\xfd\x988\x8a\xca\x8c?\xa0[\xbd\x1d\
\xe7/y\x95X\x14\xa3\x98A1\xd2\x02\xf7\xc5&\xfb\
\xd6\x18o\xe1A\x10\x14\x8a1H|\x89\xd5\x9b\x7f\x0b\
p;r\x93 \xc8\x88\xfd\xd1u`\x1e3\x02\xf6\xc4\
f\x8b\xea\xd7\xde\xc2k@\xbb\x80kAR\x007z\
\x0b\x0f\x82\xa00\x1c\x8a\x04\x95ZN\xfes\x80\xb5\x1d\
}\x08:`}t\x9d\xf8\x16\xf9\x5c\xc1]\x8e~\x80\
.A\x82]\xf2\xca\x87\xb1\xf9Q^\xe4-<\x08\x82\
B\xd0\x03I\xcdk9\xf1\xb7\xd9\xa1\x8e~\x04+\xa0\
\x0e}1\x93\x0f\xba\xab^5;c3H_%\x9f\
\x85)\xfa\x03/c\xe3\xe3.\xce\xda\x83 \xc8?#\
\x81\x07I3\xf9_K>_\x1c+\xc9\x7f\xd0u\xe6\
a\xfe\x92WI\x1dv\xb5\xdb\xaf\xc5>\x07\x83\x86\xee\
\xe8\xb38\xb6\xd98\xe2\x87\x18\x04\xc1{\xf92\x12\x9d\
\x9fb\xf2\x7f\x81|\xbeTU\x96\x1f\xa0\xeb\xd0+\xfc\
%w\x8a#\xb1\x1b\xb4\x97c\x7f\x0b\xa3\x16\xea\x90-\
{+\xbf\xf2\xb8x\x0b\x82 \x1b\x86\x02\xff$\xcd\xc4\
\xdf\x02\xcc%\x9f;\xc6\x95F[\x1ax\xb2\xbf\xe4N\
\xd1\x84\xa4:\xb5\x1a\xbc\x17\x92\xed\x22\xa0;\xb6\x93\xff\
T$\x83\x5c\x10\x04\xd5\xa6\x1b\xf22\xf06\xe9&\xff\
f`_/\x87\x82\xce\xd3\x13}V\xa7\x8d\xdcUw\
\x8ec\xb1\x1d\xc47\x93M\xc6\xbc~\xd8m\xfb\xb7\xd9\
\x11\xae\x1e\x04A\x90GvE_F\xbd3\x16\xb5F\
r\xcc\xdd\xe8:\xf7;\xfe\x92;E#\xf6\xa5X_\
\x05\xb6q\xf4\xe1\xc3\xd8\x05\xfc\xb5\xd9\x04\x96\xe5\xecs\
\xfcW\x00\x00\x1a\xaaIDAT\x8e\x0f\x82\xa0z|\
\x14y\xa1I=\xf1\xb7\x00\xa7:\xf9\x14\xd4\xc8/\xd1\
u\xf0\x0d\xfe\x92;\xcd^\xd8\x0f\xe8E\xc0\x19\xa4\xdd\
\x0d\xe8\x8b\xdc\xf3\xb7\xbe\x7f\xdb\x82\xd4\xa9\x0f\x82\xa0z\
\xec\x80\xdf\xc4\xdf\x82\x1c\x9dF\xa0q\xce\xd9\x0d]'\
\xcfE\xee\x8c\xe6\x95\x1bI3\xb8\xa7\x03Gc[;\
\xa07\x92a\xf1\x8dD\x9a\xf3\xbcX\x0b\x82\xc0\x9e\x1e\
H\xd2\xb7\x87\xf0\x9b\xf8[\x80K\x90\xf8\x82 \xe74\
\xa1\x8f\x03\xd8\xc9]u\xe7\x19\x81\xbe`\xce\xcal\x1e\
2\xd8w\xa4\xb6\xd5n=\x92g\xfb\xdc\xc4:g\x22\
\xe5e\x83 (?\xeb\x00?\x03\xa6\xe0;\xf1\xb7 \
;\xa4\xf1\xe6_ nE\xd7\xe1\xbf\xf4\x97\xdc%\xb4\
i\x8f;k\xd3\x91\x80\xbd\x1f\x01\xbb\x03[\x02k\xb2\
\xacf\xfb`$h\xf23H`\xccUHFE\x0f\
m\xfb\xa8[1\x08\x82<\xd3\x078\x18\xb8\x0b}i\
\xf4Z\xed\xe4\xc4>\x06\x098\x1e]\xa7?\xed/\xb9\
\xcb\x9cM6?\x88<\xd8y\x06\xed\x17\x04A\xfe\x18\
\x84L\xfa\xd7\xa3\xdf\xc9\xd5\xd8b\xe0\xdbi]\x0dR\
\xb15\xfa\x01\xb0\xae\xbb\xea\xae\xd1\x80\x94\x0b\xcez2\
\xf6\xb6\xbb\xc8w\x8cF\x10\x04\x9d\xa7\x0e\xd8\x0ayi\
\xbb\x834\x81\xc2]\xb57\x81O$\xf49HL=\
\xfa\xad\xe8\xef\xb9\xab\xee:C\x90t\x94Y\xff`\xbc\
\xecE\xb2\xc9]\x10\x04\x81\x0du\xc0\xc6\xc07\x80\xcb\
\xb0)\x01ni\x8f#\xb5\x03\x82\x82s\x05\xba\x81p\
\xbb\xbf\xe4\x9a\x18\x09L\x22\xfb\x1fNj\x9bH\xfc0\
\x83\xa0h\xf4G\x8at\x1d\x0f\x5c\x87_\x8cPW\xad\
\x19\x09\x5c\x8e\x8c\xa2%a?t\x03b\x110\xc0]\
umlD\xb9\x17\x01\x93\x81Qf\xad\x15\x04\x815\
\xdd\x90\x92\xec_@j\xb2\xfc\x1dx\x89\xec\x9f\x1d\x9d\
\xb17\x801\xf6M\x12d\xc9\x00\xf4\xe7I\x07\xba\xab\
\xae\x9d\x91\x94\xf38\xe09`m\xbbf\x0a\x82\xa0F\
\xea\x91\xe7\xcc\xce\xc0\xd7\x81_\x01\xff\x00\x9e\x04\x16\x90\
\xfd\xb3\xa2\x16\xbb\x1e9J\x0d\x1c\xf1\xbaSy\x072\
Xk\xe5\xdf\xc0g\x8d\xb4x0\x04\xa9\x80\xb5C\xd6\
B\x8c\xb8\x1f\xf8\x1cr\x1d1\x08\x8244 \xcf\x8e\
\x0f\x00\xc3\x80\xe1\xad6\xac\xf5\xbf\x1b\x02\xac\xd1\xfa\xcf\
\xb2\x04\xe0N\x06\x8e\x02\xae\xceZH\x15\xf1Z\x00\x1c\
\x05\x9c\xa6\xf8\xfc\x22\xa4\xac\xe4,\x1b9.\xf4\x00\xfe\
\x08\x1c\x9e\xb5\x10%g!\x05\x90\x16f-$\x082\
\xa4\x1f\xef\xad\xdc\xd9\x1b\x99\xb0\xdbhB\xea\x84\xd0\xfa\
\xff\xeb\xd7j\xbd\xdb\xd9\x00\xe4N}\xdb\x7f\xee\xdb\xfa\
\xff\xe9\xd3\xfa\xbf\x0dM'?w,\x01NG\x92\x0a\
\xcd\xcbVJu\xf1Z\x00\xac\x0f\x8cW~\xc7\xd7\x90\
\xccxEc\x7fd\x12-J\x1cC\x1b\xb3\x90r\x9e\
\x7f\xcfZH\x10(\xe8\x86d\xaa\x1c\x85\xbcE\x0fn\
\xb5\xa1\xed\xfe}\x00\xcb\x0aY\xf5G\x9e\x8b\x0d\xc8$\
\x1d\xd8\xf3o\xe0\x04`\x5c\xd6B\x02?\xc6\xa1;#\
\xba\xd1_\xb2\x19#HW; \x85]\x87<,\x83\
\xa0(\xf4D\xaa\x5c\x1e\x06\x9c\x89\xfc\xde^@v\xae\
\xb2\xfe=\x85\x89\xdd\x8b\xa46\x0f*\xc8I\xe8\x06\xcf\
\x22\x8a\x7f\xf7|/\xecK\x09[\xdaKDj\xdf\xa0\
\x18\xac\x0b\x1c\x02\x9c\x0f<\x8a<\x1f\xb2\xfe\xfd\x84u\
l\x0f\x10\xd1\xfd\x95gS\xf4\x03\xa9\xe8\xe7\xe9 \xe7\
\x84\xc7\x00S\xc9\xfe\x87\xd9f\xd3\x90\x84Ke\x09,\
\x0a\xca\xc7 `_d\xc2\x7f\x99\xec\x7f3a+\xb7\
f\xa4J\xe8\xc7:\xea\xcc\xa0\x9ah\x8f\x01\x1e\xf4\x97\
\x9c\x8cF$\xc7\xf5\xf3d\xf7#}\x118\x94e\xc1\
KA\x90'\x06!\xd7\xdcnE\x82\xc6\xb2\x9e\xd4\xc2\
Vms\x90\x1a!\x9bt\xd0\x9fA\xc5\xf9\x19\xfa\x01\
\xb6\x91\xb7\xe8\xc4\xd4!e\x8f/C\x02\xef<~\xa0\
\x17#\xd72\xdbG5\x07A\x1e\xe8\x89\x04\xce\xdeH\
l\xeb\x17\xc9\xfe\x07|\x93\x08\x9c\x0cV\xc2\x07\xd1\x0f\
\xb4\xbc\x97\x08\xd6\xd0\x03)\xf7{6R\x09\xd1\xa2\xf4\
f3\x92\xc4\xe7t`4\xf1\xb6\x1f\xe4\x93\xb5\x80S\
\x90lpYOfa\x9d\xb3I\xc0\xef\x91\xa2oA\
\x01\xf1\xba\x06\xd8\x9e\xa7\x91x\x80Z\x99\x8cd\xc1j\
\xb6\x91\x93k\x06\x22\x91\xcd\x1b\xb7\xdaH$1\xc8\xea\
\xc8D\xde\x0d\xb9K<\x1by\xb3\x9f\x83\xb4\xcf+\xc0\
\x04\xe01$@\xaaH\xf9\x13\x82j\xb15\xf0#\xe0\
\xf3\xc8x\x0e\xf2\xcd[\xc05\xc0\xdf\x90\xa8\xfe*<\
\x87\x03C\x8eG\xbf\xf2\xdc\xcd]u\x10\x04\x96l\x05\
\x5c\x8b\xcd.WXZ{\x1aI7\xbc=ql\x18\
(\x19\x81>\xa0\xe7\x1aw\xd5A\x10X\xb0.\xf2\xfb\
\x8d\x89?\xbf\xf6&R[\xe00`\x9d\x8e\xbb1\x08\
j\xe7\x16t\x03t1\x91\xa8&\x08\x8aD/\xe0d\
\xe0]\xb2\x9f\xe0\xc2\xdek\x93\x80\xab\x80\xef\x02\x9b\x93\
\xcd\xd1pP!\x0e@?h\x7f\xe2\xae:\x08\x82Z\
\xd8\x03\x98H\xf6\x13]\x18\xcc\x04\xeeD\x82\xf7\xf6E\
\x8a\x0b\x05\x15%\xab\x95\xdejH\x22\x9c>\x8a\xefx\
\x0d\xd9N\x5cj\xa2(\x08\x02k\xfa \x13\xcd7\xb2\
\x16RA\x16\x22\xf5W\x9e\x07\x9eAJ\x05?\x09\xbc\
\x9a\xa1\xa6 gd\xb9\xd5s1p\xb0\xf2;>\x87\
d\x9b\x0a\x82 _l\x8f\xe4\xb6X7k!%f\
\x1a\xb2}?\x09y!\x9a\x88\xa4\xf3~\x0e\x99\xe8\xe3\
\xe5(X)Y.\x00\xb6\x07\xeeS~\xc7-\xc8\xdd\
\xf6 \x08\xf2\xc3\xb7\x90R\xd8\x0d\xab\xfa?\x06\xefc\
)0\x1d\x98\xd1\xee\x9fo \x93\xfc\xab,\x9b\xf0'\
\x11%\xba\x03%Y\x07{<\x05l\xa6\xf8|K\xeb\
\xe7\xa3\xacd\x10dO#p\x0eR\xba\xbbl4#\
\xf96\x96g\x110\xbf\xdd\x7f\x9e\x8d\xdcr\x9a\x8dL\
\xd0\xef\xb4\xfe\xef\x8b\x96\xfb\xdf\xde\xe1\xbd\x13}\x9bu\
\xf47\x82 \x09Y/\x00\x8e@Jwj\xf8\x13q\
\xc6XU\x86\x00[ w\xca7D\xae\x98\xae\x89$\
J\xea\x8e\xd4v_\x8c<\x80g\x02\xf3\x90\xb7\xa9\xb6\
\xb3\xd1\x17\x80\xc7\x81\xb7\xbd\x85\x97\x90\xfe\xc8q\x5c\x1e\
\xcb\xbd.e\xd9\xf6\xf8T$Y\xd6\xb4V\x9b\xd5j\
\xb3[mq\xebg\xe6\x22\x93u\x10\x94\x96\xac\x17\x00\
\xfd\x80)\xc8\x15\xa1ZY\x80\xa4\x11}\xcbDQ\x90\
g\x9a\x90$P\x9fj\xb5\x0d\x0c\xbe\xb3\x19Itr\
G\xab\xdd\x86\x8c\xa9\xa0\xf3\x0c\x07\xc6\xa2\xdb\xcd\xb3b\
\x1a\xcb2`>\x81,\xf4^B\xde\xc0\x83 \xc8\x19\
\x17\x11W\x02\x83\x15S\x8f\xd4G\xb8\x0cIu\x9c\xfa\
\x9a\xd4,\xe0\x02\xe4M6\xeb\x05r\x11\x18\x89\xa4\x9e\
\xce\xeaZ\xdb$\xe0R\xe0\xab\xc8\x8b@\x10\x04\x05b\
[\xf4\x0f\x81\xa9D\x91\x9b\xb2\xd1\x1b8\x12\xd9\xae\xcf\
jr\x19\x8f\x94\xa3\xed\x91\xd8\xd7\xa22\x02y\xbb\xf6\
\xee\x97\xc7\x81\x9f\x22\xc7?A\x10\x14\x9c\x07\xd1?\x14\
\x0ewW\x1d\xa4\xa0\x098\x1aIG\x9a\xd5\xc4\xdf\xd1\
[\xe6w\x88Ef{\x86\x22\xdb\xeb^}0\x158\
\x15\x89\xf5\x08\x82\xa0D|\x19\xfd\x03\xe2\x15$\xf0+\
(.\xfb\x22\x93m\xd6\x13\xfe\x8a\xec%\xe48\xa2\xea\
4\x01\x0f\xe3\xd3\xe6\xf7\x01{\x11\xbf\xed (-\x0d\
\xd8<\xf8\x0f\xf4\x16\x1e\x980\x12\xb8\x91\xec'\xf8\xce\
\xda\xd5\xc8\xf6w\x15\xa9\x03\xfeN\xfa6\xbe\x1e\xc9\x15\
\x12\x04A\x05\xb0(\x13<\x8e(WY4\xf6C\x02\
\xef\xb2\x9e\xd4\xbbjo\x03c\x12\xb4G\xde\xf9\x09i\
\xdb\xf5\x01\xf2y\x950\x08\x82\x84\x0cD\xeekk\x1f\
 {y\x0b\x0fj\xa2'67@\xb2\xb4f\xe0w\
T'\xe3\xdd\xce\xe8Ky\xaf\xc8\xde\x00\xf6'n^\
\x04Ae9\x07\xfd\x83\xe4\x09\xe2!\x92w\x86 g\
\xbbYO\xe0Vv\x17\x92\x08\xa7\xcc\x0cArv\xa4\
h\xbfK\x81A~\xae\x04A\x90GFa\xf3\x86\xb1\
\xaf\xb7\xf0\xa0\xd3\x8c\x02&\x90\xfd\xa4mmO\x22\x09\
q\xca\xca\xd5\xd8\xb7\xd9\x1c\xe0K\x9eN\x04A\x90o\
\xfe\x8a\xfe\xc1\xf2,\xd0\xcd[x\xb0J6B\xd2\xb0\
f=Y\xa7\xb2W\x90\x05N\xd9\xd8\x07\xfb\xb6z\x1a\
\x9bL\x8eA\x10\x94\x88\xcd\x91\xb3U\xed\x03&n\x04\
\xe4\x8b\xf5\x904\xadYO\xd2\x1e\x8b\x802\xed\x04\xf4\
F\xee\xe0[\xb6\xd1m@_O'\x82 (\x0e7\
\xa0\x7f\xc8\xbcDu\x82\xb3\xf2\xce\x10\xe0E\xb2\x9f\x9c\
\xbd\xecI\xa4\xceE\x19\xf8!\xb6m\xf3W\x22\xb3b\
\x10\x04+a{l\x1e6\x87y\x0b\x0f\xdeG#\xf0\
\x10\xd9O\xca\xdev\x17\xc5_\x80\xf6G\xca\xd5Z\xb5\
\xc9\x15\xc4\xd1\x5c\x10\x04\x9d\xe0N\xf4\x0f\x9ci@\x1f\
o\xe1\xc1{\xb8\x80\xec'\xe3\xac\xec\xb7\x06\xed\x97%\
'c\xd7\x16\xd7R\xfc\x05Q\x10\x04N|\x0c\x9b\x07\
\xcf\xcf\xbd\x85\x07\xff\x9f\x83\xf0\x99hg\x01\xd7\x00G\
\x01\x9fC\xe2H\xfa\x22\x8b\xbf\x01\xad\xb6\x1e\xf0\x05d\
K\xfbJ$\x91Oj]\xcd\x147YP\x1f\xec\x12\
4\xfd\x0fI\x1f\x1c\x04A\xd0inA\xff\xf0\x99O\
u\xd3\xb6f\xc9Z\xa4-\xdf;\x178\x0b9.\xaa\
%O|w\xe0S\xc8\x0e\x85\xe56\xf7\xf2\xf66\xc5\
\x1c\x7fGb\xe3\xff4`Mg\xedA\x10\x94\x80\xed\
\xb0y\x08]\xec-<\xe0&\xd2L\xa8\xaf\x03\xdf\xc7\
6\xf1N_\xe0D`f\x22\xcdW\x19j\xf5\xa0\x1e\
\x9b2\xcc\xcd\xc0'\x9d\xb5\x07AP\x22,n\x04,\
\x05\xb6\xf4\x16^a\xf6\xc3~\x12]\x0a\x9cI\xda\xeb\
c\xfd\x80_\x93&\xdd\xed\xe8\x84\xba\xad\x19\x83\x8d\xcf\
gz\x0b\x0f\x82\xa0\x5cl\x8dM^\x80{\x88\x14\xc1\
\x1e4b\x9f\xe9\xef9d7\xc8\x8b\x8f\x01\xaf\x1a\xfb\
0\x1e\xa9\x7fP\x04\xaeE\xef\xef\xcb\xc0j\xde\xc2\x83\
 (\x1fWa\xf3\x10\x8e\xe4@\xe99\x0e\xdb\x89\xf3\
v\xb2\xc9\xb3\xdf\x0f\x9b\x89\xb0\xbd}\xdb\xd5\x83\xda\x18\
\x04,D\xef\xebA\xde\xc2\x83 ('\xeb\x02\x0b\xd0\
?\x94\xa6Q\x9e\x04-y\xa4\x17\xf0&v\x13\xe6\xc5\
d\x9b4\xa6\x1bp\x09v\xfe\xbcF\xfe\x93\xe0|\x1b\
\xbd\x9f/S[`f\x10\x04A\x87\x9c\x8e\xcdC\xf8\
w\xde\xc2+\xc4\xe1\xd8N\xfey8\xb2\xa9\x07.\xc4\
\xce\xafC|\xe5w\x99\x07\xd0\xfb\xf8Mw\xd5A\x10\
\x94\x9a\xc1\xd8\xdcK^\x04l\xe2\xac\xbd\x0a\xd4c\x97\
\xee\xf7v\xf2\xf5\xa6\x5c\x0f\xdc\x8c\x8do/\x90\x8f\x85\
MG\x0cG\x1fo3\x03\xd9\x09\x0a\x82 0\xe5\x04\
l\x1e\xc2\xf7 \x0f\xf5\xc0\x8eOb\xd37\xcf\x91\xcd\
\x99\xff\xaa\x18\x84]`\xe0\x0e\xbe\xd2;\xcd\xff\xa1\xf7\
\xed\x0f\xee\xaa\x83 \xa8\x04M\xc89\xaa\xc5C8\xea\
\x04\xd8r)\xfa>Y\x8ao\xb4\x7fW\xd9\x06\xd9A\
\xd2\xfay\x9e\xb7\xf0Nr5z\xdf6vW\x1d\x04\
Ae\xb0\xbac>\x0b\xf8\x80\xb3\xf6\xb2\xd2\x0b\xc9\xcc\
\xa7\xed\x93\xb3\xbc\x85\xd7\xc0\x19\xe8\xfd\x9cA\xfe\xae\x04\
6\x00\xb3\xd1\xf9\xf5\x98\xbb\xea \x08*E\x1d\xf0_\
l\x16\x01\xd78k/+{\xa0\xef\x8b\xd7)F\x8d\
\xf8A\xc0t\xf4\xfe~\xda[\xf8*\xd8\x16\xbdO\xc7\
\xbb\xab\x0e\x82\xa0rl\x8e]\xb6\xb6=\x9d\xb5\x97\x91\
\xb3\xd0\xf7\xc3q\xee\xaak\xe7h\xf4\xfe\xe6\xadR\xe0\
\xf7\xd0\xfb4\xca]u\x10\x04\x95\xe4Ll\x16\x00S\
\x91\xb7\xba\xa0v\xb4y\xe3\xe7\x22\x15\xfb\x8aB_`\
\x1e:\x9f\x1fuW\xbdr\xfe\x81\xce\x9f\x17\xfd%\x07\
APU\x06`\x97t\xe6Jg\xedeb\x10\xfa\xab\
cE\xcc\x19\x7f1:\x9f\x97\x02\x03\xddU\xaf\x98I\
\xe8\xfc9\xc7_r\x10\x04U\xe6\xeb\xd8,\x00Z\x80\
/:k/\x0b\xa3\xd1\xb7\xfd\xf6\xee\xaa\xf5\xec\x88\xde\
\xef]\xdcUw\xcc\x00\xf4\xbe\xec\xed\xae:\x08\x82J\
S\x8f\xdc\xe9\xb7X\x00\xbc\x0d\x0c\xf3\x95_\x0a\x8eG\
\xd7\xee\xb3(f\xda\xd8:\xf4\xc1\x80\xdfrW\xdd1\
\xdb\xa3\xff\xfd\xac\xe1\xae:\x08\x02\x15EO\x86\xd3\x8c\
\xec\x02,4\xf8\xaeAH\xca\xd7\xa0kh\x03\xbfn\
G\x02:\x8bF\x0b\x926W\xc3\x06\x16B\x0c\xd0\xde\
\xdd\x9f\x0aL\xb6\x10\x12\x04\x81\x1fE_\x00\x80\xa4V\
\xfd\xb5\xd1w\x8d\x01\x0e5\xfa\xae\xaa\xb0\x8e\xf2\xf3\xf7\
\x98\xa8\xc8\x86\xfb\x95\x9f\xdf\xd0D\x85\x9e\x8d\x94\x9f\xcf\
[@c\x10\x04\x9d\xa0\x0c\x0b\x00\x80_\x22\x0b\x01\x0b\
N#j\x05t\x05\xed\xd6\xef\x04\x13\x15\xd9\xa0\x9d\xf8\
\xf2r\xe4\xb4\x96\xf2\xf3V\xbf\xbd \x08\x1c)\xcb\x02\
`!R\x81\xac\xc5\xe0\xbbz!W\xa2\x9a\x0c\xbe\xab\
\x0ah\xf3\xf6\x17y\x01\xf0\x86\xf2\xf3}LT\xe8\xd1\
f\xc4\x8c+\x80A\x10d\xcey\xd8\x04\x04\xb6P\xcc\
\xabiY\xf0\x0e\xbav\xcec\xe1\x9f\xce\xb2&:\xdf\
\xdf\xf2\x97\xdc!\xda*\x8e\xbb\xfaK\x0e\x82 x/\
}\x80W\xb0Y\x004\x03\x9f\xf5\x95_H\x96\xa2k\
\xe7\x22\x97\x8e\xed\x85\xce\xf7\x05\xfe\x92;D\x9b\xd4h\
3\x7f\xc9A\x10\x04\xefg\x07\xf4\x93R\x9b\xcd\x00\xd6\
\xf5\x95_8\xb4\xd5\xf1\xfa\xf9K6\xa3':\xdf\x17\
\xf9K~\x1f\xdd\xd0\xffN\x86\xb8\xab\x0e\x82 X\x01\
\xa7c\xb3\x00h\x01\xfe\x074\xfa\xca/\x14\xf3\xd1\xb5\
\xef\xea\xfe\x92\xcdX\x1d\x9d\xef\xb3\xfc%\xbf\x8f\xde\xe8\
\x7f#E\xcc\xe3\x10\x04AI\xe9\x85D&[-\x02\
\xce\xf7\x95_(\xa6\xa1k\xdb\xf5\xfd%\x9b\xb1\x01:\
\xdf\xa7\xf8K~\x1f\xdaE\xccb\x7f\xc9A\x10XP\
\x96[\x00\xcb\xf3\x0ep0r\x14`\xc17[\xbf/\
x?o*?_\xe4+\x97\xda\xc5\xcbt\x13\x15:\
\xb4\xbb[EL\xe2\x14\x04\x01\xe5]\x00\x80di\xfb\
\x85\xe1\xf7\x9d\x03li\xf8}eA\xbb\x00\xd8\xd4D\
E6h\x13\xf9\x94!{^,\x00\x82\xa0\xa0\x94y\
\x01\x00\xb2\x00\xb8\xcf\xe8\xbb\x9a\x80k)\xf6\x99u\x0a\
^Q~\xbe\xc8\x11\xe4\x1fU~~\x92\x89\x0a\x1d\xda\
@\xc4\x9e&*\x82 p\xa7\xec\x0b\x80%\xc0~H\
4\xbf\x05#\x81\x7f\x11\x0f\xbd\xf6<\xaf\xfc\xfc\xae@\
\x83\x85\x10g\xea\x80O(\xbfC\xdbv\x16h\x17\x00\
\x0dD\x10`\x10\x049\xe6K\xd8\x05\x04\xb6\x00\x17\xf8\
\xca\xcf5\x16\xe5\x80wsW\xad\xc7\xa2\x82^\x1e\xca\
\x01ks\x19\xb4P\xec\xab\x9cA\x10T\x80\x8b\xb0]\
\x04\x1c\xe9+?\xb7\x0cD\x92&UmAu.\xfa\
14\xc8]\xf5\xfb\xa9CRik\xfcX\xcf]u\
\x10\x04A\x17X\x0dx\x06\xbb\x05\xc0b\x8a\xf9\xe6\x9a\
\x02m\xbb\xce\x00\xfa\xba\xab\xae\x9d>\x88f\x8d\xcf\xe3\
\xdcU\xaf\x98\xc9\xe8|\xf9\xb8\xbf\xe4 \x08\xb4\x94=\
\x06\xa0=\xf3\x81}\x80\xb9F\xdf\xd7\x1d\xb8\x0a\xd8\xc2\
\xe8\xfb\x8a\x8c\xb6\xa4\xef\x00\xe0{\x16B\x9c8\x1c\xd1\
\xac\xe16\x0b!Fh\x8b\x1ai\x8b\x09\x05A\x10\xb8\
`\x1d\x0f0\x19}I\xdc\xa2\xf3\x19\xf4\xed8\x83b\
\x14\x06\xea\x8b>\xf9Q\x0b0\xc6[\xf8J\xb8\x11\x9d\
/?\xf6\x97\x1c\x04AP\x1bg`\xbb\x08x\x8aj\
\x07B\xf5\x04\xe6\xa0o\xc7_{\x0b\xaf\x81?\xa0\xf7\
s\x16\xf9J/\xad\xad\xa2y\x85\xbf\xe4 \x08\x82\xda\
\xe8\x81$\x0a\xb2\x5c\x04\xdcF1\xaf\xb3Yq9\xfa\
6\x5c\x02|\xcc[x\x17\xf80\x12\xfb\xa1\xf5\xf3\x22\
o\xe1\xab\xe0ht\xfe<\xee/9\x08\x82\xa0v\xd6\
\xc4f+w\xf97\xa1*\xc5U\xb4ggl\xda\xf0\
U\xf2\xb9\x9b\xd2\x1fx\x19\x1b\x1f\xf3p\xfd\xaf={\
\xa0\xf3g\x11\xc5.\xeb\x1c\x04A\x05\xd9\x1e\xa9\xc9n\
\xb9\x088\xc7\xd5\x83\xfcP\x07\x8c\xc7\xa6\x0d\xaf%_\
\xc9e\xba\x03\xff\xc6\xc6\xb7qH[\xe5\x89\xf5\xd0\xfb\
\xb5\x93\xbb\xea \x08\x02%\x87`\xbb\x00h\xc1\xb6\x06\
A\x918\x12\xbb6\xbc\x9c|\xec\xa6\xd4a\x9bC\xe2\
0_\xf9\x9d\xa2\x1br;F\xe3\xd7\x0f\xddU\x07A\
\x10\x18p:\xf6\x8b\x80\xa3]=\xc8\x07M\xc0T\xec\
\xda\xf0B\xb2]\x04t\xc7v\xf2\x9fJ~\xb7\xca\xef\
@\xe7\xdb\x9d\xfe\x92\x83 \x08\xf4t\x07n\xc5v\x01\
\xd0\x0c|\xdd\xd3\x89\x9cp,\xb6\xedx3\xd9d\xcc\
\xeb\x87\xdd\xb6\x7f\x9b\x1d\xe1\xeaA\xd7\xf8\x15:\xdf\x16\
\x91\xcf\xd8\x8d \x08\x82U2\x10)\xceb\xf9\xc0_\
\x0a|\xcd\xd3\x89\x1c\xd0\x88T\x08\xb4l\xc7W\x81m\
\x1c}\xf80v\x01\x7fm6\x81|\x17\x91\xfa<z\
\x1f\xf7uW\x1d\x04A`\xc4($+\x9a\xf5\x22\xe0\
 O'r\xc0^\xd8\xb6a\xdb\x1b\xe6\x19\xa4\xdd\x0d\
\xe8\x8b\xdc\xf3\xb7\xb8\xea\xb7\xbc}!\xa1n\x0b\x06#\
cU\xe3\xe3U\xee\xaa\x83 \x08\x0c\xf9\x08\xf0\x0e\xb6\
\x0f\xff%\xc0\x01\x9eN\xe4\x00mv\xb9\x15\xd9t$\
\xbe\xc2\xb2v@o\xe08\xec\x17\x7fmv\x83\xa1\xd6\
\x94<\x84\xce\xcfw)F6\xc7 \x08\x82\x15\xb2'\
\xfa\xb7\xa1\x8e\x16\x01\xfb{:\x911#\xd0\x17\xccY\
\x99\xcd\x03.\x01v\xa4\xb6ku\xf5\xc85\xd0s\x13\
\xeb\x9c\x09\xacU\x83\xbe,8\x09\xbd\xbfU\x8c{\x09\
\x82\xa0d|\x0f\xfb\xc9`\x09r\xed\xb0*\xecO\xba\
\x89\xb5\xbdMG\x02\xf6~\x04\xec\x0el\x89$z\xea\
\x85\x9c\xbb\x0f\x066Bj\x16\x1c\x83lU\xbf\xe5\xa4\
m\x1fu+\xfa\xf1Q\xf4\xfe>\xe6\xae:\x08\x82 \
\x01\xbf\xc7~Bh\x06\xbe\xe3\xe9D\xc6\x9c\x8d\xcfD\
\x9bG;\xcf\xa0\xfd<\xe9\x06\xbc\x8e\xde\xef<\xa7s\
\x0e\x82 \xe8\x14u\xc0\xc5\xa4\x99\x1c\xaa\x928\xa5\x01\
)\x17\x9c\xf5d\xecmw!5'\x8a\xc6i\xe8}\
\xbf\xc6]u\x10\x04A\x02\xba#\xa9iSL\x12\xbf\
\x22\x7fiaS0\x04x\x81\xec'e/{\x91l\
r\x17X\xb0\x0dz\xff\x97\x02\x9b{\x0b\x0f\x82 H\
A\x0f`,i&\x8bK\xa8F\x15\xc15\x90\xfb\xfc\
YO\xce\xa9\xed5`\x1d\x9b&\xcb\x0c\x8b|\x18\xff\
tW\x1d\x04A\x90\x88\xbe\xc0\xffH3i\x5cO~\
S\xc4Z\xb2\x110\x89\xec'\xe9T6\x19\xc9%Q\
t\x8eC\xdf\x16\xcd\xc0V\xde\xc2\x83 \x08R1\x18\
x\x8a4\x93\xc7\xfd\x14w\xdb\xb8+\x8c\xa4\x9c\xc7\x01\
\xcf\x01k\xdb5S\xa6\x0c\xc4&\x17\xc6\x95\xde\xc2\x83\
 \x08R2\x04)\xe9\x9ab\x12y\x16\x99 \xcb\xce\
\x10\xe0^\xb2\x9f\xb4\xad\xec>\xca\xb7x\xfb\x13\xfav\
Y\x82\x94\x1a\x0e\x82 (\x0d\xc3\xb0\xaf\x1b\xd0f\xd3\
\x90l\x84e\xa7\x07p\x0e\xd9O\xdeZ;\x93|\xe7\
\xf8\xaf\x95-\xb0i\x9f\xa2]\x85\x0c\x82 X%\x1f\
\x00\xc6\x93fRy\x17\xf8\x92\x9f+\x99\xb2?i3\
\xf1\xa5\xb2\x99\x94\xbf\x8f,\xaa!\xbe\x0b\x0c\xf5\x16\x1e\
\x04A\x90\x9a5\x80\x97H3\xc14\x03'R\x8dk\
\x82#HW; \x85]\x87,\x00\xcb\xce6\xc88\
\xd4\xb6\xd7\x09\xde\xc2\x83 \x08<\x18\x81\x9c\xdd\xa7\x9a\
l\xfe\x0a4\xb9y\x93-{a_J\xd8\xd2^\xa2\
X\xa9}-\xb8\x1e}\xbb\xbd\x8c\xd4^\x08\x82 (\
\x1dC\x80'H7\xf1\xfc\x8f\xe2\x14\x94\xd1\xd2\x88\xe4\
\xeb\x9fJ\xf6\x13~\x9bMCjC\x141\xb3\x9f\x96\
\x0fa\xd3\x86\xa3\xbd\x85\x07A\x10x1\x00}9\xd5\
\x95\xd9\x9b\xc0'\xdd\xbc\xc9\x9eF\xe0\xdb\xa4\x0b\xb6\xec\
\x8c\xbd\x08\x1c\xda\xaa\xa5\xca\xdc\x8a\xbe-\xafvW\x1d\
\x04A\xe0H_\xe0n\xd2MH\x8b\x81\xa3\xdd\xbc\xc9\
\x07u\xc0N\xc0e\xc0,\xd2O\xfas\x90\xfa\x0f;\
\x13\xdb\xd6m\xec\x86\xbe]\xdfE~\x1fA\x10\x04\xa5\
\xa5\x17\xff\xaf\xbd{\x8b\xb1\xab*\x038\xfe\x9f\xa1\x17\
\x07Z\x8aB+ P\xbc\xe0X[\xaa\x96\x8a\xd0\xa2\
\xd2D\x1e$\x88\x11\x05\x8cZBL4!T\x1f4\
F#\x11D\x9b\xc8\x93\x096\xa8\x81\x18#\x14Q\x14\
\xf5\x01\xefJQTL\xbd\x041T\xad\xa1\x15\xa8\xd5\
r+\xb4\xf6\xc6Lg|\xf8\xce\xd8Q\xdb\xceL\xd7\
\xdek\xeds\xf6\xff\x97|\xe9<\xcc\xf4|\xeb\x9c5\
\xb3\xbe\xbd\xf7\xbaT3{\xfapq\x070;W\x83\
\x1ad\x06q\xdc\xefM\xc0\x1f\xa9f\x82\xda\x08\xb1\x89\
\xcf\x8d\xc4m\xea\xb6_\xed\x1fL\x1f\xd5<\xe2Z\x99\
;qI\x87\xd6\x86\x19\xe6%L\x03n\x01\xae\xac\xf1\
56\x12\xcb\xd0\x1e\xa8\xf15\x9a\xee\x05\xc0k\x81\x05\
\x9d\x98\x0f\x9c\x04\xcc%\x06\xf2\xa3\x88\xab\xceg\x89+\
\xfb\x1d\xc4v\xbd\x9b\x80\xcd\xc4\xd9\xf5\xbf#\xee,\xe8\
\xf0\xde\x0d\xacM\xfc?\xee\x06\xdeRA.\x92\xd4h\
}\xc4i\x7fu\xde\x09\xd8\x03\x5c\x95\xabAj\xb5\xe9\
\xa4O\xcc\xdcG;\xef\x5cIj\xa9\x0f\x12\xc7\xa3\xd6\
Y\x08|\x1d\x9f\xaf\xaa~\x9f%\xbd\xaf^\x9c=k\
I*\xe8r\xe2j\xbd\xce\x22`\x13\xb0<W\x83\xd4\
J\xaf&\xbd\x9f\xae\xc9\x9e\xb5$\x15\xb6\x0c\xd8F\xbd\
E\xc00\xb0\x9a\xb8]+\xd5!\xf54\xcc\xbf\xe4O\
Y\x92\xca{1\xf5\x9d$8>~\x03\x0cfj\x93\
\xda\xe5#\xa4\xf7\xcfy\xd9\xb3\x96\xa4\x06\x98\x03\xfc\x90\
\xfa\x8b\x80]\xc0*\x5c\xcb\xaej-$\xbdo^\x98\
=kIj\x88i\xe4;\x0a\xf7gx&\xbb\xaa\xd3\
\x07l%\xadO^\x97=kIj\x98\xf7\x01{\xc9\
s7\xe0C\xc4\xbax)\xd5m\xa4\xf5\xc7\xef\xe4O\
Y\x92\x9a\xe7\x1c\xe0\xef\xe4\xb9\x1bp?q\x0bWJ\
q%i\xfd\xf0\xa1\xec\x19KRC\xcd\x05\xd6\x91\xa7\
\x08\x18\x22\xb6\xbd\x9d\x95\xa5e\xeaE\x8bI\xeb\x83{\
pn\x8a$\xfd\xc7\x0c\xf2\xcd\x0b\x18%\xb6\xc2\xbd(\
K\xcb\xd4k\x06H\xdf\xdc\xea\x94\xecYKR\xc3\xbd\
\x8b\xd8\xb3>W!p\x17pj\x96\x96\xa9\x97l&\
\xad\xdf-\xc9\x9f\xb2$5\xdf \xf0\x07\xf2\x15\x01\xbb\
\x88\x99\xd9G\xe7h\x9czB\xeaR\xd6\x0b\xf2\xa7,\
I\xdda\x808Q0W\x110\x0a<\x02\xbc\x13O\
\x89\xd4\xc4\xbeFZ_\xbb,\x7f\xca\x92\xd4]\xdeC\
\xdeG\x02\xa3\xc0}\xc0\xd2\x1c\x8dS\xd7\xba\x95\xb4>\
\xb62\x7f\xca\x92\xc6s&n\xf3\xad\x05\xce$\x06\xe5\
\x5c\xce\x03\xd6\x03w\x02gd|]u\x8f\xa1\xc4\x9f\
\xf7.\x93T\x98\x05@wx\x04X\x01\x5cK\x1c\xf8\
\x93C\x1fp)\xb1f\xfb&\xe0\xc4L\xaf\xab\xee0\
\x9a\xf8\xf3\x16\x00\x924Eg\x03\x1b\xc9\xfbH`\x14\
\xd8\x09|\x1ax~\xfdMT\x17\xf8\x1ei\xfd\xe9\x92\
\xfc)KR\xf7\x9bE\xec\x190B\xfeB\xe0\x19\xe0\
z,\x04\xdan\x03i\xfd\xe8\xfc\xec\x19KR\x0fY\
\x01<L\xfe\x22\xc0B\xa0\xdd\xfa\x88\xa5\xa3)\xfdg\
Q\xf6\xac%\xa9\xc7\x1c\x03\xac!}g\xb6\x94B\xe0\
38G\xa0MR\xb7\x02\x1e\xc5\xad\xa8%\xa92o\
\x00\xfeJ\x99\x22`\x948\xd5\xf0f\xe0\xe5u7T\
\xc5}\x9c\xb4\xbe\xf2\xcf\xfc)KRo\x1b\x00V\x03\
\xfb(W\x08\xec\x07\xbe\x09\x9c[s[U\xce\xafH\
\xeb#\xf7\xe4OY\x92\xdaa\x01p/\xe5\x8a\x80\xb1\
X\x0f\x5c\x01\xcc\xac\xb5\xb5\xcai\x90\xf4\xc7M7d\
\xcfZ\x92Z\xa4\x8f8\xb7\xfd\x09\xca\x17\x02\xdb\x88%\
\x84'\xd7\xd9`eq\x1b\xe9\xfd\xe1m\xd9\xb3\x96\xa4\
\x16:\x1e\xf8\x02\xb1\x81P\xe9B\xe09\xe0[\xc0\x85\
\xc0Qu6Z\xb5\x18$\xbd\x1f\x0d\xe1\xca\x11I\xca\
\xeaU\xc0:\xca\x17\x01c\xf1(\xf0I\xe0\xb4\x1a\xdb\
\xac\xea\xf4\x91\xbe\xf9\xcf(\xf0\xcb\xdc\x89K\x92\xc2;\
H?\xcb\xbd\xca\xd8O\x1c-\xbb\x12\x97\x865\xd9\xd5\
T\xf3y\xaf\xca\x9d\xb8$\xe9\x80\x01\xe0\x1a\xe0Y\xca\
\x17\x00\xe3c\x17p;\xf1\x88`Zm\xad\xd7T\xad\
\xa0\x9a\x95%\xbb\xf1\xf6\xbf$5\xc2\x5c\xe0F\xca.\
\x1b<T<\x0e|\x11x\x13\x16\x03%-\x05\x9e\xa6\
\x9a\xcftm\xe6\xdc%I\x13x\x09\xf0U\xca\x9c-\
0\x99x\x12\xf8\x12qg`FM\xef\x81\xfe\xdf\xeb\
\x89\x9d\x1e\xab\xfa\x1c\xcf\xcf\x9a\xbd$i\xd2\xce\x02\xbe\
O\xf9\x01\xffp\xf1\x0cp'\xb1\xc4q^-\xef\x82\
\x00\xdeK\xec\xeeX\xd5\xe7\xf6k<\x02X\x92\x1a\xef\
\x5c\xe0\x07\x94\x1f\xec'\x8a\xfd\xc4fC\xd7\x11\xc7$\
\xbb\xb40\xddqT\xb3\xd6\xff\x7f\xe3\x8d9\x1b!I\
J\xb3\x0c\xf8\x11\xe5\x07\xfa\xc9\xc6v\xe0\xdb\xc4L\xf3\
W\xd6\xf0~\xf4\xba\xcb\x80\xc7\xa8\xfes\xf9n\xceF\
H\x92\xaa\xb3\x9c\xf8#\xde\xd49\x02\x87\x8a\xad\xc4\xdc\
\x86U\xc0\x12\x9cLx(\xe7Q\xdf\xd6\xd1\xcf\x01g\
fk\x89$\xa9\x16\x8b\x89\x99\xdcC\x94\x1f\xdc\x8f$\
v\x02?\x05>\x05\x5cD\xbb\xb7&\xee'&U\xfe\
\x84z\xdf\xf3ks5H\x92T\xbf\xd3\x81\xcf\x11\xeb\
\xf6K\x0f\xea\xa9\xb1\x15\xb8\x9b(\x0a\xdeJ\xac\x88\xe8\
\xaf\xec\x9dj\x9e\x85\xc4\xa0\xbc\x91\xfa\xdf\xdb\xf5x\xd7\
Ej,g\xe5*\xc5\x09\xc0\xfb\x81\xab\x80S\x0a\xe7\
R\xa5\xdd\xc0\x9f\x80\x87\x80\x0d\x9d\xd8\x08\xfc\x8d\xd83\
\xa1\x9b\xf4\x13\xdb@\xbf\xbd\x13\xaf\xc8\xf4\xbaO\x13\x13\
3\x1f\xce\xf4z\x92\xa6\xc8\x02@U\x98\x06\x5c\x02|\
\x80x\x9e\xdc\xabF\x80-\xc0&b`\xdbDL\x9a\
\xdb\x02\xfc\xa3\xf3\xf5\xaeb\xd9\x85\x13\x80\xd7u\xe2\x1c\
b\x10\x9e\x939\x87a\xe0\xcd\xc4\xe3\x05I\x0de\x01\
\xa0\xaa-!&\xdd]\x0e\x1c]8\x97\x12v\x12\x05\
\xc1\x13\xc4U\xf0S\xc4FFOv\xbe\xfe\x17\xb0\x03\
\xd8C\x14\x0b\xe3\xbf\x1e3\xd4\xf9>\x88\xa5\x8d\xc7\x02\
\xcf#\xb6p\x9e\x0dL'\xf6@8\x0d\x98O<\x92\
\x19\xfb\xf7\xa4\x9a\xda5\x15W\x03\x9f/\x9d\x84$\xa9\
\x8cc\x89\xc7\x03\xbf\xa7\xfcs~#_|\x0cI\x92\
:\xce\x06n!\xae\x8eK\x0fPF}q\x0d\x92$\
\x1d\xc4,\xe0\x0abs\xa1a\xca\x0fXF51L\
\xdc\xed\x91$iB'\x03\x1f\x06\x1e\xa0\xfc\x00f\x1c\
y\xec\x00.F\x92\xa4#\xb0\x08\xb8\x9eXvWz\
@3&\x1f\x0f\x02\x83\x07\xf9<%I\x9a\xb2\x05\xc0\
'\xf0\xce@\x93c\x04\xb8\x99v\xae\xf2\x90$e\xf0\
2\xe21\xc1=\xc4\x9e\xf2\xa5\x07>\x036\x03\x17\x1c\
\xeeC\x93$\xa9Js\x80K\x81\xaf\x00\x8fS~ \
l[\xec\x01n &rJ\x92TD?\xb0\x14\xf8\
(\xb1\xa2`7\xe5\x07\xc8^\x8d\x11\xe0\x0eb\x93!\
I\x92\x1ae&\xb0\x02X\x0d\xfc\x02\xd8K\xf9\x81\xb3\
\xdbc\x18\xb8\x1d\x8f\xf2\x95z\x96[\x01\xab\x17\xcd$\
\xee\x10,\xef\xc42b\x8f|Ml;p+\xb0\x06\
\x0f\xf2\x91z\x9a\x05\x80\xdab\x90(\x0a\x96\x00g\x01\
\xaf!\xb6+\x16\xec\x07~\x0e|\x19\xf8\x06q\x07E\
R\x8f\xb3\x00P[\xf5\x03g\x10\xc5\xc0b`a'\
N\xa7\x1d\xbf\x17C\xc0}\xc0]\x9d\xd8V6\x1dI\
\xb9\xb5\xe1\x0f\x9d4\x15\xc7\x10{\x11,\xea\xfc\xfb\xd2\
q1\xbb`^\xa9\xf6\x03\x1b\x80u\xc0\x8f\x81{9\
p\xe2\xa0\xa4\x16\xb2\x00\x90&o\x1e\x07\x8a\x81\xf9\xc4\
\xd1\xbb\xa7\x12\xdb\x1a\xbf\x088\x91f\xfcN\xed\x03\xfe\
\xdc\x89\x07\x81\xfb\x81\xdf\x12\x871I\x12\xd0\x8c?V\
R\xaf\x98\x0e\xbc\x108\x9e\x98t8\xb7\xf3\xf5X\xcc\
&\xd6\xd1\xcf\x01\x06\x88\x9d\xf4\x8e\x03f\xf0\xdf\xeb\xeb\
\xfb;\xdf3f/\xb1\x0e\x1f\xe2\xaa}\xfb\xb8x\x0a\
x\x0cx\x14\xd8Bl\xd4\xb3\x99\xb8\xe2\x97$I\x92\
$I\x92$I\x92$I\x92$I\x92$I\x92$\
I\x92$I\x92$I\x92$I\x92$I\x92$I\
\x92$I\x92$I\x92$I\x92$I\x92$I\x92\
$I\x92$I\x92$I\x92$I\x92$I\x92$\
I\x92$I\x92$I\x92$I\x92$I\x92$I\
\x92$I\x92$I\x92$I\x92$I\x92\x92\xfc\x1b\
J\x17\xec\xe6\x8b\xee9v\x00\x00\x00\x00IEND\
\xaeB`\x82\
\x00\x00\x07\x1a\
<\
svg width=\x2225\x22 h\
eight=\x2224\x22 viewB\
ox=\x220 0 25 24\x22 f\
ill=\x22none\x22 xmlns\
=\x22http://www.w3.\
org/2000/svg\x22>\x0a<\
path fill-rule=\x22\
evenodd\x22 clip-ru\
le=\x22evenodd\x22 d=\x22\
M21.4134 3.74386\
C20.6248 2.95524\
 19.3554 2.92634\
 18.5317 3.67826\
L8.73802 12.6187\
C8.65871 12.6136\
 8.57911 12.611 \
8.49933 12.611C7\
.3743 12.6107 6.\
25129 13.1268 5.\
48296 14.3131C5.\
47022 14.3328 5.\
4584 14.353 5.44\
756 14.3738C4.74\
186 15.7261 3.98\
226 16.4712 3.43\
229 16.873C3.155\
72 17.0751 2.927\
52 17.1937 2.778\
82 17.2594C2.704\
37 17.2923 2.649\
61 17.3121 2.618\
47 17.3224C2.602\
89 17.3276 2.593\
22 17.3304 2.589\
95 17.3314L2.593\
59 17.3305L2.596\
39 17.3298L2.598\
03 17.3294L2.773\
46 18.0586L2.589\
95 17.3314C2.314\
06 17.401 2.1009\
5 17.6209 2.0405\
1 17.8996C1.9793\
5 18.1815 2.0853\
5 18.4736 2.3131\
3 18.6507L2.7734\
6 18.0586C2.3131\
3 18.6507 2.3131\
3 18.6507 2.3131\
3 18.6507L2.3140\
8 18.6514L2.3154\
9 18.6525L2.3196\
6 18.6557L2.3333\
6 18.6662C2.3448\
4 18.6749 2.3609\
9 18.6871 2.3816\
 18.7025C2.4228 \
18.7332 2.48189 \
18.7764 2.55713 \
18.8297C2.70746 \
18.9362 2.92304 \
19.0832 3.18988 \
19.2498C3.7209 1\
9.5812 4.4678 19\
.9982 5.3164 20.\
3251C6.96082 20.\
9587 9.29277 21.\
3585 11.0215 19.\
6298C11.8722 18.\
7791 12.3633 17.\
659 12.4112 16.5\
589L21.479 6.625\
58C22.231 5.8018\
9 22.2021 4.5324\
8 21.4134 3.7438\
6ZM12.0403 14.74\
02L20.3712 5.614\
27C20.5825 5.382\
82 20.5744 5.026\
12 20.3528 4.804\
52C20.1312 4.582\
92 19.7745 4.574\
8 19.543 4.78608\
L10.4215 13.1129\
C10.7783 13.3067\
 11.1043 13.5495\
 11.3834 13.8286\
C11.6593 14.1045\
 11.8772 14.412 \
12.0403 14.7402Z\
M4.31717 18.0842\
C5.05255 17.5469\
 5.95469 16.6325\
 6.75989 15.1012\
C7.24231 14.3737\
 7.87696 14.1109\
 8.49898 14.111C\
9.16228 14.1111 \
9.84759 14.4141 \
10.3227 14.8893C\
11.1657 15.7323 \
11.1559 17.374 9\
.96082 18.5692C8\
.89948 19.6305 7\
.37259 19.5099 5\
.85567 18.9254C5\
.24862 18.6916 4\
.69155 18.3997 4\
.24523 18.1359C4\
.26901 18.1191 4\
.29299 18.1019 4\
.31717 18.0842Z\x22\
 fill=\x22#323544\x22/\
>\x0a</svg>\x0a\
\x00\x00\x05\xd7\
<\
svg width=\x2224\x22 h\
eight=\x2224\x22 viewB\
ox=\x220 0 24 24\x22 f\
ill=\x22none\x22 xmlns\
=\x22http://www.w3.\
org/2000/svg\x22>\x0a<\
path d=\x22M14.7223\
 12.7585C14.7426\
 12.3448 14.4237\
 11.9929 14.01 1\
1.9726C13.5963 1\
1.9522 13.2444 1\
2.2711 13.2241 1\
2.6848L12.9999 1\
7.2415C12.9796 1\
7.6552 13.2985 1\
8.0071 13.7122 1\
8.0274C14.1259 1\
8.0478 14.4778 1\
7.7289 14.4981 1\
7.3152L14.7223 1\
2.7585Z\x22 fill=\x22#\
323544\x22/>\x0a<path \
d=\x22M9.98802 11.9\
726C9.5743 11.99\
29 9.25542 12.34\
48 9.27577 12.75\
85L9.49993 17.31\
52C9.52028 17.72\
89 9.87216 18.04\
78 10.2859 18.02\
74C10.6996 18.00\
71 11.0185 17.65\
52 10.9981 17.24\
15L10.774 12.684\
8C10.7536 12.271\
1 10.4017 11.952\
2 9.98802 11.972\
6Z\x22 fill=\x22#32354\
4\x22/>\x0a<path fill-\
rule=\x22evenodd\x22 c\
lip-rule=\x22evenod\
d\x22 d=\x22M10.249 2C\
9.00638 2 7.9990\
2 3.00736 7.9990\
2 4.25V5H5.5C4.2\
5736 5 3.25 6.00\
736 3.25 7.25C3.\
25 8.28958 3.955\
03 9.16449 4.913\
03 9.42267L5.540\
76 19.8848C5.612\
05 21.0729 6.596\
42 22 7.78672 22\
H16.2113C17.4016\
 22 18.386 21.07\
29 18.4573 19.88\
48L19.085 9.4226\
7C20.043 9.16449\
 20.748 8.28958 \
20.748 7.25C20.7\
48 6.00736 19.74\
07 5 18.498 5H15\
.999V4.25C15.999\
 3.00736 14.9917\
 2 13.749 2H10.2\
49ZM14.499 5V4.2\
5C14.499 3.83579\
 14.1632 3.5 13.\
749 3.5H10.249C9\
.83481 3.5 9.499\
02 3.83579 9.499\
02 4.25V5H14.499\
ZM5.5 6.5C5.0857\
9 6.5 4.75 6.835\
79 4.75 7.25C4.7\
5 7.66421 5.0857\
9 8 5.5 8H18.498\
C18.9123 8 19.24\
8 7.66421 19.248\
 7.25C19.248 6.8\
3579 18.9123 6.5\
 18.498 6.5H5.5Z\
M6.42037 9.5H17.\
5777L16.96 19.79\
49C16.9362 20.19\
1 16.6081 20.5 1\
6.2113 20.5H7.78\
672C7.38995 20.5\
 7.06183 20.191 \
7.03807 19.7949L\
6.42037 9.5Z\x22 fi\
ll=\x22#323544\x22/>\x0a<\
/svg>\x0a\
\x00\x00\x02\xfa\
<\
svg width=\x2224\x22 h\
eight=\x2224\x22 viewB\
ox=\x220 0 24 24\x22 f\
ill=\x22none\x22 xmlns\
=\x22http://www.w3.\
org/2000/svg\x22>\x0a<\
path d=\x22M15.5071\
 10.5245C15.8 10\
.2316 15.8 9.756\
74 15.5071 9.463\
84C15.2142 9.170\
95 14.7393 9.170\
95 14.4464 9.463\
84L10.9649 12.94\
54L9.55359 11.53\
41C9.2607 11.241\
2 8.78582 11.241\
2 8.49293 11.534\
1C8.20004 11.827\
 8.20004 12.3019\
 8.49294 12.5947\
L10.4346 14.5364\
C10.7275 14.8293\
 11.2023 14.8292\
 11.4952 14.5364\
L15.5071 10.5245\
Z\x22 fill=\x22#323544\
\x22/>\x0a<path fill-r\
ule=\x22evenodd\x22 cl\
ip-rule=\x22evenodd\
\x22 d=\x22M12 2C6.477\
15 2 2 6.47715 2\
 12C2 17.5228 6.\
47715 22 12 22C1\
7.5228 22 22 17.\
5228 22 12C22 6.\
47715 17.5228 2 \
12 2ZM3.5 12C3.5\
 7.30558 7.30558\
 3.5 12 3.5C16.6\
944 3.5 20.5 7.3\
0558 20.5 12C20.\
5 16.6944 16.694\
4 20.5 12 20.5C7\
.30558 20.5 3.5 \
16.6944 3.5 12Z\x22\
 fill=\x22#323544\x22/\
>\x0a</svg>\x0a\
\x00\x00\x03\xb0\
<\
svg width=\x2224\x22 h\
eight=\x2225\x22 viewB\
ox=\x220 0 24 25\x22 f\
ill=\x22none\x22 xmlns\
=\x22http://www.w3.\
org/2000/svg\x22>\x0a<\
path d=\x22M6.62185\
 10.7504C6.20764\
 10.7504 5.87185\
 11.0862 5.87185\
 11.5004C5.87185\
 11.9146 6.20764\
 12.2504 6.62185\
 12.2504H15.8718\
C16.2861 12.2504\
 16.6218 11.9146\
 16.6218 11.5004\
C16.6218 11.0862\
 16.2861 10.7504\
 15.8718 10.7504\
H6.62185Z\x22 fill=\
\x22#323544\x22/>\x0a<pat\
h fill-rule=\x22eve\
nodd\x22 clip-rule=\
\x22evenodd\x22 d=\x22M2 \
11.4989C2 6.3912\
6 6.14154 2.2509\
8 11.25 2.25098C\
16.3585 2.25098 \
20.5 6.39126 20.\
5 11.4989C20.5 1\
3.7836 19.6714 1\
5.8747 18.2983 1\
7.4883L21.7791 2\
0.9695C22.072 21\
.2624 22.072 21.\
7372 21.7791 22.\
0301C21.4862 22.\
323 21.0113 22.3\
23 20.7184 22.03\
01L17.2372 18.54\
86C15.6237 19.91\
97 13.5334 20.74\
69 11.25 20.7469\
C6.14154 20.7469\
 2 16.6066 2 11.\
4989ZM11.25 3.75\
098C6.96962 3.75\
098 3.5 7.22003 \
3.5 11.4989C3.5 \
15.7779 6.96962 \
19.2469 11.25 19\
.2469C15.5304 19\
.2469 19 15.7779\
 19 11.4989C19 7\
.22003 15.5304 3\
.75098 11.25 3.7\
5098Z\x22 fill=\x22#32\
3544\x22/>\x0a</svg>\x0a\
\x00\x00\x01\xec\
\x89\
PNG\x0d\x0a\x1a\x0a\x00\x00\x00\x0dIHDR\x00\
\x00\x000\x00\x00\x000\x08\x06\x00\x00\x00W\x02\xf9\x87\
\x00\x00\x01\xb3IDATx\x01\xed\xc1\xbdNSQ\
\x00\x00\xe0\x8f\xc3\x09a\xe8\x03\x90\xd88\xb1\xe1\xd0\x91\
7\x10\x13&S#\x9d\x5c\x1c\xca\x1b\xf0\x06\xael4\
\xfa\x00\xc5x\x07\x13I\x08Oa\x9a\x08,\x8e\x92\xe0\
\xe2\xd4\xa1\x03\x89\x0ewh\x1a=\xb6\x17\x0e\xfdI\xee\
\xf7\xa9\xd5j\xb5\x85Z\xf3\x7f\xdbx\x87=4<\x9e\
[\x1c\xe2\xb3\x8a\xd6\xa5m\xe3+Z\xd8\xf0\xb8\x1ah\
\xe3\x1aW*X\x97\xf6\x1e-\xf3\x13\xf0\x12\xd7\xb82\
\xa3 \xed\xb9\xf9\x8b\xe8\xa3mFQZ\xc3\xa45\x8f\
\xa3\x8d>\xa2RD_\xa90E\xb0x\x05:\xb83\
\x16\xd1G\xdb\x14Qu\xfb8A\xd3\xfd\xfc\xc0!\xce\
\x8c\x15J}D\xa5\x88\xbeR!!\xa8\xee\x03\x9a\xee\
\xaf\x89\x13\x7f+\xd0\xc1\x9d\xb1\x88>\xf6%\x04\xd5m\
y\xb8\xa6\x7f+\xd0\xc1\x9d\xb1\x88\x13\x09\xc1\xf2)\xd0\
1\xa9)!XN\x85\x19\x05+.\xa8\xee\xa7\x87\xbb\
\x91IP\xdd[\xdc\xb8\xbf\x1bte\x12Uw\x86\xa6\
%\x11\xac\xb8`\xc5\x05+.\xcao\x13]\xbc\xc63\
\xa5o\xf8\x88\x1eF2\x8a\xf2\xda\xc29Z&\xedb\
\x17o\xf0\x02\xb72\x09\xf2\xd9\xc49Z\xd2Z8\xc7\
\xa6L\x82|\xbah\x99\xae\x85\xaeL\x82|\x0e\xcc\xee\
@&A>;f\xb7#\x93`\xc5\x05\xf9\x5c\x9a\xdd\
\xa5L\x82|N\xcd\xeeT&A>=\x0cL7@\
O&A>#\xeca m\x80=\x8cd\x12\xe5u\
\x8b]tq\x80\x1d\xa5K\x9c\xa2\x87\x91\x8c\xa2\xfcF\
8\xc6\xb19\x08V\x5c\x946D\xc3\xd8o\x8b3\x94\
\x10\xa4]X\x1e\x17\x12\x82\xb4#\x0c-\xde\x10G\x12\
\xd6\xa5\xfd\xc2'<\xc1Sl\x98\xaf!\xbe\xe0\x15\xbe\
\xab\xd5j\xb5\xa5\xf4\x07\x04\xf8L\x04\x80\x18\xa6\xd1\x00\
\x00\x00\x00IEND\xaeB`\x82\
\x00\x00\x01\x9b\
\x89\
PNG\x0d\x0a\x1a\x0a\x00\x00\x00\x0dIHDR\x00\
\x00\x000\x00\x00\x000\x08\x06\x00\x00\x00W\x02\xf9\x87\
\x00\x00\x01bIDATx\x01\xed\xc11n\xd3P\
\x18\x00\xe0\xcf?\x16\x93\xf7\x22\xf1\xc4\xd4\x0bp\x8a2\
d\xe5\x06\x19\xd2\x1b\x94\x13\xd0\x1bx\xc8\x11\x18\xf1@\
O\xc1\x05\xb2\x15K\xb00y\x0fC\x86*2\xaf\x08\
\xf7)\x89%\x7f\x9f\xc5b\xb18\xab\xca\xf3\xae\xf1\x19\
\x1f\xd08\xad\x01\xdf\xf0\x09;\x19\x95\xbck|G\xe3\
\xbc\x06\xbc\xc7\xce_\x84\xbc{4\xce\xaf\xc1\xbd\x8c\x90\
w\xe3r\xdc\xc8\xa8\xe55\x8eUNk\xefI##\
\xcc\x5c\x98\xb9Zy+\xb4H\x8e\xfd\xc0-:\x05\x85\
\xf2\xb6H\xc6\x12Z\x85\x85\xf2*y\x95\xc2Byk\
\xf4\xc6zl\x14\x16\xca\xeb\x90\x8c%t\x0a\x0b3\x17\
f\xae6\xcd\x0a\xad\x83[t\xa6Y\xa1up\x8b\xce\
\x7f\x0a\xd3l\x91\x90\xd0\x9an\x8b\x84\x84\xd6\x04\xb5i\
\xdex\x92\xb0\xf7o{\xcfK&\x083\x17f.\xcc\
\x5cm\x9a_\xb8r\xd0#\x19\xdb;V\x19\xfb\x89+\
\x07\xbd\x09\xc24k\xf4\xe8\xb11\xdd\x1a=zlL\
P\x9b\xa6C\xf2r\x1d\x92\x17\x083\x17f.\x94\xb7\
\xc2\xa3\xb1G\xac\x14\x16\xca\xdb\x22\x19Kh\x15\x16\xca\
\xab\xe4U\x0a\x0b\xe5\xad\xd1\x1b\xeb\xb1QX\xad\xbc\x0e\
\xc9\x89\x84\x99\x0b3W\xcb\x1b\xd0x\xb2w>\x83\x8c\
\x90\xf7\xe0r<\xc8\x08yw\x18\x9c\xdf\x80;\x19\xaf\
\xe4\xfd\xc6\x17\xbc\xc5;\xbcvZ\x03\xbe\xe2#v\x16\
\x8b\xc5\xe2\x22\xfd\x01u\xae:\xb8\xa8]\xdb\x1e\x00\x00\
\x00\x00IEND\xaeB`\x82\
\x00\x00\x02\xd1\
<\
svg width=\x2224\x22 h\
eight=\x2224\x22 viewB\
ox=\x220 0 24 24\x22 f\
ill=\x22none\x22 xmlns\
=\x22http://www.w3.\
org/2000/svg\x22>\x0a<\
path d=\x22M11.25 1\
3.42C11.25 13.83\
42 11.5858 14.17\
 12 14.17C12.414\
2 14.17 12.75 13\
.8342 12.75 13.4\
2V2.75C12.75 2.3\
3579 12.4142 2 1\
2 2C11.5858 2 11\
.25 2.33579 11.2\
5 2.75V13.42Z\x22 f\
ill=\x22#323544\x22/>\x0a\
<path d=\x22M19.624\
8 12.8747C19.624\
8 9.44687 17.362\
8 6.54733 14.25 \
5.58733V4.02942C\
18.2014 5.0315 2\
1.1248 8.61171 2\
1.1248 12.8747C2\
1.1248 17.9142 1\
7.0394 21.9995 1\
1.9999 21.9995C6\
.96043 21.9995 2\
.875 17.9142 2.8\
75 12.8747C2.875\
 8.61165 5.79852\
 5.0314 9.75 4.0\
2938V5.58728C6.6\
3713 6.54722 4.3\
75 9.44681 4.375\
 12.8747C4.375 1\
7.0858 7.78883 2\
0.4995 11.9999 2\
0.4995C16.211 20\
.4995 19.6248 17\
.0858 19.6248 12\
.8747Z\x22 fill=\x22#3\
23544\x22/>\x0a</svg>\x0a\
\
\x00\x00\x01\xeb\
\x89\
PNG\x0d\x0a\x1a\x0a\x00\x00\x00\x0dIHDR\x00\
\x00\x000\x00\x00\x000\x08\x06\x00\x00\x00W\x02\xf9\x87\
\x00\x00\x01\xb2IDATx\x01\xed\xc1\xa1nSQ\
\x00\x00\xd0\xd3\xbb\x1b2\xd1\x0fX\x02!\x13\xfb\x03j\
\xf0\x0b0\x05\xe2!j\x10\x04\x81\xe8\x07\xec\x0f\xc0M\
L\xed\x0b\xde\x12\xea\xa8Y2\x8fi\xc2\xc4\x02\x06;\
\x02\x06UQ\xf1\x92ML\xbct\xebm\xbb,\xb7\xeb\
\x0b=\xc7\xda\xda\x7fn\xc3\xea\xe8\xe0\x1d\xc6\xf8mA\
\x1bVC\x07\xdf\xf0\x02\xef\xf1\x13?, \x9am\x07\
\x9f\xf0\x0amw\xd3\xb2\xb8]D\xd7\x22J\xd7\xfa\xe6\
\x08\xd2v\xf0\x1d\x05\xda\xf2:E\xa5\x16Q\xa20G\
\x90\xf6\x19m\xcb1D\x17\x95ZD\x89\xc2\x0cA\xda\
K\xcb\xd5G\x17\x95ZD\x89BB\x94\xd66\xa9\xe5\
\xfe6Q\xe05:\xd86_D\x891\x06n\x88\x96\
\xa7\xc0!\xb6\xdc]\xc4!\x06n\x88\xf2\x8b8@\xcf\
\xfd\xb4L\x11\xe4w\x80\x9e\xfb\xa9\xd03E\x94W\x81\
\x9eIc\x1c\xe1\x18\xe7\x18\xa9\x15(\x11\xd5*t1\
0E\x94\xcf&\x0eM\xfa\x83=\x9c\xb9\xad@\x89\xa8\
V\xa1\x8b\xbe\x84 \x9f\x02[jc\xec\xe1\xccm\x1d\
\x94\x88j\x15\xba\xe8\x9b!\xc8\xe7\x8dIG83\xdd\
.\xa2Z\x85.\xfa\xe6\x08\xf2yf\xd2\xb1\xb4ST\
\xaeU\xe8\xa2o\x01Q>\xdb&\x9dK\x1b\xe29v\
1\xc0\xb9\x05E\xcb32\xdb\x10Cw\x144\x5c\xd0\
p\xd1\xea\xba4\xa9e\x8a\xa0\xe1\x82\x86\x0b\xf2\xf9\xab\
v!\x93 \x9f\x0f\xb8\xc0\x05>\xca$\xcag\x80'\
2\x0b\x1a.h\xb8\xa0\xe1\x82\x86\x0b\x1a.h\xb8\xa0\
\xe1\x82\x86\x0b\x1a.J\x1b\xa1\xadv\xe9\xe1\x8c$\x04\
i'V\xc7\x89\x84 m\x1f#\x0fo\x84}\x09\x1b\
\xd2\xfe\xe1\x0b\x1e\xe3)\x1eY\xae\x11\xbe\xe2-~Y\
[[[[IW\xa5pP\xa4\x0be\xaa#\x00\x00\
\x00\x00IEND\xaeB`\x82\
\x00\x00\x01\x87\
\x89\
PNG\x0d\x0a\x1a\x0a\x00\x00\x00\x0dIHDR\x00\
\x00\x000\x00\x00\x000\x08\x06\x00\x00\x00W\x02\xf9\x87\
\x00\x00\x01NIDATx\x01\xed\xc1\xb1q\xd3P\
\x18\x00\xe0\xcf\x7ft\xa9\xde\xd1R\xe0\xa3\xd2\x00\xb0\x00\
\xad=\x00l\x90\xc2\xd9 L`w\x94\x0cA\x89\x8b\
d\x0a/\xe02*\xd2P\xa9\x0f\x05\x85\xb1D#\xeb\
\xe9\xecw\xf8\xfb\x5c]\xfd\xe7f\xfe\xad\xc6\x1aK$\
\xe3<\xe3\x1e[\x13\xb8\xd1Wc\x87\x0f\xb85\xde\x1b\
|\xc27\x13\x08}\x1b$y\xcdL$\xf4-\xe4\xd5\
`e\x22\x95\xbe\xe4\xd8\xcc\x05\x0b\x85\x0b\x85\x0b\x85\xab\
\x9c\xa6\xc6\x1aK$\xe3<\xe3\x1e['\xa8\x0cWc\
\x87$\x8f9\xbec\xeb\x04a\xb8\x0d\x92\xbcfN\x14\
\x86[\xc8\xab\xc1\xca\x89*\xc3%\xc7f\xce(\x14.\
\x14.\x14\xae2\x8d\x1ak,\x91\x8c\xd3\xe2\x11_\xb1\
\xd7Q\xc9\xaf\xc6\x0eI\x1e\x09\x9f\xb1\xc4G\xec\xfd%\
\xe4\xb7A\x92_\xc2FG\xc8oa:\x0b\x1d\x95\xbe\
\x17\xbc\xf5Gc\xb8\xe4\xd8\xcc8\xaf\x0e\x92\x8e\xd0w\
\x87\x06\x0dV.\x5c\xa5o\x8b\xb9B\x84\xc2\x85\xc2\x85\
\xc2\x85\xc2\x85\xc2\x85\xe1^\x1c4\xce,\x0cw\x87\x06\
\x0dV\xce\xac2\xdc\x16s\x17\x22\x14.\x14.\x14.\
\x14.\x14\xae\x92_\x8b\xe4\xe0U>\xad\x8e\x90\xdf\x93\
\xe9<\xe9\x08\xf9=\xa0\x95_\x8b\x07\x1d7\xf2\xfb\x85\
\x1fx\x87\xf7\xb85N\x8b\x9f\xf8\x82\xbd\xab\xab\xab#\
\xbf\x01\x9f\x9f/*u&B\x93\x00\x00\x00\x00IE\
ND\xaeB`\x82\
\x00\x00\x02\x8e\
<\
svg width=\x2224\x22 h\
eight=\x2224\x22 viewB\
ox=\x220 0 24 24\x22 f\
ill=\x22none\x22 xmlns\
=\x22http://www.w3.\
org/2000/svg\x22>\x0a<\
path d=\x22M6.21967\
 7.28033C5.92678\
 6.98744 5.92678\
 6.51256 6.21967\
 6.21967C6.51256\
 5.92678 6.98744\
 5.92678 7.28033\
 6.21967L11.999 \
10.9384L16.7176 \
6.2198C17.0105 5\
.92691 17.4854 5\
.92691 17.7782 6\
.2198C18.0711 6.\
51269 18.0711 6.\
98757 17.7782 7.\
28046L13.0597 11\
.999L17.7782 16.\
7176C18.0711 17.\
0105 18.0711 17.\
4854 17.7782 17.\
7782C17.4854 18.\
0711 17.0105 18.\
0711 16.7176 17.\
7782L11.999 13.0\
597L7.28033 17.7\
784C6.98744 18.0\
713 6.51256 18.0\
713 6.21967 17.7\
784C5.92678 17.4\
855 5.92678 17.0\
106 6.21967 16.7\
177L10.9384 11.9\
99L6.21967 7.280\
33Z\x22 fill=\x22#3235\
44\x22/>\x0a</svg>\x0a\
\x00\x00\x01w\
\x89\
PNG\x0d\x0a\x1a\x0a\x00\x00\x00\x0dIHDR\x00\
\x00\x000\x00\x00\x000\x08\x06\x00\x00\x00W\x02\xf9\x87\
\x00\x00\x01>IDATx\x01\xed\xc1\xb1m\xdb@\
\x00\x00\xc0\xe3\xe7\x91\xea\xfb\x18\x08\x91J\x0bx\x0a\xb9\
p\x9b\x0d\x5c\xd8\x1b(\x13X\x1b\xa8\xf0\x08A\xaa\xb0\
\x88\xa6\xf0\x02*\xc3\xc2\x8d+\xf6N\xe1B\x16\xe9\x08\
y@\xa0H\xe4\xef\x14EQ\x14\xff\xb5\xca\xfb\x16\xb8\
\xc7\x15\x92\xf3\xea\xf0\x0b\xdf\xb0\xd3S\x19Z\xe0\x11\xc9\
\xb4t\xb8\xc4\xce\x1b\xc1\xd0\x1a\xc9\xf4$\xac\xf5\x04C\
K\xd3\xb5\xd4\x13\x0d%\x87*\xe7\xf5b/\xe9\x09f\
.\x98\xb9(\xdf\x02\xf7\xb8Br\xe87\xee\xd0\x18I\
\x94g\x81G$\xef\xab\xb1Ac$A\x9e5\x92\xe3\
*#\x0a\xf2,\x1d\xd7\xe2\xd6\x88\xa2<\xc9\xa1\xca\x99\
\x053\x17\xcc\x5c0sQ\x9e'|\xf2\xaau:\xd7\
\xd8xu\x87\xc6?\x0a\xf2\xdc\xa0E\x8b[\xa7\xf3\x80\
\x1a562Dy\x1a\xd4N\xef\xc2^-C0s\
\xc1\xcc\x053\x17\x8d\xeb\x1a\x1b\xd4\xfe\xae\x93!\x1a\xd7\
\x03.\x1c\xb7\x95!\x18W\xe5\xb8\x0e+\x19\x82q\xdd\
\xa05\xd4\xe1\x07.\xb1\x93!\x1aW\x83\xda\x09\x053\
\x17\xcc\x5c4\xd4!\xd9{1\x1d\x9d\x9e`hk\xba\
\xb6z\x82\xa1\x15:\xd3\xd3a\xa5\xe7\x83\xa1g|\xc7\
g|\xc1G\xe7\xd5\xe1'\xbeb\xa7(\x8a\xa2(\xde\
\xf8\x03Q\x830']\xd55W\x00\x00\x00\x00IE\
ND\xaeB`\x82\
\x00\x00\x03\x1f\
\x89\
PNG\x0d\x0a\x1a\x0a\x00\x00\x00\x0dIHDR\x00\
\x00\x000\x00\x00\x000\x08\x06\x00\x00\x00W\x02\xf9\x87\
\x00\x00\x02\xe6IDATx\x01\xed\xc1?\x88\x5cE\
\x1c\x00\xe0\xef\xde\xfe\x08\x16W\x05;\xaf\x14ba\x19\
\xbb\x94AD-\xc21\x85\x83D\x8d\xa4\x11l\x04\x0b\
\x1b+\x1b\xc1\xc2\x22\x85\x8d\xa0\xa00\x82S\x04\xff`\
\x93Z\x0bSX\x84\xbb\x04\x22Xh\x9046[X\
\x0cj\xf1\x8aa\xb9{\xb7{\x97]O\xe1\xbe\xcf\x99\
3g\xce\x9c\xaa-\xff\x0d\xdbx\xca\xe8.\xe6V\xb4\
\xe5t=\x8d\xf7\xf0\x22\xc2\xa8\xe1\x1b\xbc\x8b;\x96\xd8\
rz\x12>\xc1\xb6\xc3\xcdq\x0d\xd5\x11f6\xe7\x22\
^\xc1\x9fx`QB\xc1c\xa6\x9d\xc3\xf3\xf8\x1a\x0f\
M\x98\xd9\x8c\x8b\xf8\x01\xcf\xe2u\xecc\xcf(\xa1 \
,\xfa\x19\x7f\xe0\xbc\xee\x1c\x9e\xc0\x17&\x84\xcd\xb8\x8c\
0\x0a\x14]A\xe8\x1a\xde\xc0\xc7Fo\xe3\x03\xdd\x0b\
\xd8\xc6\xdc!f6c\x8e\xeb\x18\x8c\x06\xec\x22!t\
\x0d\x19\x9f\xeb\xbe\xc7U\x9c7\x1a\xf0%~w\x88\xc1\
f\xfc\x84\x8c\xa6\x0b\x84\xae!\xa3:\xe8o+\x1a\x9c\
\x8e\x86\x8c\xea\xa0\xebxR\xd7p\xdf\x84\xc1f$\x14\
\x84\xe3I\xf8\xc8\xa2o17af\xfd\x12\x0aB\xd7\
\xf0\x17\x06\xa3\x01\xbb\xd8\xc7\x9eQBA\xe8\xe6x\x19\
\x0fM\x08\xeb\x95P\x10\xba\x86lT\x10F\x81\xa2+\
\x08]\xc35\xdcq\x84-\xeb\x93P\x10\xba\x86\x8cj\
\x94P\x10\xbaf\x14\xba\x86\x8cj\x89\x99\xf5H(\x08\
]CF\xd5\xeda\x1f\xbb\x18\x8c\x06\x0c\xba\x86\x8cj\
\x053\x8f.\xa1 t\x0d\x19\xd5A{\xd8\xc7.\x06\
\x8b\x1a2\xaa\x15\x0d\x1eMBA\xe8\x1a2\xaai\x15\
\x19\xcd#\x1a\x9c\x5cBA\xe8\x1a2\xaa\x93\x09\x14$\
+\x9a9\x99\x84\x82\xd05dT\xcb%\x14\x84\x83\x06\
\xec\xe2;<\xb0\xc4\xe0\xf8\x12\x0aB\xd7\x90Q-\x97\
P\x10\xba\x86\xa6\x0b\x5c\xb2\x82\xc1\xf1\x5cAA\xe8\x1a\
2\xaa\xe5\x12\x0aB\xd7\x90\x91\xd1\x8c\x1anYAX\
\xdd\x0e>C\xe8\x1a2\xaa\xe5\x12\x0aB\xd7\x90Q\x8d\
~\xc1%\xdc\xc2\x1d+\x08\xab{\x07\xdb\xba\x86\x8cj\
\xb9\x84\x82\xd05dT\xddm\xdcv\x0c\x83\xd5]\xb6\
\xe8-T\xcb%\x14\x84\xae!\xa3zD\x83\xd5]\xb0\
\xe8S\xcb%\x14\x84\xae!\xa3Z\x83\xc1\xc9\xcd\x1d-\
\xa1 t\x0d\x19\xd5\x9a\x0cV\x93\x1cOBA\xe8\x1a\
2\xaa5\x1a,\x97P,\xfa\xcd\xb4\x84\x82\xd05d\
Tk\x16\x8e\x96P\x10\xba\x867\x1d\xb4\x8d\xd7\xf0!\
B\xd7\x90Qm@\x98\xf6\x1c\x0aB\xd7\x90q\x13W\
p\x03;\xa65dT\x1b\x12\xa6\xdd@\xe8\x1a2*\
\x12\x0a\xc2\xb4\x86\x8cj\x83\xc2\xe1v\xf0\xa4\xae!\xa3\
\x22\xa1 L\x9b\xe3*n\xda\xb0p<\x09\x05\xe1p\
\xf7p\x0b\xef\xe3W\xff\x82-\xd3\xee\xe2\x82\xae\x19\x85\
\xae!\xa3:%3\xd3\xee\xe3%\x0cF\x03\x06]C\
Fu\x8af\xa6\xdd\xc7>v1X\xd4\x90Q\x9d\xb2\
\x99\xa3\xed\xe1G<\x83\xc7\x8d\xee\xe1U|\xe5\x7ff\
\x07;\xce\x9c9sf\x9d\xfe\x01>\xa7\xbe3\xeey\
Zf\x00\x00\x00\x00IEND\xaeB`\x82\
\x00\x00\x01\xd0\
\x89\
PNG\x0d\x0a\x1a\x0a\x00\x00\x00\x0dIHDR\x00\
\x00\x000\x00\x00\x000\x08\x06\x00\x00\x00W\x02\xf9\x87\
\x00\x00\x01\x97IDATx\x01\xed\xc1\xa1n\x13a\
\x00\x00\xe0\xef~\xfe\xa0\x0eOB\x83\xda\x0b\x90\xd4\xe0\
\x10K\x86\x98,\xe2\xfc\x04$<@\xd1\x08\xe6\x11\x13\
{\x80\x13\xd4Q\xd1=\x01f\x09\x13\xc8\xd9Y\x0c\x15\
\x88K\x86\xa8\xb8\xb5\xff\xc4\xb5#\xfb\xaf\xc9}\x9f\xc1\
`0\xc8\xaap\xbf\x03|\xc1[\x94\xf2Zb\x81O\
\xb8\xb6\xa1\x90:\xc0O\x94\xfae\x89W\xb8vG\x90\
:E\xa9\x7fJ\x9c\xda\x10\xa4\x8e\xf4\xd7\x91\x0dQ\xaa\
\xb4\xae\xb0\x9b[\xeb\x0a\xbb\xb9\xd5*m\x08\xf6\x5c\xb0\
\xe7\xa2\xbc\x8eqf\xe5\x03\xe6\xb6\x14\xa5\x0a\x8f\xe7\x1c\
\xcf\xad\x9canKA^\x85Va\x07AwcL\
1\xf6\xff\x9c\xe0\x067xo\x07Q7c\xfc@\xc4\
gT\x98y\xb89F\x1e \xe8\xe6\x10\xd1JD\x8d\
\x89\x1e\x08\xbaY\xa0\xd1\x8a\xa81\x91Y\xd0\xcd\x15*\
4Z\x115&2\x0a\xba\x9b\xa1B\xa3\x15Qc\x22\
\x93(u\x8c3\x8ct\x13Q\xe3/\xe6\x1eY\x90:\
\xc7\xc8v\x22\xbe\xca H\x15vS\xc8 H\x9d\xe0\
\xc6v\x1a|\x94A\x94\x9ac\xe4~\x13\xd4\x88Z\x0d\
*\xcce\x10t7A\x8d\xa8\xd5\xa0\xc2L&A7\
c\xd4\x88Z\x0d*\xccd\x14ts\x88\xa8\xd5\xa0\xc2\
LfA7\x0b4V\x1aT\x98\xe9\x81\xa8\x9b+\xbc\
\xc6\x1b,\xf0KOD\xdd]\xe2R\xcf\x04{.J\
\xddZW\xe8\xb1`\xcf\x05{.\xd8s\x85\xd4\x1f\x94\
\xfai\x89g\xee\x08R\x17\xfa\xeb\xc2\x86 5\xc5R\
\xff,1\xb5\xe1\x89\xd4o|\xc3\x0b\xbc\xc4Sy-\
\xf1\x1d\xefpm0\x18\x0cz\xe5\x1fR\x1aG\x87\x8a\
N\xdb\xa4\x00\x00\x00\x00IEND\xaeB`\x82\
\x00\x00\x06\x1f\
<\
svg width=\x2224\x22 h\
eight=\x2224\x22 viewB\
ox=\x220 0 24 24\x22 f\
ill=\x22none\x22 xmlns\
=\x22http://www.w3.\
org/2000/svg\x22>\x0a<\
path fill-rule=\x22\
evenodd\x22 clip-ru\
le=\x22evenodd\x22 d=\x22\
M10.9453 20.5C11\
.3327 21.0667 11\
.8027 21.5725 12\
.338 22H6.75C5.5\
0736 22 4.5 20.9\
926 4.5 19.75V9.\
62105C4.5 9.0245\
5 4.73686 8.4524\
7 5.15851 8.0305\
5L10.5262 2.6595\
1C10.9482 2.2372\
5 11.5207 2 12.1\
177 2H17.25C18.4\
926 2 19.5 3.007\
36 19.5 4.25V10.\
3782C19.0266 10.\
1599 18.5241 9.9\
9391 18 9.88753V\
4.25C18 3.83579 \
17.6642 3.5 17.2\
5 3.5H12.248L12.\
2509 7.4984C12.2\
518 8.74166 11.2\
442 9.75 10.0009\
 9.75H6V19.75C6 \
20.1642 6.33579 \
20.5 6.75 20.5H1\
0.9453ZM10.7488 \
4.55876L7.05986 \
8.25H10.0009C10.\
4153 8.25 10.751\
2 7.91389 10.750\
9 7.49947L10.748\
8 4.55876Z\x22 fill\
=\x22#323544\x22/>\x0a<pa\
th d=\x22M15.8751 1\
4.9999C15.8751 1\
4.5857 16.2109 1\
4.2499 16.6251 1\
4.2499C17.0393 1\
4.2499 17.3751 1\
4.5857 17.3751 1\
4.9999V15.8749H1\
8.2502C18.6644 1\
5.8749 19.0002 1\
6.2107 19.0002 1\
6.6249C19.0002 1\
7.0391 18.6644 1\
7.3749 18.2502 1\
7.3749H17.3751V1\
8.25C17.3751 18.\
6643 17.0393 19 \
16.6251 19C16.21\
09 19 15.8751 18\
.6643 15.8751 18\
.25V17.3749H15C1\
4.5858 17.3749 1\
4.25 17.0391 14.\
25 16.6249C14.25\
 16.2107 14.5858\
 15.8749 15 15.8\
749H15.8751V14.9\
999Z\x22 fill=\x22#323\
544\x22/>\x0a<path fil\
l-rule=\x22evenodd\x22\
 clip-rule=\x22even\
odd\x22 d=\x22M11.25 1\
6.625C11.25 13.6\
565 13.6565 11.2\
5 16.625 11.25C1\
9.5935 11.25 22 \
13.6565 22 16.62\
5C22 19.5935 19.\
5935 22 16.625 2\
2C13.6565 22 11.\
25 19.5935 11.25\
 16.625ZM16.625 \
12.75C14.4849 12\
.75 12.75 14.484\
9 12.75 16.625C1\
2.75 18.7651 14.\
4849 20.5 16.625\
 20.5C18.7651 20\
.5 20.5 18.7651 \
20.5 16.625C20.5\
 14.4849 18.7651\
 12.75 16.625 12\
.75Z\x22 fill=\x22#323\
544\x22/>\x0a</svg>\x0a\
\x00\x00\x08;\
<\
svg width=\x2225\x22 h\
eight=\x2225\x22 viewB\
ox=\x220 0 25 25\x22 f\
ill=\x22none\x22 xmlns\
=\x22http://www.w3.\
org/2000/svg\x22>\x0a<\
path d=\x22M2.57111\
 11.948C2.42175 \
12.0851 2.32812 \
12.282 2.32812 1\
2.5007C2.32812 1\
2.7194 2.42175 1\
2.9162 2.57111 1\
3.0533L4.86116 1\
5.3434C5.15405 1\
5.6363 5.62892 1\
5.6363 5.92182 1\
5.3434C6.21471 1\
5.0505 6.21471 1\
4.5756 5.92182 1\
4.2827L4.88976 1\
3.2507H9.20279C9\
.617 13.2507 9.9\
5279 12.9149 9.9\
5279 12.5007C9.9\
5279 12.0865 9.6\
17 11.7507 9.202\
79 11.7507H4.889\
76L5.92161 10.71\
88C6.2145 10.425\
9 6.2145 9.95106\
 5.92161 9.65817\
C5.62871 9.36527\
 5.15384 9.36527\
 4.86095 9.65817\
L2.57111 11.948Z\
\x22 fill=\x22#323544\x22\
/>\x0a<path d=\x22M12.\
8974 2.76095C12.\
7599 2.60117 12.\
5562 2.5 12.3288\
 2.5C12.1101 2.5\
 11.9132 2.59362\
 11.7761 2.74297\
L9.48529 5.03382\
C9.1924 5.32671 \
9.1924 5.80159 9\
.48529 6.09448C9\
.77819 6.38737 1\
0.2531 6.38737 1\
0.546 6.09448L11\
.5788 5.06164V9.\
37466C11.5788 9.\
78888 11.9146 10\
.1247 12.3288 10\
.1247C12.743 10.\
1247 13.0788 9.7\
8888 13.0788 9.3\
7466V5.06363L14.\
1099 6.09469C14.\
4027 6.38758 14.\
8776 6.38758 15.\
1705 6.09469C15.\
4634 5.80179 15.\
4634 5.32692 15.\
1705 5.03403L12.\
8974 2.76095Z\x22 f\
ill=\x22#323544\x22/>\x0a\
<path d=\x22M13.078\
8 15.624C13.0788\
 15.2098 12.743 \
14.874 12.3288 1\
4.874C11.9146 14\
.874 11.5788 15.\
2098 11.5788 15.\
624V19.9397L10.5\
466 18.9075C10.2\
537 18.6146 9.77\
882 18.6146 9.48\
593 18.9075C9.19\
303 19.2004 9.19\
303 19.6753 9.48\
593 19.9682L11.7\
983 22.2805C12.0\
912 22.5734 12.5\
661 22.5734 12.8\
59 22.2805L15.17\
11 19.9684C15.46\
4 19.6755 15.464\
 19.2006 15.1711\
 18.9077C14.8783\
 18.6148 14.4034\
 18.6148 14.1105\
 18.9077L13.0788\
 19.9394L13.0788\
 15.624Z\x22 fill=\x22\
#323544\x22/>\x0a<path\
 d=\x22M15.4521 11.\
7507C15.0379 11.\
7507 14.7021 12.\
0865 14.7021 12.\
5007C14.7021 12.\
9149 15.0379 13.\
2507 15.4521 13.\
2507H19.7675L18.\
7348 14.2834C18.\
4419 14.5762 18.\
4419 15.0511 18.\
7348 15.344C19.0\
277 15.6369 19.5\
026 15.6369 19.7\
955 15.344L22.10\
77 13.0318C22.24\
83 12.8912 22.32\
74 12.7004 22.32\
74 12.5015C22.32\
74 12.3994 22.30\
65 12.2995 22.26\
73 12.2074C22.22\
71 12.1129 22.16\
81 12.0284 22.09\
5 11.9585L19.795\
3 9.65879C19.502\
4 9.3659 19.0275\
 9.3659 18.7346 \
9.65879C18.4417 \
9.95169 18.4417 \
10.4266 18.7346 \
10.7195L19.7659 \
11.7507H15.4521Z\
\x22 fill=\x22#323544\x22\
/>\x0a</svg>\x0a\
\x00\x00\x05\x83\
<\
svg width=\x2225\x22 h\
eight=\x2224\x22 viewB\
ox=\x220 0 25 24\x22 f\
ill=\x22none\x22 xmlns\
=\x22http://www.w3.\
org/2000/svg\x22>\x0a<\
path d=\x22M3.78217\
 3.46967C3.62191\
 3.62993 3.54934\
 3.84466 3.56445\
 4.05426V8C3.564\
45 8.41421 3.900\
24 8.75 4.31445 \
8.75C4.72867 8.7\
5 5.06445 8.4142\
1 5.06445 8V5.81\
261L11.2528 12.0\
01L5.06445 18.18\
93V16C5.06445 15\
.5858 4.72867 15\
.25 4.31445 15.2\
5C3.90024 15.25 \
3.56445 15.5858 \
3.56445 16V20C3.\
56445 20.4142 3.\
90024 20.75 4.31\
445 20.75H8.3140\
9C8.72831 20.75 \
9.06409 20.4142 \
9.06409 20C9.064\
09 19.5858 8.728\
31 19.25 8.31409\
 19.25H6.12511L1\
2.3135 13.0616L1\
8.5018 19.25H16.\
3134C15.8992 19.\
25 15.5634 19.58\
58 15.5634 20C15\
.5634 20.4142 15\
.8992 20.75 16.3\
134 20.75H20.313\
C20.5119 20.75 2\
0.7027 20.671 20\
.8433 20.5303C20\
.984 20.3897 21.\
063 20.1989 21.0\
63 20L21.063 16C\
21.063 15.5858 2\
0.7272 15.25 20.\
313 15.25C19.898\
8 15.25 19.563 1\
5.5858 19.563 16\
L19.563 18.1898L\
13.3741 12.001L1\
9.563 5.81212L19\
.563 8C19.563 8.\
41422 19.8988 8.\
75 20.313 8.75C2\
0.7272 8.75 21.0\
63 8.41421 21.06\
3 8L21.063 4.046\
97C21.0759 3.839\
69 21.0032 3.628\
07 20.8448 3.469\
67C20.6982 3.323\
06 20.506 3.2498\
3 20.3138 3.25C2\
0.3135 3.25 20.3\
141 3.25 20.3138\
 3.25L16.3134 3.\
25C15.8991 3.25 \
15.5634 3.58579 \
15.5634 4C15.563\
4 4.41421 15.899\
1 4.75 16.3134 4\
.75H18.5038L12.3\
135 10.9403L6.12\
316 4.75H8.31409\
C8.7283 4.75 9.0\
6409 4.41421 9.0\
6409 4C9.06409 3\
.58579 8.7283 3.\
25 8.31409 3.25H\
4.31342C4.12117 \
3.24977 3.92885 \
3.32299 3.78217 \
3.46967Z\x22 fill=\x22\
#323544\x22/>\x0a</svg\
>\x0a\
\x00\x00\x04\x98\
<\
svg width=\x2224\x22 h\
eight=\x2224\x22 viewB\
ox=\x220 0 24 24\x22 f\
ill=\x22none\x22 xmlns\
=\x22http://www.w3.\
org/2000/svg\x22>\x0a<\
path fill-rule=\x22\
evenodd\x22 clip-ru\
le=\x22evenodd\x22 d=\x22\
M16.8923 16.7332\
C16.8923 17.9759\
 15.885 18.9832 \
14.6423 18.9832H\
6.34375C5.10111 \
18.9832 4.09375 \
17.9759 4.09375 \
16.7332V8.60187C\
4.09375 8.00538 \
4.33061 7.4333 4\
.75226 7.01138L9\
.10142 2.65951C9\
.52341 2.23725 1\
0.0959 2 10.6929\
 2H14.6423C15.88\
5 2 16.8923 3.00\
736 16.8923 4.25\
V16.7332ZM14.642\
3 17.4832C15.056\
6 17.4832 15.392\
3 17.1475 15.392\
3 16.7332V4.25C1\
5.3923 3.83579 1\
5.0565 3.5 14.64\
23 3.5H10.8227L1\
0.8249 6.47969C1\
0.8257 7.72296 9\
.81813 8.73129 8\
.57486 8.73129H5\
.59375V16.7332C5\
.59375 17.1475 5\
.92954 17.4832 6\
.34375 17.4832H1\
4.6423ZM6.65314 \
7.23129L9.32349 \
4.55928L9.32486 \
6.48076C9.32516 \
6.89518 8.98928 \
7.23129 8.57486 \
7.23129H6.65314Z\
\x22 fill=\x22#323544\x22\
/>\x0a<path d=\x22M18.\
4065 5.68442C18.\
4065 5.27021 18.\
7423 4.93442 19.\
1565 4.93442C19.\
5707 4.93442 19.\
9065 5.27021 19.\
9065 5.68442V17.\
2514C19.9065 19.\
8747 17.7799 22.\
0014 15.1565 22.\
0014H7.79765C7.3\
8344 22.0014 7.0\
4765 21.6656 7.0\
4765 21.2514C7.0\
4765 20.8371 7.3\
8344 20.5014 7.7\
9765 20.5014H15.\
1565C16.9514 20.\
5014 18.4065 19.\
0463 18.4065 17.\
2514V5.68442Z\x22 f\
ill=\x22#323544\x22/>\x0a\
</svg>\x0a\
\x00\x00\x02\xfa\
\x89\
PNG\x0d\x0a\x1a\x0a\x00\x00\x00\x0dIHDR\x00\
\x00\x000\x00\x00\x000\x08\x06\x00\x00\x00W\x02\xf9\x87\
\x00\x00\x02\xc1IDATx\x01\xed\xc1?h\x5cu\
\x00\x00\xe0/\xbf{C\xc0\x1bn\xc8\xe6\x0d\x19\x8eZ\
EJ\x06\xc1\xc3\x0a:dH\x09\xa2\x1c\x01\x13\xdb!\
\x82`\x8b\xa0\xb8\x15\xcc\x90!\xae\x22\x18\xad\x90n6\
\xe6\x90@(5\xa4\xa2C\x97@t\x92\x0e\x17\xb5q\
\xbb\x82:\x94\x82\x192<\xaa\xc3\x1b\x8e\xd7w\xb9\xbb\
w\xf9\xe3\xa9\xf7}\x86\x86\xfe\xe7\x0a\x8e\xae\x827p\
\x0e\x0d\xc4\xd2F1\x8f\x17\xf0\x00\x0f\x1c\xa3H\x7f\x22\
\xcc\xe2\x1dT\xb5LaFZ\x1d\xafj\xd9\xc1\xa7\xa8\
#vD\x91\xfc\xaa\xf8\x02\x15Y\xd3\xb2\xa6\xa5UQ\
\xc5\x07x\x13;\x8e \xc8\xa7\x88-T\xb4\xb7)\xeb\
\xa6\xf6\xceb\x0bEG\x10\xc9\xa7\x84\x92\xacm\xd4q\
]\xd6%\xdc\xc1,\xceK+\xa1\x84}}\x8a\xe4\xd3\
\xc4&\xa6\x11c\x15K\xd8s\xb8\x03,c\x19\x15,\
\xe0\x22\x22l\xa2\xe9\x1fPEY\xff\xc6Qu\x0aJ\
\x98pz&P\x92\xc3\x88\xc3\xbd\x8c[(\xe26.\
8Y\xdfb\x12\xfbx\x05w\xf4 h/\xc2\x0a\x8a\
\x12S\xa8:9ULJ\x14q\x0d\x91\x1e\x04\xed]\
BEK\x8c\xa6\x93\xd3D\xac\xe5,f\xf4 h\xef\
mi\xabh:9M\xacJ{O\x0f\x82\xac\x0a\xaa\
\xd2\x96\x9c\xbc%iU\x8c\xeb\x22\xc8\x9a\x92\xb6\x8d=\
'o\x0f\xdb\xd2&u\x11d\x1dH\xab;=u9\
\x15d5\xf04\xce`\x03\x0b\x88\x9d\x8e\x06\x9e\xc2\x19\
l`\x01\x8f\x0c\x0d\x0d\x1d\xaa k\x14k\xf8\x12\xe7\
p\x0b\xb1\x01U\x905\x8f\xab\x08x\x06\xbf\xe3\x07\x03\
*\xc8\x1a\x956k\x80\x05Y\xb7\xa5\x9dG\xc5\x80\x8a\
d\xed\xe1{<\xafe\x01\xf3\x8e\xc7kX\xc1\x98\xce\
\x9a\xb8\x82\xafu\x10\xb4\xb7,\xed\x22\xca\x8e\xc7\x0a\xc6\
tW\xc65]\x04\xed\xd5\xf1\xab\x96\x08e\xc7cL\
\xefFt\x11\xb4\x17\xe3-\xecK|\x83\x1d\xa7\xeb>\
.\xebbDg%\x8c\xe3G\xc7\xe7/\xed\xc5\x98\xc3\
\xba\x1c\x0a:;\xc0o\xb2\xaa\x88\xf0P~\x8b\xda\x0b\
\xa8a\x17\x0d=\x8a\xe4\xb7\x85)\xc4\xb8\x81\x0f\xb1\xa7\
\x7f1\x22\x89\x08k\x12\xebzP\x90O\x19\x9fI\x04\
L\xe0]L\xe2\x09\xdcE\xac\xb3Ei\xaf\xa3\x86 \
\x11P\xc3.\x1a\xba\x08\xf2y\x88\x87\xb2^\xc4'\xb8\
!\xbfu\xcc!\xd6\x12a\x0d3\xba\x08\xf2\xd9\xc7\x05\
\xfc\xac\xbdi\xfdY\xc7\x1cb-\x11\xd60\xa3\x83\x82\
\xfc\x9a\xf8\x1c\xf7\xf0$\xcaZn\xe2+\x9d]AQ\
\xe2>>\x92h`\x175\x04\x89\x80\x1av\xd1\xd0F\
A\x7f\x1e\xe1.\xaec\x15\xf7\xb0\x81E\xc4:\xfb\x09\
/\xe1O\x5c\xc6/Z\x1a\xd8E\x0dA\x22\xa0\x86\x0d\
\xfc\xe11#\x06\xd3\x0c\xd6\x10iy\x1f\x1f{L0\
\x98\xd61\x87X\x22\xc6w\xfe\x85\x9e\xc3U<kh\
h\xe8\xbf\xe9o\x10r\x96\x1c\xc1\x8b\x22\x9d\x00\x00\x00\
\x00IEND\xaeB`\x82\
\x00\x00+\xb1\
\x89\
PNG\x0d\x0a\x1a\x0a\x00\x00\x00\x0dIHDR\x00\
\x00\x02\x00\x00\x00\x02\x00\x08\x06\x00\x00\x00\xf4x\xd4\xfa\
\x00\x00\x00\x04sBIT\x08\x08\x08\x08|\x08d\x88\
\x00\x00\x00\x09pHYs\x00\x00\x0e\xc4\x00\x00\x0e\xc4\
\x01\x95+\x0e\x1b\x00\x00\x00\x19tEXtSof\
tware\x00www.inksca\
pe.org\x9b\xee<\x1a\x00\x00 \x00ID\
ATx\x9c\xed\xddw\xb4ee}\xff\xf1\xf74\xda\
0\x0c 00R\x15\xac\x88\xa0\x88\x15\x1bEE\xc5\
(\xa2\xa8\xa8\xd1\xe4\xf7S\xa3F\xa3\xf9\xadH\x0cQ\
\xd1X\xb0\xc4\xbeb/(*\x16\xac\x11E\x0c*v\
#\x22\x16\xa2\xd2\xd1\xa1\xb7a\xa8\xc3\xdc\xdf\x1f\xcf\xdc\
p\xe7\xce-\xe7\xec\xfd\x94\xbd\xf7\xf3~\xad\xf5,u\
\xbcw\x9f\xef>g\xdf\xf3\xfd\xecg\xb7\x05\xf4\xd3\x9d\
\x81\xc7\x03\x0f\x07\xee\x05\xec\x06l\x05,.Y\x94T\
\xd8\xad\xc0*\xe0{\xc0\xc7\x80\xd3\x8bV#I\x11\x1d\
\x0c\x9c\x02\xdc\x0eL8\x1c\x8e9\xc7\x97\x81\xad\x91\xa4\
\x19,(]\xc0\x88\xee\x06\xbc\x1f8\xa8t!R\xcf\
\xfc\x8e\xf0wsi\xe9B$uK\x1f\x02\xc0_\x03\
\xef\x03\xb6(\x5c\x87\xd4W\xe7\x00\x8f&\x1c\x1e\x90$\
\x00\x16\x96.`\x1e\xc7\x11\x8ee\xda\xfc\xa5\xe6\xee\x01\
\xfc\x17\xb0\xb2t!\x92\xba\xa3\xcb\x01\xe0\xb5\xc0\xb1\xa5\
\x8b\x90\x06\xe2\xee\x84\x93\x02w.\x5c\x87\xa4\x8e\xe8\xea\
!\x80g\x00'\x96.B\x1a\xa0?\x01\x8f\x02.)\
]\x88\xa4\xb2\xba\x18\x00v\x07~\x0d,+\x5c\x874\
T\xe7\x12B\xc0\xc5\xa5\x0b\x91TN\x17\x0f\x01\xbc\x0b\
\x9b\xbf\x94\xd2]\x09\x87\x03v-\x5c\x87\xa4\x82\xba6\
\x03p\x00\xf0\xd3\xd2EH\x95\xb8\x880\x13p^\xe9\
B$\xe5\xd7\xb5\x19\x80W\x94.@\xaa\xc8\xae\xc0i\
\x84\xc3n\x92*\xd3\xa5\x19\x80\xad\x09\xd7)oV\xba\
\x10\xa92\x17\x12f\x02\xce/]\x88\xa4|\xba4\x03\
\xf0hl\xfeR\x09\xbb\x11\x9e\x1fp\xd7\xd2\x85H\xca\
\xa7K\x01\xe0a\xa5\x0b\x90*\xb6\x0b\xe1fA\x86\x00\
\xa9\x12]\x0a\x00\xf7*]\x80T\xb9]\x08W\x07\xec\
Y\xb8\x0eI\x959\x9b\xe6O=\xfb:\xb0c\xfe\x92\
\xa5\xac\xf6!\xcfS\x04/\x01\xf6\xca\xb4N\x92\xc4\xf9\
4\xff\xc2\xbaO\x81z\xa5\xdcr\x05\x80\x09\xe0\xcf\x84\
\xa7pJ\x1a\xa8.\x1d\x02X\xd4\xe2w\xaf\x8bV\x85\
$\x08\x0f\x0e\xfa>p\xef\xd2\x85HJ\xa3K\x01@\
R\xb7\xac \xdc'\xc0\x10 \x0d\x90\x01@\xd2\x5cV\
\x00\xdf\x05\xf6.]\x88\xa4\xb8\x0c\x00\x92\xe6\xb3\x03a\
&\xc0sm\xa4\x011\x00H\x1a\x85!@\x1a\x18\x03\
\x80\xa4QmO\x08\x01\xfb\x94.DR{\x06\x00I\
\xe3\xd8\x9ep\xb3\xa0\xfb\x17\xaeCRK\x06\x00I\xe3\
\xda\x068\x15\xd8\xbft!\x92\x9a3\x00Hu\xb8\x1e\
\xb8%\xe2\xf2\xb6\x01N\x01\xf6\x8b\xb8LI\x19\x19\x00\
\xa4:\x5c\x04\xfc\x15ps\xc4e\xde\x89p\x89\xe0\x03\
\x22.SR&\x06\x00\xa9\x1e\xa7\x00O&n\x08\xd8\
\x1a\xf86p@\xc4eJ\xca\xc0\x00 \xd5%e\x08\
x`\xc4eJJ\xcc\x00 \xd5'E\x08X\x0e|\
\x0bC\x80\xd4\x1b\x06\x00\xa9N)C\xc0\x83\x22.S\
R\x22\x06\x00\xa9^\xa7\x10\xff\xc4\xc0\xc9\x10\xf0\xe0\x88\
\xcb\x94\x94\x80\x01@\xaa\xdb\xb7\x88\x1f\x02\xb6\x22\xdc'\
\xe0\x11\x11\x97))2\x03\x80\xa4\x14!`)\xf0\x0d\
\xe0\x91\x11\x97))\x22\x03\x80$H\x17\x02\xbe\x0e<\
*\xe22%Eb\x00\x904\xc9\x10 U\xc4\x00 \
i\xaa\x14!`\x0bB\x08xt\xc4eJj\xc9\x00\
 i\xbao\x01O\x22~\x08\xf8\x1apP\xc4eJ\
j\xc1\x00 i&\xdf&M\x08\xf8*pp\xc4e\
Jj\xc8\x00 i6\x86\x00i\xc0\x0c\x00\x92\xe6\x92\
\x22\x04lN8'\xe0\xf1\x11\x97)iL\x06\x00I\
\xf3I\x11\x026\x05\xbe\x08<!\xe22%\x8d\xc1\x00\
 i\x14\x93!\xe0\xa6\x88\xcb\x9c\x0c\x01O\x8c\xb8L\
I#2\x00H\x1a\xd5\xb7\x09\x97\x08\xc6\x0c\x01\x9b\x00\
_\x00\x0e\x8f\xb8LI#0\x00H\x1aG\xaa\x10\xf0\
y\x0c\x01RV\x06\x00I\xe3J\x19\x02\x9e\x14q\x99\
\x92\xe6`\x00\x90\xd4D\x8as\x026\x01N\x22\x84\x0b\
I\x89\x19\x00$5u*\xe9B\xc0\x93#.S\xd2\
\x0c\x0c\x00\x92\xdaH\x11\x02\x96\x00\x9f\x03\x9e\x12q\x99\
\x92\xa61\x00Hj+U\x088\x09xF\xc4eJ\
\x9a\xc2\x00 )\x86\x14!`\x11p\x02\xf0\xcc\x88\xcb\
\x94\xb4\x9e\x01@R,\xa9B\xc0'\x81gE\x5c\xa6\
$\x0c\x00\x92\xe2:\x15x,\xb0&\xe22\x17\x01\x9f\
\x00\x8e\x8e\xb8L\xa9z\x06\x00I\xb1}\x1f8\x8c\xf8\
!\xe0\xe3\xc0\xb3#.S\xaa\x9a\x01@R\x0a\xa9B\
\xc0\xc7\x80\xe7D\x5c\xa6T-\x03\x80\xa4TR\x85\x80\
\x8f\x02\xcf\x8d\xb8L\xa9J\x06\x00I)\x19\x02\xa4\x8e\
2\x00HJm2\x04\xdc\x10q\x99\x0b\x09\x87\x03^\
\x18q\x99RU\x0c\x00\x92r\xf8>\xf0x\xe2\x86\x80\
\x05\xc0\xfb\x81\x17E\x5c\xa6T\x0d\x03\x80\xa4\x5cR\x85\
\x80\xf7\x01\x7f\x17q\x99R\x15\x0c\x00\x92rJ\x15\x02\
\xde\x8b!@\x1a\x8b\x01@Rn)\xce\x09\x98\x0c\x01\
/\x8e\xb8Li\xd0\x0c\x00\x92J\xf8\x01iB\xc0{\
\x80\x97D\x5c\xa64X\x06\x00I\xa5\xa4\x0a\x01\xef\x06\
^\x1aq\x99\xd2 \x19\x00$\x95\x94*\x04\xbc\x0b\xf8\
\xfb\x88\xcb\x94\x06\xc7\x00 \xa9\xb4T!\xe0\x9d\xc0\xcb\
\x22.S\x1a\x14\x03\x80\xa4.H\x19\x02^\x15q\x99\
\xd2`\x18\x00$uE\x8a\x10\x00\xf0&\xe0\x98\xc8\xcb\
\x94z\xcf\x00 \xa9KR\x85\x807\x02\xff\x1cy\x99\
R\xaf\x19\x00$uM\xaa\x10\xf0o\xc0\xab#/S\
\xea-\x03\x80\xa4.\xfa\x01\xf08\xe2\x87\x807\x00\xff\
\x12y\x99R/\x19\x00$u\xd5\x19\xa4\x09\x01\xaf\x07\
\x8e\x8d\xbcL\xa9w\x0c\x00\x92\xba,U\x088\x0e\xf8\
\xd7\xc8\xcb\x94\xd4\xd0E\xc0D\xc3\xb1k\x81z\xa5\xdc\
\xf6\xa1\xf9\xdf\xc8\xd9\x05\xea\x8d\xe9a\xc0j\x9a\xaf\xff\
l\xe359WB\xd2\xcc\x0c\x00\xd2\xdcj\x0e\x00\x90\
.\x04\xbc9\xe7JH]\xe1!\x00I}1y8\
`u\xe4\xe5\xfe\x13\x86\x00U\xc8\x00 \xa9O\xce \
\x5c\x22\x98\x22\x04\xbc%\xf22%\x8d\xe8w4\x9f\xc2\
\xdb\xba@\xbdRn\xb5\x1f\x02\x98\xeaa\xc0\xf5\xc4?\
\x1cp|\xce\x95\x90\x14\x9cJ\xb3?\xd8\xd8g\x07K\
]e\x00\xd8\xd0#\x08\x7f\xff\x9e\x13 5\xd0\xa5C\
\x00\xa75\xfc\xbd\xefD\xadBR_|\x0fx\x0ci\
\x0e\x07\xbc-\xf22%\xcd\xe1\xce4K\xf3\x87\x95(\
V*\xc0\x19\x80\x99=\x9c4W\x07\x18\x02\xa4\x8c^\
\xcax\x7f\xa0'\x96)S*\xc2\x000\xbbT!\xe0\
\xed9WB\xaa\xdd\xab\x80\xdb\x98\xff\x0f\xf3\xb3\xc0&\
\x85j\x94J0\x00\xcc-U\x08\xf8w`A\xc6\xf5\
\x90\xaa\xb6?\xf0%\xe0f6\xfcC\xbc\x1d\xf8\x11\xf0\
\xe4r\xa5I\xc5\x18\x00\xe6w iB\xc0\xbb0\x04\
HYm\x0e<\x008\x14x(\xb0m\xd9r\xa4\xa2\
\x0c\x00\xa3I\x15\x02\xde\x83!@\x92T\x80\x01`t\
\x0f%\xcd}\x02>H\xb7\xae\x9e\x92$U\xc0\x000\
\x1eC\x80$i\x10\x0c\x00\xe3K\x15\x02>\x84!@\
\x92\x94\x89\x01\xa0\x99\x87\x90&\x04|\x18C\x80$)\
\x03\x03@s\xa9B\xc0G0\x04H\x92\x12\xdb\x9b\xe6\
\x8d\xea\xdc\x02\xf5vM\xaa\x07\x08}\x14C\x80$)\
\xa1\xddi\xde\xa4\xd6\x01O\xc9^q\xf7\xa4\x0a\x01\x1f\
\xc7\x10\xa0\x9e\xf1\x9a\xd6\xbc\x1e\x02\x1cA\xd8\x93\xbbS\
\xe1Zt\x87\x1b\x81\xf3\x81o\x12n@uk\xd9r\
f\xb5\x05\xe1\xfa\xf66\x8d\xe6\xcf\xc0-q\xca\xe9\xad\
\xed\x81e\x09\x96\xfbI\xe0\xf9\x84\x1b\x96I\x12\x00;\
\x11\x9aK\xec\xbd\x0eG\xfcq\x1ep\xf0\xcc\x1fc'\
\x5c@\xf9\xf7\xc81\xfb8\x01g\x02\xd4\x13\x8bJ\x17\
P\x81=\x08\xb7/\xbe_\xe9B4\x92m\x80g\x12\
\x8e\x99w\xf1\xc4\xb9\x03\x80\xfb\x94.B\xb3\xda\x07X\
\x0c|\xb7t!\x92\xcaZ\x02\x9cE\xf9\xbd\x12\xc7\xf8\
\xe3&\xe0\xbe\x1b\x7f\xa4\xc5=\x87\xf2\xef\x8dc\xee\xb1\
\x96p\x98O\xea4\xa7\xaa\xd2\xfa\x1b\xc2\x1e\x81\xfag\
3\xe0\xf8\xd2E\xcc\xe0d`M\xe9\x224\xa7E\xc0\
+J\x17!\xcd\xc7\x00\x90\xd6\xf3K\x17\xa0V\x0e\x01\
v.]\xc44\xab\x09\x97\x9d\xa9\xdb\x0e+]\x804\
\x1f\x03@:\x9b\x11\x1ek\xac\xfeZ@\xb8l\xack\
\x8e\xc7Y\x80\xae[\x01,-]\x844\x17\x03@:\
;\xe0e\x96C\xb0c\xe9\x02fp\x09\xf0\xba\xd2E\
h^[\x95.@\x9a\x8b\x01 \x9d\xebK\x17\xa0(\
\xae+]\xc0,\xde\x0e\x9cZ\xba\x08I\xfde\x00H\
\xe7Z\xe0/\xa5\x8bPk\xbf+]\xc0,\xd6\x11.\
W<\xa7t!\x92\xfa\xc9\x00\x90\xd6\x97J\x17\xa0V\
.\x06~^\xba\x889\x5c\x09\x1c\x8a!@R\x03\x06\
\x80\xb4\xdeB\xb8\x9e\x5c\xfd\xf4:\xc2\x9ev\x97]L\
8Q\xd1\xc3\x01\x92\xc6b\x00H\xeb\x12\xe0\x05\xa5\x8b\
P#'\xd3\x9f\xcb\xed\xae\x02\x1eK\xb8\xf6|u\xe1\
Z$IS<\x870\x13P\xfa\x0ee\x8e\xd1\xc6\xc7\
\x80Mg\xfc$\xbboG\xe0m\x84\x93\x17K\xbf\x8f\
\xb5\x8f\x9d\xe6\xf9\xac$Ub7\xe0\x03\xc0\x15\x94\xff\
brl<n!<\xb0\xa9\xcb\x0f\x02\x1a\xc7\xe6\xc0\
\xd3\x09\xb3\x18\xe7\x00\xb7Q\xfe=\xaem\x18\x00\xd4i\
^\xa7\x9e\xdf\x22\xc2^\xda\x0a|\xff\xbb\xe2:\xc2\xe1\
\x9a\x9bK\x17\x92\xd0\x12`;B0\xd0\xe8~Bx\
|p\x13+\x81U\x11k\x91$I\x99\xac\xc2\x19\x00\
\x0d\x94'\x01J\x92T\xa1\xc5\xa5\x0b\x98\xc7\x22`\x0f\
`9\xe1$\xba\xf3\x18\xf64\xad$IU\xbb'\xe1\
L\xeck\xd8pJ\xed&\xe0?\x81\x83\xca\x95&\xa9\
\x22\x1e\x02\x902z\x11a/\x7f\xbe?\xae\xff \xcc\
\x10HR*\x06\x00)\x93\xe7\x11\xee\xbc6\xea\x1f\xd8\
\x07\xcb\x94)\xa9\x12\x06\x00)\x83\x15\x84\x07\xe8\x8c\xfb\
G\xf6\xe8\x12\xc5J\xaa\x82\x01@\x83\xd5\xa5\xab\x00\x9e\
M8\xd9o\x5c/\x8e]\x88$IC\xd7\xa5\x00\xd0\
\xf4\x0el\x87D\xadB\x92\xa4\x0at)\x00\xec\xda\xf0\
\xf7\x96\x01\xdb\xc4,D\x92\xa4\xa1\xebR\x00\xd8\xb2\xc5\
\xefn\x15\xad\x0aI\x92*\xd0\xa5\x00 I\x9221\
\x00H\x92T!\x03\x80$I\x152\x00H\x92T!\
\x03\x80$I\x152\x00H\x92T!\x03\x80$I\x15\
2\x00H\x92T!\x03\x80$I\x152\x00H\x92T\
!\x03\x80$I\x152\x00H\x92T!\x03\x80$I\
\x152\x00H\x92T!\x03\x80$I\x152\x00H\x92\
T!\x03\x80$I\x152\x00H\x92T!\x03\x80$\
I\x152\x00H\x92T!\x03\x80$I\x152\x00H\
\x92T!\x03\x80$I\x152\x00H\x92T!\x03\x80\
$I\x152\x00H\x92T!\x03\x80$I\x152\x00\
H\x92T!\x03\x80$I\x152\x00H\x92T!\x03\
\x80$I\x152\x00H\x92T\xa1\xc5\xa5\x0b\xa8\xc8\x02\
\xe0\xb1\xc0S\x81{\x03\xdb\x97-GJ\xe6z\xe0\x0f\
\xc0\xd7\x80\x93\x80[\xcb\x96#\xa9\xeb.\x02&\x1a\x8e\
\xdd\x0a\xd4;\x8e=\x80\x1f\xd1|\xfd\x1c\x8e\xbe\x8es\
\x81\x03\xe9\xafU4_\xf7\x9d\x0a\xd4+\x8d\xccC\x00\
\xe9\xdd\x03\xf8)\xf0\xe0\xd2\x85H\x05\xdc\x05\xf8\x0e\xf0\
\xc4\xd2\x85H\xda\x90\x01 \xadM\x81\xaf\xe0t\xbf\xea\
\xb6\x09\xf0i`\xf7\xc2uH\x9a\xc2\x00\x90\xd6\x0b\x81\
\xbb\x95.B\xea\x80e\xc0q\xa5\x8b\x90t\x07\x03@\
Z\xcf-]\x80\xd4!O\x05\x96\x96.BR`\x00\
Hgs`\xdf\xd2EH\x1d\xb29\xb0_\xe9\x22$\
\x05\x06\x80t\xb6'\x5c\xfa'\xe9\x0e+J\x17 )\
0\x00\xa4s]\xe9\x02\xa4\x0e\xba\xa6t\x01\x92\x02\x03\
@:\xd7\x11\xeem )X\x07\xfc\xb6t\x11\x92\x02\
\x03@Z_(]\x80\xd4!\xdf\x07.+]\x84\xa4\
\xc0\x00\x90\xd6[\x81\xd5\xa5\x8b\x90:`\x02xM\xe9\
\x22$\xdd\xc1\x00\x90\xd6\xa5\x84K\x01\xd7\x95.D*\
\xec\x0d\x84\x19\x00I\x1da\x00H\xefd\xe0\x08\xc2\x03\
R\xa4\xda\xac\x05\xfe\x19\xf7\xfe\xa5\xce1\x00\xe4\xf1e\
`/\xc2!\x81\x0b\xca\x96\x22eq%\xf01`\x1f\
\xe0M\x84C\x00\x92:\xa4K\xd7\xa9_\x04\xec\xd2\xf0\
ww\x07.\x8cWJrK\xf1zh\x0d\xd7\xb5\xc0\
\xd5\xa5\x8b\x88d\x15\xb0c\xc3\xdf]\xb9\xfe\xf7\xa5N\
Z\x5c\xba\x80J\xad\x01\xce+]\x84$\xa9^\x1e\x02\
\x90$\xa9B\x06\x00I\x92*d\x00\x90$\xa9B\x06\
\x00I\x92*d\x00\x90$\xa9B\x06\x00I\x92*d\
\x00\x90$\xa9B\x06\x00I\x92*d\x00\x90$\xa9B\
\x06\x00I\x92*d\x00\x90$\xa9B\x06\x00I\x92*\
d\x00\x90$\xa9B\x06\x00I\x92*d\x00\x90$\xa9\
B\x06\x00I\x92*d\x00\x90$\xa9B\x06\x00I\x92\
*d\x00\x90$\xa9B\x06\x00I\x92*d\x00\x90$\
\xa9B\x06\x00I\x92*d\x00\x90$\xa9B\x06\x00I\
\x92*d\x00\x90$\xa9B\x06\x00I\x92*d\x00\x90\
$\xa9B\x06\x00I\x92*d\x00\x90$\xa9B\x06\x00\
I\x92*d\x00\x90$\xa9B\x06\x00I\x92*d\x00\
\x90$\xa9B\x06\x00I\x92*d\x00\x90$\xa9B\x06\
\x00I\x92*d\x00\x90$\xa9B\x06\x00I\x92*d\
\x00\x90$\xa9B\x06\x00I\x92*d\x00\x90$\xa9B\
\x06\x00I\x92*\xb4\xb8t\x01\x15Y\x08\x1c\x09<\x15\
\xb87\xb0\x03\x060\x0d\xd3U\xc0\xb9\xc0W\x81O\x00\
k\xca\x96#\xa9\xeb.\x02&\x1a\x8e\xdd\x0a\xd4;\x8e\
{\x01\xbf\xa6\xf9\xfa9\x1c}\x1d\x7f\x01\x1eK\x7f\xad\
\xa2\xf9\xba\xefT\xa0^id\xee\x81\xa6\xb7/\xf0#\
\xe0>\xa5\x0b\x91\x0a\xd8\x09\xf8:pT\xe9B$m\
\xc8\x00\x90\xd6\x16\xc0\x97\x81\xe5\xa5\x0b\x91\x0aZ\x04|\
\x14\xb8[\xe9B$\xdd\xc1\x00\x90\xd6K\xe8\xfe\xe1\x09\
)\x87\xcd\x81\xd7\x97.B\xd2\x1d\x0c\x00i=\xbbt\
\x01R\x87<\x09\xd8\xaat\x11\x92\x02\x03@:[\x00\
{\x97.B\xea\x90M\x81\xfb\x96.BR`\x00H\
g\xbb\xd2\x05H\x1d\xb4C\xe9\x02$\x05\x06\x80t\xae\
)]\x80\xd4AW\x95.@R`\x00Hg5p\
^\xe9\x22\xa4\x0e\xb9\x1d\xf8M\xe9\x22$\x05\x06\x80\xb4\
>W\xba\x00\xa9CN\x03\xae,]\x84\xa4\xc0\x00\x90\
\xd6\xdb\xf1P\x80\x04\xb0\x0e8\xb6t\x11\x92\xee`\x00\
H\xeb*\xe0\x19\xc0\xda\xd2\x85H\x85\x1d\x03\xfc\xact\
\x11\x92\xee`\x00H\xef[\xc0\xe3\x80+J\x17\x22\x15\
p3\xf0b\xe0\xf8\xd2\x85H\xda\x90\x01 \x8f\xef\x00\
{\x02\xff\x02\x9c\x05\xdcV\xb6\x1c)\xa9\x09\xc2\xd3\x00\
\xdf\x09\xdc\x1dx\x7f\xd9r$\xcddA\xe9\x02\xa6\xb8\
\x08\xd8\xa5\xe1\xef\xee\x0e\x5c\x18\xaf\x94\xe4\x16\x00[\x97\
.BJ\xe4\x06\x86\x13rW\x01;6\xfc\xdd\x95\xeb\
\x7f_\xea\xa4\xc5\xa5\x0b\xa8\xd4\x04\x9e\x1c(I*\xc8\
C\x00\x92$U\xc8\x00 IR\x85\x0c\x00\x92$\xc5\
\xb3\x19\xe1Y0\x8bJ\x172\x1f\x03\x80$I\xedl\
\x0b\x1c\x07\x9c\x03\xdcD\xb8\xec\xfb\x16\xe0\x87\xc0\x0b\x80\
%\xe5J\xeb\x87\x8b\x08'\xc75\x19\xbb\x15\xa8W\xd2\
\xf0\xad\xa2\xf9\xf7\xd2N\x05\xeaU~\x87\x12n\xfa6\
\xd7\xb6p6p\xd7R\x05\xf6\x81\x01@R\xd7\x18\x00\
4\x97\xa3\x08\x97\xbc\x8e\xb2=\x5c\x0a\xecZ\xa6\xcc\x99\
y\x08@\x92\xa4\xf1\x1d\x05|\x8a\xd1/\xa7_\xb1\xfe\
\xe75\x03g\x00$u\x8d3\x00\x9a\xc9Q\x84g\xbc\
4\xd9.\x1eS\xa0\xde\x199\x03 I\xd2\xe8\x8e\x02\
N\xa0\xf9Y\xfeGF\xac\xa5\x15\x03\x80$I\xa39\
\x92\xd0\xfc\xdb\xdcEw\xdfH\xb5\xb4f\x00\x90$i\
~G\x01'\xd2\xfe\x16\xfa\x9dy\x0e\x8c\x01@\x92\xa4\
\xb9MN\xfb\xc7x~\xcee\x11\x96\x11\x85\x0f\x03\x92\
$\x8dk\x11\xb0\xd5\xb4\x7f\xdb\x14\xd8b\xda\xbfmN\
\xb81\xcem\x84\xa7D^\x07\xacK^]\x5c1\x9b\
?\xc0\x8f\x22-\xa75\x03\x80$\xa5q7\xc2u\xdf\
\xcb\x08w\x82\xdbr\xda\xff\xbf9\xe1\xb6\xb1Sm\xc5\
\x86'\x97\xcd\xf4\xe8\xf0M\x80\xa5\xd3\xfem\x0bB\x03\
\x9ej9\x1b\xce\xf2.\x5c\xffoS\xcd\xd4\xb4\x97\xae\
\x7f\x8d\xb9\x96\xd5\xd4-\xc0y\xc0\xb9\xc0Y\xc0\x19\x84\
\xbb\xe5\xad\x8e\xb0\xec\x14b7\xff\x09\xe0\xd3\x91\x965\
(^\x06(\xa9k\xda\x5c\x06\xe8\x18m\xac%\x04\x81\
\x97\x00;\x8c\xf6\xb1d1\xceM~F\x1d\x1f\xcf\xb9\
\x02}b\x00\x90\xd45\x06\x80\xfca\xe0\xab\xc0\xc3G\
\xf9p\x12J\xd1\xfc\x7f\xc9\xc637Z\xcf\x00 \xa9\
k\x0c\x00\xe5\xc6\x8f(s\xd3\x9c\x14\xcd\xffW\x84'\
\x04j\x16\x06\x00I]c\x00(?\xbe\x06\xdce\xbe\
\x0f*\x92#\xb1\xf9\x17a\x00\x90\xd45\x06\x80n\x8c\
\x9b\x80W\x10N\x8aL\xc5=\xff\x82\x0c\x00\x92\xba\xe4\
o\x81[)\xdf\xfc\x1cw\x8co\x00\xdb\xcf\xf5\xa15\
d\xf3/\xcc\x00 \xa9\x0b\x96\x11\xee\xf8V\xba\xd99\
f\x1e\x17\x03{\xcf\xfa\xe9\x8d\xcf\xe6\xdf\x01\x06\x00I\
\xa5\xed\x0c\xfc\x86\xf2M\xce1\xf7\xb8\x068p\x96\xcf\
p\x1c6\xff\x8e0\x00H*\xe9\x9e\xb4\xfb\x1er\xe4\
\x1d7\x01\x87\xcd\xf8I\x8e\xc6\xe6\xdf!\x06\x00I\xa5\
\xec\x07\x5cI\xf9\xa6\xe6\x18o\xdc\x0c<~\x86\xcfs\
>6\xff\x8e1\x00H*a_l\xfe}\x1e\xb7\x00\
\x87o\xf4\xa9\xce\xceK\xfd:\xc8\x00 )7\x9b\xff\
0\xc6\xa8!\xc0\xe6\xdfQ\x06\x00I9\xd9\xfc\x875\
\xe6\x0b\x016\xffi|\x1a\xa0\xa4\x1a\xed\x07|\x07\xd8\
\xb6t!=v\x03\xa1\xa1Nu-\xa11NZK\
\xb8y\xcfR`\x05\x1b>\xe90\xb6M\x80\x93\x80#\
\x08\xf7\x0b\x98\xea\xe9\xc0\xa7\x88\xdb\xf3\xce\x02\x0e&\x84\
\xc8^2\x00H\xaaM\xae\xe6\x7f5p\xe1\xfa\xff\x9c\
 <\xf2v\xed\x94\xff\x7f\x82\xd00\xa7\xba\x8d\xd0X\
\xa7\xba\x91\xb0w;\xd5\xf5\xc0\xedS\xfe\xf7:\xe0\xba\
i?s+\xb0f\xda\xbf\xadY\xff\xefS]\xb7\xfe\
\xf7'\xdd\xbe~\xf9S\xdd\xb2\xbe\x8e66!<\x22\
\xf9@\xe0q\x84\xfb\xfcO\x7f\xecp[\x9b\x02_d\
\xc3\x10`\xf3\xef\x01\x0f\x01HJm?\xe0*\xd2L\
A\xdfHx\xd6\xfbQ\xc0N\xb9V\xa8\xc7\xb6\x03\x8e\
\x05\xae \xfeg1yu\xc0\xd3q\xda\xbf\x17\x0c\x00\
\x92RJ\xd5\xfc\xaf\x00\x8e\x01\x96\xe7[\x95A\xd9\x1a\
x\x0fa\xe6!v\x08\xb0\xf9\xf7\x84\x01@R*\xa9\
\x9a\xff\x87\xf0<\x82X\x0e\x05.'\xfegd\xf3\xef\
\x01\x03\x80\xa4\x14R4\xff\xd5\x84\xe3\xcc\x8akO\xe0\
\x5c\xca7{\x9b\x7ff\x06\x00I\xb1\xa5h\xfeW\x00\
\x0f\xc8\xb9\x12\x95Y\x09\xfc\x81\xf2M\xdf\xe6\x9f\x91\x01\
@RL)\xae\xf3\xbf\x1c\xd8'\xe7JTj\x05\xf0\
[l\xfe\xd50\x00H\x8a\xc5\xe6\xdf\x7f\xa5C\x80\xcd\
?#\x03\x80\xa4\x18l\xfe\xc3Q*\x04\xd8\xfc33\
\x00Hj\xcb\xe6?<\xb9C\x80\xcd\xbf\x00\x03\x80\xa4\
6l\xfe\xc3\x95+\x04\xd8\xfc\x0b1\x00Hj\xca\xe6\
?|\xa9C\x80\xcd\xbf \x03\x80\xa4&R]\xeag\
\xf3\xef\x9e\x95\xb4\xeb\x15\xb3\x8d\xff\x01\xee\x94q=4\
\x8d\x01@\xd2\xb8\xdc\xf3\xafK\x8aG\xfaN0\xff\xa3\
\x84\x95\xd8\xd0\x03\xc0&\xc0\xff\x01\xbe\x0d\xfc\x85\xf0T\
\xb0\xd8\x1b\xb1\xa3\xdf\xe32\xe0\xc7\xc0?\x11\xee\x8f\xae\
\xb9\xd9\xfc\xeb\x92\xaa\xf9O\x0eC@AC\x0e\x00\xf7\
\xa7\x9b\xb7\xb7ttw\x5c\x05<\x05\xcd\xc6\xe6_\x97\
\xd4\xcd\x7fr\x18\x02\x0a\x19j\x00x\x10\xe1\x19\xdc\xa5\
\x1b\x8a\xa3\x7fc\x1d\xf0\x5c4\x9d\xcd\xbf.\xb9\x9a\xff\
\xe40\x04\x140\xc4\x00\xb0\x8c0\xdd_\xba\x918\xfa\
;n\x06\xee\x89&\xd9\xfc\xeb\x92\xbb\xf9O\x0eC@\
fC\x0c\x00\xc7R\xbe\x818\xfa?>\x8f\xc0\xe6_\
\x9bR\xcd\x7fr\x18\x022\x1ab\x00\xf8=\xe5\x9b\x87\
\xa3\xff\xe3f`+\xeaf\xf3\xafK\xe9\xe6?9\x0c\
\x01\x99\x0c-\x00lI\xf9\x8d\xd71\x9c\xf1P\xea\xe5\
u\xfeu9\x8an]%u3\xf0\xb8\xa4k\x5c\xc8\
\xc2\xd2\x05\x0c\x987\x95PL\xb5\xde\xa1l_\xe0T\
`\xdb\x88\xcb\xbc\x028\x08\xf8u\xc4e*\x8e#\x81\
\x13\x80E\xa5\x0b\x99bS\xe0\x8b\x0c0\x84\x1b\x00\xd2\
\xb9\xaat\x01\x1a\x94+K\x17P\xc0\xbe\xc0w\x88\x1b\
\xa6\xaf\x00\x0e\xc6\xe6\xdfEG\x02'\x02\x8bK\x172\
\x83\xcd\x81\xaf\xe0\x09\xb9\xc9\x0c\xed\x10\x00\xc09\x94\x9f\
\xber\xf4\x7f\xd4x\x0e\x80\xd3\xfeuI1\xed\xff+\
\xe0\x0f\x91\x97\xf9'\xea\xfb[\xccb\x88\x01\xe0\xb5\x94\
o\x1e\x8e\xfe\x8f\x93\xa9\x8b'\xfc\xd5%\xc5\x09\x7f\x93\
\x0f\xf6I\xf1\x00\xa1\x93\xd2\xbc\x0d\xf9-(]\xc0\x14\
\x17\x01\xbb4\xfc\xdd\xdd\x81\x0b\xe3\x95\x12\xcdr\xc2C\
&V\x94.D\xbdu+\xe1N\x92\xbf)]H&\
\xfb\x11\xa6\xfdc\x1e\xf3\xbf\x12\x8f\xf9\x8fk%a\xba\
\xfb\xee\xeb\xff\xfb\xf6\xc06S\xfe\xff\xab\x09\xa1\xeaR\
\xe0w\xc0\xd94;\xecy\x14\xf0)\xe2\x1e\xf3\xff\x15\
\xe10\xcfd=+\x81\xd3\x81\xbd\x22\xbe\xc6\xdf\x00\x1f\
\x8d\xb8\xbc\xea\x0dq\x06\x00\xe0@\xe0&\xca\xefE:\
\xfa7\xd6\x11\x9e\x1fQ\x0b\xa7\xfd\xcbY\x0e<\x0b\xf8\
$p\x01\xcd\xde\xeb?\x02\x1f$\xec\xd1o1\xc2k\
\xa6\x98\xf6?\x93\x99\xcf\x19YI\xdc\xc3\x01WS\xef\
\x89\xb9I\x0c5\x00@\xb8\x1d\xf0\x85\x94o(\x8e\xfe\
\x8ck\x09_\x90\xb5\xb0\xf9\xe7\xb7\x008\x14\xf82\xe1\
<\x93\x98\xef\xfd\x0d\xc0\xa7\x09;@3\xc9\xd9\xfc'\
\xc5\x0e\x01\x1f\x98\xe3\xb54\xa6!\x07\x00\x08g\x91\xbe\
\x840\x15\x15\xfb\x8b\xce1\x8cq\x03\xf0s\xe05\xd4\
\xb5wa\xf3\xcfk!p4\xf9nT\xf6\x0b6|\
\xb0U\x89\xe6?)f\x08\xb8\x1d\xb8\xef\x08\xaf\xa9\x11\
\x0c=\x00H\xda\x98\xcd?\xafC\x08\xc7\xebs4\xfe\
\xe9\xe3\x87\xc01\x94k\xfe\x93b\x86\x80\xcf\x8c\xf1\xba\
\x9a\x83\x01@\xaa\x8b\xcd?\x9fm\x81\x8fS\xa6\xf1\xa7\
\x1c\xe36\xffI\xb1B\xc0Z\xe0.\x0d^_\xd3\x18\
\x00\xa4z\xd8\xfc\xf3y\x10\xed\xbe_\xbb:\x9a6\xff\
Iw\x06\xce\x8fP\xc7\xbbZ\xd4\xa0\xf5\x0c\x00R\x1d\
l\xfe\xf9\xbc\x90\xf0@\x9b\xd2\xcd\xbak\xcd\x7f\xd2\xdd\
\x81kZ\xd6r\x19\xdd\xbc{a\xaf\x18\x00\xa4\xe1\xf3\
&?\xf9\xfc\x13\xe5\x1bu\x8a1y\x93\x9fX\x8e\x88\
P\xd3c\x22\xd6S%\x03\x804l\xee\xf9\xe7\xf3v\
\xca7\xea\x14#\xd6\x9e\xfft'\xb5\xac\xeb\xc3\x09j\
\xaa\x8a\x01@\x1a.\x9b\x7f>\xc7P\xbeQ\xf7\xa9\xf9\
\x03\xecJ\xbb{!\x9c\x9b\xa8\xaej\x18\x00\xa4a\xb2\
\xf9\xe7\xf3<\xc2\x1d$K7\xeb>5\xffI\x1fj\
Y\xe3\xce\x89\xeb\x1b4\x03\x804<6\xff|\xf6%\
\xfe\x1d\xfd\xba0r4\x7f\x08\xdbj\x9b:k\xbas\
gt\x06\x00iXl\xfe\xf9l\xc90\x1f?\x9e\xab\
\xf9Oj\xf3\x1e\xbe6c\x9dQ,,]\x80\xa4A\
\xf2\xa9~y\xbd\x85pI\xdb\x90L\x7f\xaa_\x0e\xa7\
\xb6\xf8\xdd=\xa3U\x91\x89\xd7.J\x8a\xcd\xe6\x9f\xd7\
~\xc0\x0b\x12-\xfbj\xe0\x97\x84f|%\xe1\x9a\xf9\
M\x09\x97\xe1\xed\x09<\x84\xf08\xf6\x14^D\xde\xe6\
\x0f\xf0\x13\xc23[\x9a\xb8k\xccBj\xe3!\x00\xa9\
\xff\x9c\xf6\xcfk\x01p\x06q\xdf\xef\x1b\x80\xf7\x01\x8f\
\x00\x16\xcd\xf3\xfa)\x1e\xec39\xbe\xd0\xec-i\xe5\
\x01-\xea\xfdC\x81z\x07\xc3\x00 \xf5\x9b\xcd?\xbf\
\xc7\x12\xef\xbd\xbe\x19x\x03\xa3\x1fs?\x0a\xb8-\xe2\
\xebO\x1f\xeb\x80\x07\x8e\xf9~\xb4u\xe7\x16\xf5^\x9c\
\xb9\xd6A1\x00H\xfde\xf3/\xe3\xbb\xc4y\xaf\x7f\
\x0e\xdcs\x8c\xd7M\xdd\xfc'\xc7\xe7\xc7y3\x22\xd8\
\xa6E\xad\xb9\x0fW\x0c\x8a\x01@\xea'\x9b\x7f\x19\xf7\
'\xce{\xfd%`\x8b1^7W\xf3\x9f \x1c^\
\xd8}\x8c\xda\xdaZ\xde\xa2\xd6\xeb3\xd698\x06\x00\
\xa9\x7f\xbc\xb7\x7f9\xef\xa1\xfd{\xfde\xc6;\x19\xfc\
H\xf25\xff\xc9\xf1\xda1\xeak\xebN-\xea\xbc:\
c\x9d\x83c\x00\x90\xfa\xc5=\xffr\x16\x03\x97\xd2\xee\
\xbd\xfe\x05\xb0\xd9\x18\xaf\x99s\xcf\x7f\xea\xf8\xfd\x185\
\xb6\xb5C\x8b:/\xcfX\xe7\xe0\x18\x00\xa4\xfe\xb0\xf9\
\x97\xf5h\xda\xbd\xd77\x02{\x8d\xf1zO\xa7L\xf3\
\x9f\x1c\xf7\x1e\xa3\xd66V\xb6\xa8qU\xa6\x1a\xa3\xf1\
F@\x92\xc6\xe5u\xfe\xe5=\xaa\xe5\xef\x1f\x0f\xfcq\
\xc4\x9f=\x02\xf8\x14e\xef\x1bsP\xa6\xd7\x99\xef\xb2\
\xc7\xb9\xac\x8dVE\x85\x9c\x01\x90\xba/\xc5\x9e\xbf\xc7\
\xfc\xc7\xf7=\x9a\xbf\xdf\xd7\x00\xcbF|\x9d\xfb\x01k\
Z\xbcV\xacq\xf2\x18\xefM\x1b{\xb4\xa8\xf1\x82L\
5\x0e\x92\x01@\xea6\x9b\x7f7,\x02n\xa2\xf9{\
\xfe\x8e1^\xeb'-^'\xe6\xb8h\x8c\x9a\xdb\xd8\
\xabE\x8d\x7f\xcaT\xe3 \x19\x00\xa4\xee\xb2\xf9w\xc7\
]h\xf7\xbe\xef?\xe2\xeb<\xb8\xe5\xeb\xcc\xf4y7\
\xfd\xddu\xc0V#\xbfC\xcd\xdd\xa3E\x8d\xff\x93\xa1\
\xbe\xa8<\x07@\xd2|R\x1c\xf3\xbf\x82\xf0\xa0\x17\x8f\
\xf9\x8f\xaf\xcdCg\xae\x02\xfe{\xc4\x9fm{\x9e\xc1\
T\xbf\x02\x0e\x00no\xf8\xfb\x0b\x80\xbb\xc5+gV\
m\xces\xe8\xdd9\x00\x06\x00Is\xb1\xf9wO\x9b\
\x19\xcf_\x12\xf6VG\xb1]\x8b\xd7\x99j\xf2\xa9~\
\x17\x00\xbfi\xb1\x9c\x1d\xa3T37\x03\x80$a\xf3\
\xef\xaa6S\xe1\x97\x8e\xf1\xb3\xd7\xb6x\x9dI\xd3\x1f\
\xe9{^\x8be\xed\xd0\xbe\x9cy\xb5\xb9\x0a\xa0\xe9\xec\
F1\x06\x00I3\xb1\xf9w\xd7\x96-~w\x9c\x00\
\xf0\xf3\x16\xaf\x03\x1b7\x7fhw\xad\xfc\xe6\xed\xca\x19\
\x893\x00\x92\xaaf\xf3\xef\xb6MZ\xfc\xee\xea1~\
\xf6T\xe0\xcf\x0d_g\xa6\xe6\x0f\xe1d\xbe\xa6r\xf4\
+g\x00$U\xcb\xe6\xdf}kZ\xfc\xee8\xd3\xe8\
k\x81c\x1a\xbc\xc6Y\xcc\xdc\xfca\xbc\x87\x0eM\x97\
\xa3\xc1:\x03 \xa9J\xfb\x12\xf6\xfal\xfe\xdd\xd6&\
\x00\xac\x18\xf3\xe7O\x00>0\xc6\xcf\xcf\xd5\xfc\x01v\
\x1e\xf3\xf5\xa7\xca\xf1\xb0\x1d\x03\x80\xa4\xea\xec\x07\x9cF\
x\x1aZ,6\xff4\xda<w~\xf7\x06\xbf\xf3\x12\
\xe0}#\xfc\xdci\x84g\x14\x5c9\xc7\xcf\xdc\xab\xc1\
\xebO\xca\x11\x00\xaa:\x04\xd0%\xde\x08H*\xc3\x9b\
\xfc\xf4\xcb\x83h\xfe\xb9\xdc\x0a,m\xf8\xba\x87\x00?\
\x9ca\x99\xab\x80\x973\xff\xde\xf3\xee-\xea\x9e\x00\xee\
\xde\xb0\xeeq<\xaeE}\xa7d\xa8o\xb0\x0c\x00R\
~6\xff\xfe\xd9\x8ev\x9f\xcf\xd3Z\xbe\xfe\xae\xc0\xe3\
\x81\xa7\x12\x0e\x1b\x8d:\x93\xfc\xf2\x165\xdfB\x9e\x87\
\x11=\xa1E\x8d\xdf\xc8P\xdf`\x19\x00\xa4\xbcl\xfe\
\xfd\xb5\x8a\xfe5\xaa3\xc7\xa8q\xfa8+S\x8d\x7f\
\xd5\xa2\xc6\xafd\xaa1\x1a\xcf\x01\x90\xea\xe4\xd9\xfe\xfd\
\xf6\x83\x16\xbf\xfb8\xe0>\xb1\x0a\x19\xd1\xa1\x84\xd9\x82\
\xa6\xce\x88U\xc8<<\x09P\xd2\xa0\xd9\xfc\xfb\xef\xfb\
-~w\x01\xf0\xb6X\x85\x8c`1\xf0\xa6\x96\xcbh\
\x13x\xc6\xe1I\x80\x85x\x08@J\xcfi\xffa\xd8\
\x93\xf6\x9f\xdbs3\xd5\xfa\xaa\x96u\xdeJ\xdc\xb0:\
\x97g\xb5\xa8\xf3\xc4L5\x0e\x92\x01@J\xcb\xe6?\
,?\xa3\xddg\xb7\x9a\xf4\x9f\xddA\x84\x06\xde\xa6\xce\
o&\xaeq\xaa\xe7\xb4\xa8\xf3\x84\x8cuF\xe1!\x00\
\xa9\x0eN\xfb\x0f\xcfgZ\xfe\xfe\x96\x84\xe6\xda\xe6\xf1\
\xc2s\xb9/\xf0\x05`I\xcb\xe5\xe4\xdc\xb3\xae\xea\x1c\
\x80.q\x06@J\xc3=\xffa\xba\x13p\x03\xed?\
\xcbK\x81\x07D\xae\xed \xc2\xd3\x04\xdb\xd6v\x19\xb0\
i\xe4\xda\xe6\xf2\x7f[\xd4\xfa\xe1\x8cuF\xe1\x0c\x80\
4l\xee\xf9\x0f\xd7U\xc0G\x22,g\x05\xe1,\xfb\
W\xd2\xfeZ\xfbM\x81\xe3\x80o\x01\xcb[.\x0b\xe0\
\x83\x84{\x00\xe4\xd2\xe6$@g\x00Zp\x06@\x8a\
\xcb=\xff\xe1\xdb\x8d\xf6\xc7\xd8\xa7\x8e_\x03Of\xfc\
\x9d\xc3%\xc0\xd1\xc0\x9f\x22\xd6r\x0d\xf9N\xfe\x9b\xf4\
\xd2\x16\xf5\xbe7s\xad\x83b\x00\x90\xe2\xb1\xf9\xd7\xe3\
\xad\xc4\xfd\x9c'\x80\xf3\x807\x02\x0f\x076\x9b\xe5u\
\x97\x12f\x82\xde\x01\x5c\x92\xa0\x86&O\x22l\xab\xcd\
\xdd\x0a\xdfU\xa0\xdeVr\xdcZQ3[\x86\xef\x7f\
N\x13\x84c\x925p\xda\xbf.\xaf'\x5c\xbe\xb6S\
\xc4e\xeeAh\xc0\x93M\xf8J\xc2\xf1\xf8\xab\x09\xe7\
\x1e\xec\x04l\x13\xf1\xf5\xa6\xfb\x03\xf0\xef\x09\x97?\x9b\
\xaaN\x02\xb4\x01\xe5\xb3%\xf0B\xe0H`o\xda=\
\x17[\xcd\xdcB\x98\xa2\xfc\x0a\xf0n\xc2\x17\xda\xd0\xd8\
\xfc\xebs=\xf0\x0f\xc0g\x13\xbe\xc6v\xebG\x0e\x13\
\x84\x93\xf1n\xce\xf4zS\xb5\xe9\x89\xde\x08\xa8\x85!\
\x1f\x02x8\xed\xee\xdd\xed\x88?V\x03\xcf\x9e\xebC\
\xeb!\xa7\xfd\xeb\xf6Q\xca\xff]\xc5\x18\xef\x88\xfd\xc6\
\x8c\xe1\xd5s\xd45\xdfxc\x81z\x07c\xa8\x01\xe0\
\xd1\x84=\xcf\xd2\x7fT\x8e\x99\xc7\x0bf\xff\xe8z\xc5\
\xe6\xaf\xa5\xc0\xef(\xff7\xd5f\x9cA\xfb\xfb\x06\xb4\
\xf1\x9aY\xea\x1ae\x1cW\xa0\xdeV\xbc\x0c0\xadm\
\x80\xcf\x01\x9b\x94.D\xb3z\x0f\xe1\x90L\x9f9\xed\
/\x805\xc0\x13\xe9\xef\xa1\xad\x0b\x09\x8f*\xbe\xad`\
\x0dU=\x0b\xc0\x00\x90\xd6+\xc8w\xdcL\xcd,\xa1\
\x87\xc9}\x8a}\x81S\x89\xdf\xfc\x0f\xc2\xe6\xdfG\xe7\
\x02\x87\xd0\xbf\x13^\xaf\x04\x1e\x0b\xfc\xa5p\x1dU\x9d\
\x04h\x00H\xeb\xa8\xd2\x05h$\x87\x01[\x95.\xa2\
\x81\xfd\x80\xd3\x08ge\xc72\xb9\xe7\x7fv\xc4e*\
\xaf\xb3\x81\xc3\x81\xebJ\x172\xa2\xcb\x08\x8f\x0b>\xa7\
t!Tv\x12\xa0\x01 \x9de\xa4\xbb\xc7\xb6\xe2\xda\
\x14\xb8w\xe9\x22\xc6\xe4\x9e\xbf\xe6\xf2\x03\xe0\xa1\x84\xeb\
\xf3\xbb\xec|\xc2I\xd2g\x96.d=g\x00\x14E\
\xee;X\xa9\x9d>}^\xee\xf9k\x14\xbf\x05\x0e\x04\
~Q\xba\x90Y\x9c\x0e<\x98p\xcd\x7fWTu+\
`\x03@:W\x94.@c\xb9\xbct\x01#r\xcf\
_\xe3\xb8\x80\xd0d\xdfB8S\xbd\x0b&\x08\xf5\x1c\
L\xf7NX\xf4\x10\x80\xa2\xb8\x91\x90\xc0\xd5}}\xf9\
\xac\xdc\xf3W\x13k\x81W\x01\x8f\x01\xfe\xa7p-\xbf\
\x22\x1c\x9ax\x15\xddl\x98\xce\x00(\x9aO\x97.@\
#9\x99\x10\x02\xba\xccK\xfd\xf2XB\xb8\xad\xee\xe7\
\x08\xef\xcb9\xc0\x7f\x01\xc7\x02\xbb\x14\xac+\x86S\x09\
\xf7u8\x86\xfcW\x09\x5cNx\xd0\xce\xfe\xc0\x8f3\
\xbf\xf68\xaa\x9a\x01\xe8\x92!\xde\x08hK\xe0b\xca\
\xdf\x5c\xc31\xfbX\x03\xdcu\xb6\x0f\xb0#\xf6%\x5c\
&\x15s\xbd/\x07\xee\x93s%z\xe0\x00\xe0\x8f\xcc\
\xfe\x9e\xdd\x04\xfc+\xb0\xa0T\x81\x11m\x09\xbc\x8c4\
\x0f\xf1\x99:.\x5c\xff:}\xb9\xf5\xf9\xc7i\xbe\xae\
\xcf\xcf_\xeep\x0c1\x00@H\xbc\xab)\xdf\xe8\x1c\
\x1b\x8f\xb5\x84\x1b\x8ft\x99\xcd?\x8f\xc3\x09\x0d~\x94\
\xf7\xef\x93\x0c#\x04@\x98\xf2>\x98\xb0N7\x10g\
\xfb\xba\x118\x89pS\xa2\x92w\xf5k\xe2\x04\x9a\xaf\
\xf7s\x0a\xd4;\x18C\x0d\x00\x10\xa6\xdd\xfa~\x8b\xce\
\xa1\x8dU\x84\x1b\x8ft\x99\xb7\xf7\xcd\xe3p\xc6\xbf]\
\xf7\xcb\x8aT\x9a\xd6\x16\x84\x93A_\x0f|\x17\xf83\
\xf3\xbf\x0f\xeb\x08\xdf\xdd\xdf&\xcc\x8e\x1cH\xb8\xac\xb6\
\xafN\xa4\xf9\xdf\xd6\xb3\x0a\xd4\xdb\x8aO\x03\xcc\xe3\xd7\
\x84/\xddg\x02G\xac\xff\xef\xcb\x8bVT\xa7\x1b\x81\
\xdf\x03_#<8\xe5\x86\xb2\xe5\xcc\xc9c\xfey\x1c\
\x0e|\x9e\xf1o\xd7\xfd\x1a\xc2tq_n\xb63\x8a\
\x1b\x09'\x99\x9e6\xe5\xdf\xb6\x04\xeeB\xb8\xaf\xc9R\
\xc2\xf7\xd6\xb5\x84\xbf\x9d\xd5\xc0yt\xff\xfc\x99qT\
u\x1f\x80.\x19\xf2\x0c\x804\x0e\xa7\xfd\xf38\x8c\xf0\
\xc8\xd9\xa6\xef\xe9\xd1\xf9KVb_\xa2\xf9\xf6pD\
\x81z[\xf1*\x00\xa9[\xf6%\xec\xf9\xc7\xbe\xd4\xef\
 \xbc\xd4o\xaa\xc3\x09W\x7f\xb4\x99\xae~h\xa4Z\
\xd4\x1dU]\x05`\x00\x90\xba\xc3\xe6\x9fG\xd3i\xff\
\xe9v\x88P\x8b\xba\xc5\xfb\x00H\xca\xce\xe6\x9f\xc7a\
\x843\xd4c<\xa2\xfb\x9a\x08\xcbP\xb78\x03 )\
+\x9b\x7f\x1e1\xa6\xfd\xa7\xf2d\xca\xe1\xf1$\xc0B\
<\x09P5\xf2\x84\xbf<\x9a\x5c\xea7\xd7\xb8\x15\xd8\
5\xeb\x1a(\x87\xd3i\xbeM<*\x7f\xb9\xed8\x03\
 \x95\xe3\x9e\x7f\x1e\xb1\x8e\xf9O\xf5!\xc2N\x8b\x86\
\xa5\xaaC\x00]\xe2\x0c\x80j\xe2\x9e\x7f\x1e\xb1\xf7\xfc\
'\x08\xcf\xae_\x9as%\x94\xcd\x8fi\xbe]<\xa4\
@\xbd\x83a\x00P-l\xfey\xb4\xbd\xce\x7f\xa6q\
\x0e\xb02\xe7J(\xab\x9f\xd3|\xdbx`\x81z\x07\
\xc3\x00\xa0\x1a\xd8\xfc\xf3\xb0\xf9\xab\x893i\xbe}\xdc\
\xbf@\xbd\x83a\x00\xd0\xd0\xd9\xfc\xf3\xb0\xf9\xab\xa9_\
\xd3|\x1b\xb9o\x81z\x07\xc3\x00\xa0!\xb3\xf9\xe7a\
\xf3W\x1bm\x1e\xda\xb6w\x81z\x07\xc3\x00\xa0\xa1\xb2\
\xf9\xe7a\xf3W[\x7f\xa0\xf9\xb6r\x8f\x02\xf5\x0e\x86\
\x01@Cd\xf3\xcf\xc3\xe6\xaf\x18\xce\xa5\xf9\xf6\xb2W\
\x81z\x07\xc3\x00\xa0\xa1\xb1\xf9\xe7a\xf3W,\x17\xd2\
|\x9b\xd9\xa3@\xbd\x83a\x00\xd0\x90\xd8\xfc\xf3\xb0\xf9\
+\xa6Kh\xbe\xdd\xecR\xa0\xde\xc10\x00h(l\
\xfey\xd8\xfc\x15\xdb\xa54\xdfv\xdcnZ0\x00h\
\x08lJJ\xab\x1d\x00\x00\x0b\x22IDAT\xfey\
\xd8\xfc\x95B\x9b\xbf]\x1f\x0f\xdd\x82\x01@}\xb7\x1f\
p\x15\xf1\x9b\xff>9W\xa2\x07l\xfeJ\xe5\x1a\x9a\
oC1\x9f\xe9Q\x1d\x03\x80\xfa\xcc\xe6\x9f\x87\xcd_\
)\xddJ\xf3\xed\xc8\xe7C\xb4`\x00P_\xd9\xfc\xf3\
\xb0\xf9+\xa5e4\xdf\x8en)P\xef\xa0\x18\x00\xd4\
G\x1e\xf3\xcf\xc3\xe6\xaf\xd4\xeeG\xf3m\xe9\xb2\x02\xf5\
\x0e\x8a\x01@}\xe3\x9e\x7f\x1e6\x7f\xe5\xf0<\x9ao\
Og\x17\xa8wP\x0c\x00\xea\x13\x9b\x7f\x1e6\x7f\xe5\
r\x02\xcd\xb7\xa9\xcf\x17\xa8wP\x0c\x00\xea\x0b\xa7\xfd\
\xf3\xb0\xf9+\x97\xcdhw\x05\xc0q\xf9K\x1e\x16\x03\
\x80\xfa\xe0\xde\xa4\xd9\xf3\xb7\xf9o\xc8\xe6\xaf\x9c\x8e\xa2\
\xdd\xb6\xf5\xd4\xfc%\x0f\x8b\x01@]\xb7+p16\
\xff\xd4l\xfe\xcai\x01p&\xcd\xb7\xad\xdb\x81\xed\xb3\
W=0\x06\x00u\xd9r\xda=+\xdc\xe6?\x1a\x9b\
\xbfr{6\xed\xb6\xaf3\xf3\x97<<\x06\x00u\xd9\
I\xd8\xfcS\xb3\xf9+\xb7\x1dhw\xff\xff\x09\xe0\xcd\
\xd9\xab\x1e \x03\x80\xba\xea\x85\xd8\xfcS\xb3\xf9+\xb7\
E\xc0)\xb4\xdf\xce\xf6\xce]\xf8\x10\x19\x00\xd4E\xbb\
\x01k\xb0\xf9\xa7d\xf3W\x09\xef\xa7\xfdv\xf6\xcb\xec\
U\x0f\x94\x01@]\xf4%l\xfe)\xd9\xfcU\xc2[\
\x88\xb3\xad\xfd]\xee\xc2\x87\xca\x00\xa0\xae9\x14\x9b\x7f\
J6\x7f\x95\x10\xab\xf9\xaf\x22\xdc?@\x11\x18\x00\xd4\
5g`\xf3O\xc5\xe6\xaf\x12\xfe\x8dx\xdb\xdb?f\
\xae}\xd0\x0c\x00\xea\x92G`\xf3O\xc5\xe6\xaf\x12b\
\xed\xf9O\x00\x17\xe2\xe3\x7f\xa32\x00\xa8K\xbeF\xfb\
/\x89+\xb0\xf9Og\xf3W\x091\x9b\xff\x04\xf0\x94\
\xbc\xe5\x0f\x9f\x01@]\xb1\x02\xb8\x8dv_\x10\xd7\x03\
\xfb\xe7.\xbc\xe3l\xfe*!v\xf3\xffF\xde\xf2\xeb\
`\x00PW\xfc\x03\xed\xbe \xd6\x01\x87g\xaf\xba\xdb\
l\xfe*!v\xf3\xbf\x14\xd8)\xeb\x1aT\xc2\x00\xa0\
\xae\xf81\xed\xbe$\xde\x9b\xbf\xe4N\xb3\xf9\xab\x84\xd8\
\xcd\xffv\xe0\x90\xackP\x11\x03\x80\xba`k`-\
\xed\xf6\x10\x96g\xaf\xba\xbbl\xfe*!v\xf3\x9f\x00\
^\x95u\x0d*c\x00P\x17<\x89v_\x12/\xcb\
_rg\xd9\xfcUB\x8a\xe6\xff\xee\xackP!\x03\
\x80\xba\xe0\xad4\xdf\x0e\xaf\x05\xb6\xcc_r'\xd9\xfc\
UB\x8a\xe6\xff\x19`a\xce\x95\xa8\x91\x01@]\xf0\
M\x9ao\x87\x1f.Po\x17\xd9\xfcUB\xcc\x9b\xfc\
L\x8e\xcf\x03\x8bs\xaeD\xad\x0c\x00\xea\x82\x0bi\xbe\
\x1d>\xb1@\xbd]c\xf3W\x09)\xf6\xfc?\x87\xcd\
?\x1b\x03\x80J\xdb\x84p\x09_\x93m\xf0v`\x9b\
\xfc%w\x8a\xcd_%\xd8\xfc\x07\xc0\x00\xa0\xd2V\xd2\
|\x1b\xbc \x7f\xb9\x9db\xf3W\x09N\xfb\x0f\x84\x01\
@\xa5\xedM\xf3m\xf0\xbb\x05\xea\xed\x0a\x9b\xbfJp\
\xcf\x7f@\x0c\x00*\xed\xc14\xdf\x06O.Po\x17\
\xd8\xfcU\x82\xcd\x7f`\x0c\x00*\xed\x00\x9ao\x83'\
\x15\xa8\xb74\x9b\xbfJ\xb0\xf9\x0f\x90\x01@\xa5\xedO\
\xf3m\xb0\xb6\x07\x84\xd8\xfcU\x82\xcd\x7f\xa0\x0c\x00*\
\xed^4\xdf\x06\xcf,Po)6\xff\x0d-\x01\x9e\
\x06|\x00\xf8\x12p\x22\xf0J`\xe7\x92E\x0d\xd0\xf1\
\xd8\xfc\x07\xcb\x00\xa0\xd2\xb6\xa6\xf96\xb8\x9a:\xee\x16\
f\xf3\xdf\xd0#\x80s\x99y\xbdn\x03\xde\x09,-\
V\xddp\xd8\xfc\x07\xce\x00\xa0.\xb8\x81\xe6\xdb\xe1>\
\x05\xea\xcd\xc9\xe6\xbf\xa1\xe7\x02\xb72\xff:\xfe\x02\xd8\
\xbeP\x8dC\xe0\xa5~\x150\x00\xa8\x0b~C\xf3\xed\
\xf0\x1f\x0b\xd4\x9b\xcb\xe1\xc0-\xc4\xfd\x12\xfe=\xb0c\
\xce\x95\x88\xe8\xf9\x84\x9b?\x8d\xba\xaeg\x10\x0e\x15h\
<\xee\xf9W\xc2\x00\xa0.8\x81\xe6\xdb\xe1/\x0a\xd4\
\x9b\xc3\xfd\x815\xc4\xfd\x12\xee\xf3\x9e\xff\xb8\xcd\x7fr\
\xbc\xa2D\xb1=f\xf3\xaf\x88\x01@]\xf0\x0a\xda}\
\xc1<(\x7f\xc9ImF\xbb\xbf\xcd\x99FM{\xfe\
S\xc7\xa58\x0b0*\xa7\xfd+c\x00P\x17<\x90\
v_2_\xc9_rR\x7f\x87\xcd\x7fR\x9b\xe6?\
9\x0e\xcc^u\xff\xb8\xe7_!\x03\x80\xba`!p\
9\xed\xbel\x0e\xcd^u:\xa7\x10\xefK\xb8\xc6i\
\xff\xe9\xe3\x05\xb9\x0b\xef\x19\x9b\x7f\xa5\x0c\x00\xea\x8aO\
\xd0\xee\x0b\xe7b`\xdb\xecU\xa7q\x1e6\xffX\xcd\
\xdf\x0007\xa7\xfd+f\x00PW<\x81\xf6_<\
_c\x18_<\x7f\xa2\xfd{Q\xfb\xb4\xff\xd4\xf1\xc8\
\xac\xd5\xf7\x87{\xfe\x953\x00\xa8+\x16\x11\xf6\xe2\xdb\
~\x01}\x04X\x90\xb9\xf6\xd8\xbe\x8e\xcd?VC\xba\
\x82pR\xa56d\xf3\x97\x01@\x9d\xf2:\xe2|\x11\
\xfd\x07\xfd\x0e\x01\x7fC\xf3uw\xda\x7f\xc3\xf1\xca\xac\
k\xd0\x0f6\x7f\x01\x06\x00u\xcb\xf6\xc0\xf5\xc4\xf9B\
\xfa0\xfd\xbdM\xf0\xe6\xc0\xf9\x8c\xbf\xce\xee\xf9o8\
\xbeE\x98Y\xd2\x1d<\xe6\xaf\xffe\x00P\xd7\xbc\x89\
x_L}\x0e\x01\x07\x13\xeeko\xf3o6~\x02\
l\x95s%z\xc0\xe6\xaf\x0d\x18\x00\xd45\xdb\x02W\
\x13\xef\x0b\xaa\xcf\x87\x03\x8ef\xb4[\x01\xff\x0a\x9b\xff\
\xd4\xf1\x0b`\x9b\x9c+\xd1\x03N\xfbk#\x06\x00u\
\xd1\xdf\x12\xf7\x8b\xaa\xcf3\x01\x0f\x01\xceb\xe6\xf5\xba\
\x1d\xf8(\xfd}\xf2\x9d\xcd?\x0f\xf7\xfc5#\x03\x80\
\xbah\x01p*\x86\x80I\x0b\x81C\x80\xb7\x13.u\
\xfc\x1cp,p\xcf\x92E\xb5d\xf3\xcf\xc3\xe6\xafY\
\x19\x00\xd4U{\x00W\x11\xf7\x8b\xab\xcf\x87\x03\x86\xc4\
\xe6\x9f\x87\xd3\xfe\x9a\xd3\x1fi\xbe!\x1cR\xa0^\xd5\
\xe51\xc0Z\x0c\x01Cb\xf3\xcf\xc3\xe6\xdfQ]z\
\x03\xafo\xf1\xbb\x1f&L/]\x13\xa9\x16i&\xa7\
\x03\x07E\x5c\xde\xe4ma_D\xf8RS>\xcf\x07\
>D\xdcC1\xffM\xd8\x19\xf1{\xe8\x0e\xc7\x03\xff\
/\xf22O\x02\x9eE\x08\xe4\x1a\x88/\x10?%:\
\x1c}\x18}>'\xa0\x8f\x9e\x87{\xfe9x\xcc_\
#\xfbW\xca\x7f\x11;\x1c\xa5\x86\x87\x03\xf2\xb0\xf9\xe7\
\xe1\xb4\xbf\xc6\xf2p\xca\x7f\x09;\x1c%\x87! -\
\x9b\x7f\x1e6\x7f\x8dm1\xf0\x17\xca\x7f\x09;\x1c%\
\x87\x87\x03\xd2\xb0\xf9\xe7\xe1\xb4\xbf\x1a{3\xe5\xbf\x80\
\x1d\x8e\xd2\xc3\x99\x80\xb8l\xfey\xb8\xe7\xafVv\x04\
n\xa2\xfc\x17\xb0\xc3Qz\x18\x02\xe2\xb0\xf9\xe7a\xf3\
W\x14\xb1\x1e\xc3\xeap\xf4}x8\xa0\x1d\x9b\x7f\x1e\
N\xfb+\x9a\xcd\x80\xb3)\xff\xe5\xebpta8\x13\
\xd0\x8c\xcd?\x0f\xf7\xfc\x15\xdd=\x81k)\xff\xe5\xeb\
pta\x18\x02\xc6c\xf3\xcf\xc3\xe6\xafd\x1e\x09\xdc\
H\xf9/_\x87\xa3\x0b\xc3\x100\x1a\x9b\x7f\x1e6\x7f\
%w q\x9f\xc7\xeep\xf4y\x18\x02\xe6f\xf3\xcf\
\xc3\xe6\xafl\xf6\x00~J\xf9/_\x87\xa3\x0b\xc3\x10\
03\x9b\x7f\x1e6\x7fe\xb7\x08x)p9\xe5\xbf\
\x80\x1d\x8e\xd2\xc3\x10\xb0!\x9b\x7f\x1e6\x7f\x15\xb5\x14\
x1\xf03\xca\x7f\x09;\x1c%\x87! \xb0\xf9\xe7\
a\xf3\x1f\xa0>\x7f\x81\xecDx~\xc0\xde\xc0n\xc0\
\x96\xc0\xb2\xa2\x15I\xb3\xdb\x06\xb8\x7f\xe4e~\x80\xba\
\x1f%\xfc<\xe2\xdf+\xc1G\xfan\xccG\xfaJR\
\x0b\x0b\x80\xf7\x13\x7f/\xaa\xd6\x9b\x05\xb9\xe7\x9f\x877\
\xf9\x91\xa4\x08\x0c\x01q\xd8\xfc\xf3\xb0\xf9KRD\x86\
\x80vR4\xff\x9f\x00\xcbs\xaeD\x0f\xd8\xfc%)\
\x01C@3\x87\x02\xb7\xe1\x9e\x7fj6\x7fIJ\xc8\
\x100\x9e\xad\x81\xabp\xcf?5\x9b\xbf$e`\x08\
\x18\xdd\xab\xb1\xf9\xa7f\xf3\x97\xa4\x8c\x0c\x01\xa3\xf9\x09\
\xf1\xde\x1b\xa7\xfd7f\xf3\x97\xa4\x02\x0c\x01\xf3\xbb\x02\
\x9b\x7f*6\x7fI*\xc8\x100\xb7U\xb4\x7f/\x9c\
\xf6\xdf\x98\xcd_\x92:\xc0\x100\xbb\xd3\xb0\xf9\xc7f\
\xf3\x97\xa4\x0e1\x04\xcc\xec\xc54_w\xa7\xfd7f\
\xf3\x97\xa4\x0e2\x04ll)p\x11\xee\xf9\xc7`\xf3\
\x97\xa4\x0e3\x04ll\xdc\x1b\x01\xd9\xfc7f\xf3\x97\
\xa4\x1e0\x04l\xech\xe0\x16\xe6_\xc7\xd3\xb1\xf9O\
g\xf3\x97\xa4\x1e1\x04l\xec\x81\x84\xc7\xf6\xce\xb4^\
7\x13\x1e_\xbb\xa4Xu\xddd\xf3\x97\xa4\x1e2\x04\
ll\x01p \xf0\x06\xe03\xc0\xc7\x80\xbf\x07v.\
YTG\xd9\xfc%\xa9\xc7\x0c\x01j\x22U\xf3w\x86\
E\x9222\x04h\x1c6\x7fI\x1a\x10C\x80Fa\
\xf3\x97\xa4\x012\x04h.6\x7fI\x1a0C\x80f\
b\xf3\x97\xa4\x0a\x18\x024\x95\xcd_\x92*b\x08\x10\
\xd8\xfc%\xa9J\x86\x80\xba\xd9\xfc%\xa9b\x86\x80:\
\xd9\xfc%I\x86\x80\xca\xd8\xfc%I\xff\xcb\x10P\x07\
\x9b\xbf$i#\x86\x80a\xb3\xf9K\x92fe\x08\x18\
&\x9b\xbf$i^\x86\x80a\xb1\xf9K\x92Ff\x08\
\x18\x06\x9b\xbf$il\x86\x80~\xb3\xf9K\x92\x1a3\
\x04\xf4\x93\xcd_\x92\xd4\x9a!\xa0_l\xfe\x92\xa4h\
\x0c\x01\xfd`\xf3\x97$Eg\x08\xe86\x9b\xbf$)\
\x19C@7\xd9\xfc%I\xc9\x19\x02\xba\xc5\xe6/I\
\xca\xc6\x10\xd0\x0d6\x7fIRv\x86\x80\xb2l\xfe\x92\
\xa4b\x0c\x01e\xd8\xfc%I\xc5\x19\x02\xf2\xb2\xf9K\
\x92:\xc3\x10\x90\x87\xcd_\x92\xd49\x86\x80\xb4l\xfe\
\x92\xa4\xce2\x04\xa4a\xf3\x97$u\x9e! .\x9b\
\xbf$\xa97\x0c\x01q\xd8\xfc%I\xbdc\x08h\xc7\
\xe6/I\xea-C@36\x7fIR\xef\x19\x02\xc6\
c\xf3\x97$\x0d\x86!`46\x7fI\xd2\xe0\x18\x02\
\xe6f\xf3\x97$\x0d\x96!`f6\x7fI\xd2\xe0\x19\
\x026d\xf3\x97$U\xc3\x10\x10\xd8\xfc%I\xd5\xa9\
=\x04\xd8\xfc%I\xd5\xaa5\x04\xd8\xfc%I\xd5\xab\
-\x04\xd8\xfc%IZ\xaf\x96\x10`\xf3\x97$i\x9a\
\xa1\x87\x00\x9b\xbf$I\xb3\x18j\x08\xb0\xf9K\x924\
\x8f\xa1\x85\x00\x9b\xbf$I#\x1aJ\x08\xb0\xf9K\x92\
4\xa6\xbe\x87\x00\x9b\xbf$I\x0d-$4\xec\xd8\x8d\
\xf4\x93\xa4k\xa4\x8b\x80\xf7%\xa8\xf9$`q\xa2\x9a\
%I\xea\x9cT!\xe04`\xc7\xc8\xb5n\x07|=\
A\xad6\x7fIR\x95R\x85\x80\xcb\x80g\x13\x0e7\
\xb4\xf54\xe0\x92\x045\xda\xfc%IU[\x08|\x84\
\xf8\x0dv\x02\xf8oB\x03\x1f\xf7\xb0\xc0\x22\xe0\xc9\xc0\
\x8f\x13\xd5e\xf3\x97$\x89\xb4!`\x02\xb8\x920\xd3\
p4p7`\x93i\xaf\xbf\x04\xd8\x13x\x06\xf0\x01\
\xc2\x0cB\xaaZl\xfe\x92$M\x91:\x04L\x1dk\
\x81\xab\x81\xf3\xd7\xff\xe7m\x99^\xd7\xe6/I\xd2\x0c\
R]\x22\xd8\x85\xe1\xa5~\x92$\xcda\x88!\xc0\xe6\
/I\xd2\x08\x86\x14\x02l\xfe\x92$\x8da\x08!\xc0\
\xe6/IR\x03\x0b\x81\x0fQ\xbe\x917\x19\x9f\xc5\x13\
\xfe$Ijl\x01\xf0Z\xca7\xf4q\xc6{)\xfb\
\x98bI\x92\x06\xe3%\x84\xcb\xf7J7\xf7\xb9\xc6:\
\xe0\x98To\x80$I\xb5z\x10p\x1e\xe5\x1b\xfdL\
\xe3r\xe0\xb0t\xab.IR\xdd\xb6\x05\xbe@\xf9\x86\
?u\xfc'\xb0\x22\xe5JK\x92\xa4\xe0 \xe0l\xca\
6\xfe\x8b\x80\xe7\xa4^QI\x92\xb4\xa1%\xc0\x8b\x80\
?\x91\xb7\xf1_\x08\xbc\x1c\xd84\xfd*J\x92\xa4\xd9\
,\x02\x9e\x0a\x9c\x0e\xdcN\x9a\xa6\xbf\x0e\xf8\x11\xf0,\
\xbc\xb6_\x92\xa4\xceY\x09\xbc\x0c\xf8.\xb0\x86vM\
\xfff\xe0\xfb\xc0?\x02\xbb\xe5\x5c\x09)\xb7\x05\xa5\x0b\
\x90\xa4\x88\x96\x00\xfb\x03\x07\x00{\x11\x1e\xf9\xbb;\xb0\
\x0c\xd8\x02\xd8\x1a\xb8\x0e\xb8\x11XM\x98\xda?\x97p\
H\xe1g\xc0\xcf\x09!@\x1a\xbc\xff\x0f\xaeb\xaa\x80\
\x93\x163;\x00\x00\x00\x00IEND\xaeB`\x82\
\
\x00\x00\x08\x95\
<\
svg width=\x2225\x22 h\
eight=\x2224\x22 viewB\
ox=\x220 0 25 24\x22 f\
ill=\x22none\x22 xmlns\
=\x22http://www.w3.\
org/2000/svg\x22>\x0a<\
path fill-rule=\x22\
evenodd\x22 clip-ru\
le=\x22evenodd\x22 d=\x22\
M9.37695 6.5C9.7\
0342 5.34575 10.\
7647 4.5 12.0234\
 4.5C13.2822 4.5\
 14.3435 5.34575\
 14.6699 6.5H17.\
5234V5.75C17.523\
4 5.33579 17.859\
2 5 18.2734 5H21\
.2734C21.6877 5 \
22.0234 5.33579 \
22.0234 5.75V8.7\
5C22.0234 9.1642\
1 21.6877 9.5 21\
.2734 9.5H18.273\
4C17.8592 9.5 17\
.5234 9.16421 17\
.5234 8.75V8H14.\
6699C14.5874 8.2\
9175 14.4579 8.5\
6379 14.2902 8.8\
0745C14.9649 9.0\
0678 15.5533 9.2\
9519 16.0641 9.6\
4928C17.0743 10.\
3497 17.7359 11.\
2759 18.1681 12.\
175C18.5993 13.0\
719 18.8111 13.9\
592 18.9163 14.6\
157C18.9385 14.7\
538 18.956 14.88\
25 18.9699 15H19\
.7734C20.1877 15\
 20.5234 15.3358\
 20.5234 15.75V1\
8.75C20.5234 19.\
1642 20.1877 19.\
5 19.7734 19.5H1\
6.7734C16.3592 1\
9.5 16.0234 19.1\
642 16.0234 18.7\
5V15.75C16.0234 \
15.3358 16.3592 \
15 16.7734 15H17\
.4574C17.4507 14\
.9527 17.4433 14\
.9037 17.4352 14\
.8531C17.3451 14\
.2908 17.1663 13\
.5531 16.8162 12\
.825C16.4673 12.\
0991 15.9569 11.\
4003 15.2094 10.\
882C14.468 10.36\
8 13.4485 10 12.\
0234 10C10.5984 \
10 9.57886 10.36\
8 8.83749 10.882\
C8.08995 11.4003\
 7.57962 12.0991\
 7.23063 12.825C\
6.88055 13.5531 \
6.70175 14.2908 \
6.61164 14.8531C\
6.60353 14.9037 \
6.59617 14.9527 \
6.58948 15H7.273\
44C7.68765 15 8.\
02344 15.3365 8.\
02344 15.7507V18\
.75C8.02344 19.1\
642 7.68765 19.5\
 7.27344 19.5H4.\
27344C3.85922 19\
.5 3.52344 19.16\
42 3.52344 18.75\
V15.75C3.52344 1\
5.3358 3.85922 1\
5 4.27344 15H5.0\
7695C5.09086 14.\
8825 5.10841 14.\
7538 5.13054 14.\
6157C5.23575 13.\
9592 5.44758 13.\
0719 5.87875 12.\
175C6.311 11.275\
9 6.97255 10.349\
7 7.98282 9.6492\
8C8.49353 9.2951\
9 9.08194 9.0067\
8 9.75666 8.8074\
5C9.58893 8.5637\
9 9.45947 8.2917\
5 9.37695 8H6.52\
344V8.75C6.52344\
 9.16421 6.18765\
 9.5 5.77344 9.5\
H2.77344C2.35922\
 9.5 2.02344 9.1\
6421 2.02344 8.7\
5V5.75C2.02344 5\
.33579 2.35922 5\
 2.77344 5H5.773\
44C6.18765 5 6.5\
2344 5.33579 6.5\
2344 5.75V6.5H9.\
37695ZM13.2734 7\
.25C13.2734 7.94\
036 12.7138 8.5 \
12.0234 8.5C11.3\
331 8.5 10.7734 \
7.94036 10.7734 \
7.25C10.7734 6.5\
5964 11.3331 6 1\
2.0234 6C12.7138\
 6 13.2734 6.559\
64 13.2734 7.25Z\
M17.5234 18V16.5\
H19.0234V18H17.5\
234ZM5.02344 18V\
16.5H6.52344V18H\
5.02344ZM3.52344\
 8V6.5H5.02344V8\
H3.52344ZM19.023\
4 8H20.5234V6.5H\
19.0234V8Z\x22 fill\
=\x22#323544\x22/>\x0a</s\
vg>\x0a\
\x00\x00\x03\xf7\
\x89\
PNG\x0d\x0a\x1a\x0a\x00\x00\x00\x0dIHDR\x00\
\x00\x000\x00\x00\x000\x08\x06\x00\x00\x00W\x02\xf9\x87\
\x00\x00\x03\xbeIDATx\x01\xed\xc1Oh\xd5u\
\x00\x00\xf0\xcf\xfb\xbd\xdfa\x07!\x90\x85/\x10\x91x\
\x07\x0f+\x8a\x1e\xa98\x98\xd5\xb3\x16\x98\xd0X\xe50\
H<\xa4\x87\x82\xba)t\xcbc\x7f\xd4,\xf5d\x81\
\xa2\xd0 \xa1\x81\x13\x1f\xa40q\xc2N\xb6\xb6AO\
1\x10yA\x89\x07\x0f#~\x87\x0e\xef\xf0\xf3\xdb\xef\
\xed\xfd~\xdbL\x8c\xf6\xf9X\xb1\xe2\x7f\xaed\xf9\xaa\
\xa8c\x0b\xfaPAE[\x0b-L\xe3\x0a\x1ahz\
\x88J\x96&\xc6N\xecE\xbf\xc5\x99\xc0\xd7\x18Eb\
\x99J\x16\xaf\x8ec\xa8Z\x9e9|\x88\x86e()\
\xae\x07_b\x9f\x87\xeb8>\xc6\xbc%()\xa6\x82\
\x1f\xb0Ig\x971\x8e\x094\xd1\xd2VA\x15\xfd\x18\
\xc4\x80\xce&\xf1&Z\x16\xa9$_\x05?a\x83P\
\x82\xd38\x88\xa6b\xaa\xf8\x04\xbb\x10\x0b\xcd\xe1%\xb4\
,BYw=\xb8\x88g\x85\x9ax\x1d\xdf\xe0\xae\xe2\
\xee\xe2\x1c\xce\xe3e\xac\x96\xeaE?N#QPY\
wG\xb1C\xe8\x02^\xc1-\x9d\xf5\xe2}l\xc2\x1c\
\xe6e\xdd\xc1I\xbc\x80\xaa\xd4Z<\x891\x05\x95-\
\xac\x8e\xc3B\x17\xb0\x1d\xf3:\xeb\xc5\xcf\x18\xc6 v\
\xe2;\xcc\xcb\xfa\x0bg\xb1\x11U\xa9\x1a\xae\xe0\xa6\x02\
\x22\x9d\xc58&\xd4\xc40\x12\x0b{\x17\x15\xa9\xf5\xd8\
ma\x09\x86\xd1\x14\xfa\x0a\xb1\x02\x22\x9d\xedDU*\
\xc1\x08\xee[\xbcDw\xf71\x82Dj\x03\x86\x15\x10\
\xe9l\x9f\xd0iL\xc9w\x0a\xb7\xa5n\xe1\x94|S\
8-\xf4\x81\x02bYUl\x11:\xa8\x98?\xf0\x0c\
vk\xfb\x16\xf7\x14s\x10\xefImA\x15M]\xc4\
\xb2\xeaB\x97\xd1T\xdc=\x1c\xb2xM\x5c\xc6\x80T\
\x1dM]D\xb2\xfa\x85\xc6=:\xe3B\xfdr\xc4\xb2\
\xfa\x84.)\xa6\x86:z\xb4\xcd\xa3\x81)\xc5M\x0a\
\xf5\xc9\x11\xcbZ#tK\xbe\x1a\xae\x22\x16\xfa\x14\x9b\
1\xa5\x989\xa15rD\xb2*B-\xf9\xea\x88e\
\xc5\xa8+\xae%T\x91#\xf2p4\x90\xe8\xac\xc7\xbf\
(\x92\xf5\xbbPE\xbe)l\xc6\x01\x5c\xb2t\x15\xa1\
?\xe5\x88e\xb5\xb0F\xaa\x8a\x96|S\x98B\x0f\xb6\
Z\x9a\x0dB\xb7\xe5\x88dM\x0b\xf5{t6\x09M\
\xcb\x11\xc9\x9a\x10\x1a\xf4\xe8\x0c\x0aM\xca\x11\xc9j\x08\
\x0d\xa0*_\x0d\xfb1 4\x80\xfd\xa8\xe9\xae\x8a\x01\
\xa119\xca\xb2\xeeb\x1b\xd6I=\x81s\x16V\xc3\
U\xbc\x8a\xf5B\xebQ\xc7\x1e\x9c\xc7\x1d\x9d}\x81\xe7\
\xa4\xae\xe139\x22\x9d\x1d\x17\xda\x85\x9a\x85\xd5\x11\xeb\
.F\xbf\xcej\xd8%tT\x01\x91\xce\xce\xe2\x86T\
\x8c3X\xa5\xb3\x06\x12\xdd%\x98\x90\xb5\x0ag\x10K\
\xdd\xc0Y\x05\x94,\xac\x8e\x8bB\xe3x\x03\x89\xac\x1a\
\xea\xe8\x915\x8f\x06\xa6\x84b\xfc\x88A\xa1mh(\
\xa0\xa4\xbb\xe3\xd8+4\x8e\xb7p\xdf\xf2\xac\xc2\xf7\x18\
\x14:\x81}\x0a*\xeb\xae\x81mX+U\xc5\xdb\xb8\
\x8a;\x96\xa6\x86\x8bxQ\xd6a\x5cWPYw\x09\
\xc6\xb0\x1d\xbdR\xab\xb1\x07O\xe3\x17\xdcUL\x15\x9f\
\xe3\x08zu\xb6\x03\xb3\x98Q@I1\x15\x9c\xc3F\
\x9d]\xc2\x05Lb\x0e-m\x15l\xc0&\xbc\x86\xad\
\x8aI0\x82Q9J\x8a\xeb\xc1!\xec\xf5p\x9d\xc0\
\x04N\x22\x96J0\x82Q]\x94\x15\x97`\x0cW\xb0\
\x11\xbd\x96\xe7\x06\xde\xc1\x11\x5c\xc7,\x86\x10i\x8b0\
\x84Y\xccX@\xd9\xe2\xdd\xc4q\xcc\xe2)\xac\xb38\
\xd7p\x00\xfb\xd0\x94\x9a\xc1,\x86\x10i\x8b0\x84Y\
\xcc\xe8\xa0d\xf9\xaa\xa8\xa3\x1f}\xa8`\x8d\xb6{\xf8\
\x0d\xd3\x98\xc4\x18n\xe9n\x18g\x10K%\x18\xc1\xa8\
\x7f(y<\x0d\xe3\x0cb\xa9\x04\xcfc\xda\x03\xca\x1e\
O3\x98\xc5\x10\x22m\x11~\xc5\xa4\x07D\x1e_\xa3\
\x18A\xa2-A\xc3\x7fP\x0d\x1f\xa1\xcf\x8a\x15+2\
\xfe\x06\xa1\xab\xda\xc5\xaf\x13(\x95\x00\x00\x00\x00IE\
ND\xaeB`\x82\
\x00\x00\x02;\
\x89\
PNG\x0d\x0a\x1a\x0a\x00\x00\x00\x0dIHDR\x00\
\x00\x000\x00\x00\x000\x08\x06\x00\x00\x00W\x02\xf9\x87\
\x00\x00\x02\x02IDATx\x01\xed\xc1\xbfk$e\
\x00\x00\xd07\xdf~ \x84\x14)B\x08xe\x8a\xb3\
\x0c\xfe\xa8\xe4\x0a\xb9r\x8b0\x0c\xc26V\xd7]\x91\
\xce\xbf mJQ\x10I9[,\xc8\x81B\xc0p\
\xc5\xd5[\x18\x08\xbb\x8d\xe0\x09\x97#(\x84\x94\x83\x8c\
`\xb1\xc5\xb0Mfvv\xb3\x1bq\xde\xd3\xe9t:\
\x9d\xff\xb5\x9e\xe5}\x82\xafP\xe0\xbd5K,'C\
\x8e\x88\x12\x87\xb8\xb2FA{\x19rD3\x11\xcf\xad\
Y\xd0N\x86\x1cQ\xa5\xc4\x855\x0b\x16\x97!GT\
)1\xc0\x955K,&C\x8e\xa8Rb\x80\x91\x0d\
H4\x97!GT)1\xc0\xc8\x86$\x9a\xc9\x90#\
\xaa\x94\x18`d\x83\x12\xf52\xe4\x88V\xeb\x1d~\xc5\
\xcf\x18\xe2N\x0b\x89z\x7fa\xd7\xc3*p\x8a\x13\x14\
\x16\xd0S\xefklyX\x11\xcfp\x84_p\xab\xa1\
\x9ez\xbf#E\xf0\xf0\xf6\xf0%^\xe1V\x03\x89f\
2\xe4\x88*%\x06\x18Y\xdc6\x0e\xd0\xc7K\xec\x9b\
w\x85OQ\xa8\xd1\xd3\xcc\x04S\xa4\x08f\x02RL\
1\xb1\x98\xbfq\x837\xf8\x01\x1f\xe1\xa9\xca\x1e\x12\xbc\
V\xa3\xa7\xb9\x09\xa6H\x11\xcc\x04\xa4\x98b\xa2\x9d\x02\
C\x1c\xe2\xa9\xcag\xf8\x06\x85{\xf4,f\x82)R\
\x043\x01)\xa6\x98h\xef\x1c/\xb0e&\xe2\x0f\x8c\
\xdd\xa3gq\x13L\x91\x22\x98\x09H\xf1#\xfe\xd4N\
\x81\x0f\xf0\x85\xca?\x18\xbaG\xd0\xce\x08\x03\x94*\x11\
\xcf-\xe7'\xf3>V#ho\x84\x01J3%.\
,\xe77\xf3\x9e\xa8\x11-g\x84\xb7\xf8\x1c\x17\xb8\xb2\
f\xd1\xf2\xc6\x18[\x8d\x03\xf3\xae\xd5\x08\x1e\x97\xbey\
c5\x82\xc7c\x07\xc7\xe6\x9d\xab\x11<\x1eg\xd8U\
)0T#\xda\xbc\x1d\x9c\xe1\xc8\xbcS\xdc\xa9\x11m\
\xc66\x0e\xd0\xc71v\xcd\xbb\xc4\x89\x06\xa2\xf6\xfa\xf8\
\x16O\xac\xd6\x0d\x8ePh j\xef{\xec[\xadK\
\x1c\xe1\xad\x86\xa2\xf6\x12\xabS\xe0\x14'(, \xd1\
^\x1f\xdf\xe1C\xed\x5cc\x8cs\x0cq\xa7\xd3\xe9t\
:\x9d\xce\x7f\xcc\xbf\x0dvm\xdet\x18eJ\x00\x00\
\x00\x00IEND\xaeB`\x82\
\x00\x00\x02\xa1\
<\
svg width=\x2224\x22 h\
eight=\x2224\x22 viewB\
ox=\x220 0 24 24\x22 f\
ill=\x22none\x22 xmlns\
=\x22http://www.w3.\
org/2000/svg\x22>\x0a<\
path fill-rule=\x22\
evenodd\x22 clip-ru\
le=\x22evenodd\x22 d=\x22\
M2 6C2 4.75736 3\
.00736 3.75 4.25\
 3.75H8.5C9.2082\
 3.75 9.87508 4.\
08344 10.3 4.65L\
11.65 6.45C11.79\
16 6.63885 12.01\
39 6.75 12.25 6.\
75H19.75C20.9926\
 6.75 22 7.75736\
 22 9V18C22 19.2\
426 20.9926 20.2\
5 19.75 20.25H4.\
25C3.00736 20.25\
 2 19.2426 2 18V\
6ZM4.25 5.25C3.8\
3579 5.25 3.5 5.\
58579 3.5 6V18C3\
.5 18.4142 3.835\
79 18.75 4.25 18\
.75H19.75C20.164\
2 18.75 20.5 18.\
4142 20.5 18V9C2\
0.5 8.58579 20.1\
642 8.25 19.75 8\
.25H12.25C11.541\
8 8.25 10.8749 7\
.91656 10.45 7.3\
5L9.1 5.55C8.958\
36 5.36115 8.736\
07 5.25 8.5 5.25\
H4.25Z\x22 fill=\x22#3\
23544\x22/>\x0a</svg>\x0a\
\
\x00\x00\x02\xc1\
\x89\
PNG\x0d\x0a\x1a\x0a\x00\x00\x00\x0dIHDR\x00\
\x00\x000\x00\x00\x000\x08\x06\x00\x00\x00W\x02\xf9\x87\
\x00\x00\x02\x88IDATx\x01\xed\xc1\xb1JdW\
\x00\x00\xd03\xd7K\xb0\x90\xd4\x16Sng\x8aIg\
\x972\x06,\x96p!>R\xd8\xa4P\xc8\x07\xe4\x0f\
RF\xd8BI\x9a4\xe1\x1a\xf6\x06,\x04\xc9W$\
B\xdcM\xb1M \x82[g\x0b\x8b\x07I1\xc2\xdb\
\xd97\xe3\xbcqFW\x89\xe7x\xf4\xe8\x7f\xaeg\xbc\
'\xf8\x16\x1bXq{.\xb0\x8b#7\xb4\xa4\xed\x09\
~\xc3\x00\x1f\xb8]+Hx\x89\x17n`I\xdb\xf7\
\x18\xb8;\x01\x9f\xe3%^\x98Q\xd0\xf6\xa9\xbb\x17\x91\
\x91\xcc(j[1\xaa\xe7v$dDC\x11\xd9P\
\xd1Q\xf0\xfe\x14T\xa85\x222\x92\x8e\xa2\xee6\xb1\
\x8f\xbe\x9b\xf9\x1b\xbb8\xd6(\x862\xa2\xa1\x88l\xa8\
\x98\x22\xe8\xee\x07\xf4\xdd\x5c\x1f\xfb\xda\x0a*\xd4\x1a\x11\
\x19\x9b\xa6\x08\xba[5\xbf\xbe\xf1\x0a*\xd4\x1a\x11\xfb\
\xa6\x08\xee\x8f\x82\xca\xa8\xbe)\x82\xfb\xa5\x98Q\xf0\xc0\
\x05\xdd\xbd6\xbfs\x0b\x16t\xf7\x15\xce\xdd\xdc9v\
,X\xd4\xdd1\xfa\xee\x99\xe0\x81\x0b\x1e\xb8\xe0\x81\x8b\
\x16g\x19;\xf8\x02\x1f\x19\xfa\x03?\xe3\x00\x97\xba\xe9\
\x99A\xb4\x18\xab8\xc1\xc0\xa8u\xacc\x1b\x9f\xe1\xc2\
\x82\x05\xf3[\xc6\x09\x06&\x1b\xe0\x04\xcb\x16,\x98\xdf\
\x0e\x06\xa6\x1b`\xc7\x82E\xf3\xdb\xd2\xdd\x16\xf6L\xf7\
\x14\xcf\x10\xb1\x8b#\x13\x04\xf3[\xd3\xdd\x9a\xe9\x12\x9e\
\xa3\x8fU<G2Ap\xbf$dD\x8d\x88\x8cd\
\x8c`~g\xba;3YBF\xd4\x16\x91\x91\xbc#\
\x98\xdf\xa1\xee\x0e\x8d\x97\x90\x11M\x16\x91\x91\xbc%\x98\
\xdf\x01NMw\x8a\x03m\x09\x19\xd1t\x11\x19\x9b\xae\
\x04\xf3\xbb\xc4\x06NMv\x8a\x0d\x5c\x1a\x95\x90\x11u\
\x17\xf1\xcc\x95h1.\xb0\x8e\x1dla\xcd\xd0\x19\x0e\
q\x80K\xa3\x122\xa2\xd9\xf5\x5c\x89\x16\xe7\x12{\xd8\
3]BF\xd4\xa8\xf1\x13\xb6]\xaf\xc6\xd7\xaeDw\
/!#j\xd4\xa8P\xf0;\xbe3^\x8d\x0a\xc7\xae\
\xf4\xb4\xfd\x83\x15\xf3\xebiK\xc8\x88\x1a5*\x14\x8d\
\x1f\xb1mT\x8d\x0a\xc5[\x82\xb6_\xdd\x8e\xa7\xc8\x88\
\x1a5*\x14\x8d\x84/\x8d\xaaQ\xa1xG\xd0\xf6\x0d\
\xdeX\xbc}D\x8d\x1a\x15\x8aFBF\xd4\xa8Q\xa1\
\x18#h{\x85\x8f\xf1\x0b\xdeX\x9cU\xa3*\x14\x8d\
\x84\x8c\xa8Q\xa3B1A4\xde+$\xb7\xabh$\
dD\x8d\x1a\x15\x8ak\x04\xef_BF\xd4\xa8Q\xa1\
\x98\xa2\xe7\xee\xfc\xab\x9b\x1a\x15\x8a\x0e\x82\xfb\xa5F\x85\
\xa2\xa3\xe0\xee\xbcv\xbd\x1a\x15\x8a\x19,\xb9;\x7f\xe2\
\x13|\xa8\xed/l\xe3\xc8\xa3\x07\xe6?\xe7\x18\x88Q\
\x81r3\x14\x00\x00\x00\x00IEND\xaeB`\x82\
\
\x00\x00\x05/\
<\
svg width=\x2224\x22 h\
eight=\x2224\x22 viewB\
ox=\x220 0 24 24\x22 f\
ill=\x22none\x22 xmlns\
=\x22http://www.w3.\
org/2000/svg\x22>\x0a<\
path d=\x22M10.9201\
 10.4379C10.9201\
 9.84143 11.4036\
 9.35792 12 9.35\
792C12.5965 9.35\
792 13.08 9.8414\
3 13.08 10.4379C\
13.08 10.8035 12\
.8989 11.127 12.\
6182 11.3236C12.\
3475 11.5131 12.\
0204 11.7662 11.\
7572 12.0841C11.\
491 12.4055 11.2\
5 12.8426 11.25 \
13.3841C11.25 13\
.7983 11.5858 14\
.1341 12 14.1341\
C12.4142 14.1341\
 12.75 13.7983 1\
2.75 13.3841C12.\
75 13.3091 12.78\
07 13.1999 12.91\
25 13.0408C13.04\
71 12.8782 13.24\
42 12.7164 13.47\
85 12.5523C14.14\
3 12.0871 14.58 \
11.3136 14.58 10\
.4379C14.58 9.01\
301 13.4249 7.85\
792 12 7.85792C1\
0.5751 7.85792 9\
.42006 9.01301 9\
.42006 10.4379C9\
.42006 10.8521 9\
.75584 11.1879 1\
0.1701 11.1879C1\
0.5843 11.1879 1\
0.9201 10.8521 1\
0.9201 10.4379Z\x22\
 fill=\x22#323544\x22/\
>\x0a<path d=\x22M11.9\
993 14.6421C11.5\
851 14.6421 11.2\
493 14.9779 11.2\
493 15.3921C11.2\
493 15.8063 11.5\
851 16.1421 11.9\
993 16.1421C12.4\
135 16.1421 12.7\
5 15.8063 12.75 \
15.3921C12.75 14\
.9779 12.4135 14\
.6421 11.9993 14\
.6421Z\x22 fill=\x22#3\
23544\x22/>\x0a<path f\
ill-rule=\x22evenod\
d\x22 clip-rule=\x22ev\
enodd\x22 d=\x22M12 2C\
6.47715 2 2 6.47\
715 2 12C2 17.52\
28 6.47715 22 12\
 22C17.5228 22 2\
2 17.5228 22 12C\
22 6.47715 17.52\
28 2 12 2ZM3.5 1\
2C3.5 7.30558 7.\
30558 3.5 12 3.5\
C16.6944 3.5 20.\
5 7.30558 20.5 1\
2C20.5 16.6944 1\
6.6944 20.5 12 2\
0.5C7.30558 20.5\
 3.5 16.6944 3.5\
 12Z\x22 fill=\x22#323\
544\x22/>\x0a</svg>\x0a\
\x00\x00\x03j\
\x89\
PNG\x0d\x0a\x1a\x0a\x00\x00\x00\x0dIHDR\x00\
\x00\x000\x00\x00\x000\x08\x06\x00\x00\x00W\x02\xf9\x87\
\x00\x00\x031IDATx\x01\xed\xc1\xbf\x8b\x9cE\
\x00\x00\xd0\xb7_\x06I\xb1\x82\x88\xe0\x15\x16W\xc4\xca\
\x14\x17Q\x14\xb1\xb0\x8b\x81\x14\x82Sd\xba@\x8aD\
P<QA\xff\x82\x04\x04%\xc4\xc2\xa0\x85E`\x84\
\x8c\x85\x10H\xb4V\xb8B\xf0\x14\x0b\x8b\x14\x06R\x88\
\x95\xc2\x15W\x8c\xc1@\x16\xe6\xd6\xbd\xbb\xfdv\xef'\
\x98\xf7<\xf4\xd0\xff\xdc\xc0\xe6\x8e\xe1\x22^\xc5\xd0\xfe\
Z\xc3-|\x88\xdb\xa6\x18\x98t\x0c?a\xe8`\xad\
\xe1\x04n\xdbFg\xd2%\x0c\x1d\xbc!.\x99\xa23\
\xe9\xa4\xc3\xe3\xa4)\x82IC\xe3\x06\xb6\x16\x91\x114\
\x15\x09E?\x11\x19\xc1\xa4\xa1):\xf3\x8b\xc8\x08\x9a\
\x8a\x84\xa2\x9f\x88\x8c`N\x9d\xf9Dd\x04MEB\
\xd1ODF\xd0T3\xea\xcc.\x22#h*\x12\x8a\
~\x222\x82\xa6\x22\x99Qg6\x11\x19AS\x91P\
\xf4\x13\x91\x114\x15\x09\xc5\x8c:\xfdEd\x04ME\
B\xd1ODF\xd0T$\x14s\xe8\xf4\x13\x91\x114\
\x15\x09E?\x11\x19AS\x91P\xcc\xa93]DF\
\xd0T$\x14\xfdDd\x04MEB\xb1\x03\x9d\xe92\
\x82\xa6\x22\xa1\xe8'\x22#h*\x12\x8a\x1d\xeaL\x17\
4\x15\x09E?\x11\x19AS\x91P\xec\x82N\x7f\x15\
\x09E?\x11\x19AS\x91P\xec\x92N?\x15\x09E\
?\x11\x19AS\x91P\xec\xa2\xcet\x15\x09E?\x11\
\x19AS\x91P\xec\xb2\xcet\x09E?\x11\x19AS\
\x91P\xec\x81`\xba\xa2\x9f\x88\x8c\xa0\xa9H(\xfa\x1b\
\x98AgwDd\x04MEB\xb1\x87:;\x17\x91\
\x114\x15\x09\xc5\x1e\xeb\xecLDF\xd0T$\x14\xfb\
 \x98_DF\xd0T$\x14\xfd\x1c\xc5kx\x1d\xcf\
a\xd1\x03\xbf\xe3G|\x83\x82u[\x08\xe6\x13\x91\x11\
4\x15\x09\xc5\xa4\xb3\x08\xf8B\x13q\x05\x0b&-b\
\x11\x11\x1f\xe1-\x14\x9b\x08f\x17\x91\x114\x15\x09\xc5\
\xe6>G\xc03x\x1fWpA?\x0b\xb8\x8eO\xf1\
\x0e\xaa\x0d\x82\xd9Dd\x04MEB\xb1\xb5\xe0\x81e\
\xbc\x82%\xb3{\x13\xff`\xd9\x06A\x7f\x11\x19AS\
\x91P\xf4\xb7d\x5c\xc5U\x5c\xc3o\xa88\x8e38\
\x8f\xa3\x9a\xb7\xf1=\x8a\x91\xa0\x9f\x88\x8c\xa0\xa9H(\
\xe6\xf7\x07Na\xd5\xb8\x15\xac\xe0K\xdc\xc4\x82\xe6\x0a\
n`\xdd}\x9d\xe9\x222\x82\xa6\x22\xa1\xd8\x99[X\
\xb5\xb5U\x9c\xc2\xbaf\x01\xd1Hg\xba\x8c\xa0\xa9H\
(v\xee,>\xb1\xbdU\x5c5\xee\xb4\x91\xcetA\
S\x91P\xec\x9ee\x5c\xb0\xbd\xaf\x8c{\xc1H\xa7\xbf\
\x8a\x84bv?\xd8Z\xc5\x9a\xed\xfdj\xdc\xa2\x91`\
\xd2\x1a\x86&\x05\x5c\xd7\xdf@\xf3\xb2=\xd2\x99\xf4\xad\
\xc3\xe7\xb8qw\x8ct&}\x805\x87\xcb\x19\xe3V\
\x8ct&\xdd\xc6\x09|\x8d5\x07o\x09\xe7\x8d\xbba\
d\xe0`\x5c\xc42V\xf1\x06Vmn\x097\xb1\xa0\
\xb9\x8b\xa7\xb1\xee\xbe#\xf6\xdf\x12\xae!\xe0)\x9c\xc5\
\x13\xf8\x1b\x7f\xe1\x11<\x8bw\xf1\x19\x1e3\xee\x1c~\
1\x12\xec\xbfj\xdcQ,c\xd9t\x97Qlp\xc4\
\xfe\xfb\x13\x8f\xe2%\xb3\xb9\x8c\xf7p\xcf\x06G\x1c\x8c\
\xef\xf03\x9e\xc7\xe3\xb6w\x17\xe7\xf01\xee\xf9\x8f\x81\
\x83\x15\x10q\x1a/\xe2I\x0cq\x07+\xb8\x81\x82u\
\x0f\x1dR\xff\x02\xaf,\xca\xe7\x16\xae\x85\x8e\x00\x00\x00\
\x00IEND\xaeB`\x82\
\x00\x00\x03\xf1\
<\
svg width=\x2225\x22 h\
eight=\x2224\x22 viewB\
ox=\x220 0 25 24\x22 f\
ill=\x22none\x22 xmlns\
=\x22http://www.w3.\
org/2000/svg\x22>\x0a<\
path fill-rule=\x22\
evenodd\x22 clip-ru\
le=\x22evenodd\x22 d=\x22\
M12.8609 4.96887\
C12.3192 4.7747 \
11.727 4.7747 11\
.1853 4.96887L2.\
91085 7.935C1.73\
804 8.35542 1.73\
806 10.014 2.910\
85 10.4344L11.18\
53 13.4006C11.72\
7 13.5948 12.319\
2 13.5948 12.860\
9 13.4006L21.135\
4 10.4344C22.308\
2 10.014 22.3082\
 8.35542 21.1354\
 7.93501L12.8609\
 4.96887ZM11.691\
5 6.38089C11.905\
9 6.30403 12.140\
3 6.30403 12.354\
7 6.38089L20.176\
4 9.18473L12.354\
7 11.9886C12.140\
3 12.0654 11.905\
9 12.0654 11.691\
5 11.9886L3.8697\
7 9.18473L11.691\
5 6.38089Z\x22 fill\
=\x22#323544\x22/>\x0a<pa\
th d=\x22M2.91085 1\
3.5646L5.05398 1\
2.7964L7.27658 1\
3.5931L3.86977 1\
4.8144L11.6915 1\
7.6182C11.9059 1\
7.6951 12.1403 1\
7.6951 12.3547 1\
7.6182L20.1764 1\
4.8144L16.7695 1\
3.5931L18.9921 1\
2.7964L21.1354 1\
3.5646C22.3082 1\
3.9851 22.3082 1\
5.6437 21.1354 1\
6.0641L12.8609 1\
9.0302C12.3192 1\
9.2244 11.727 19\
.2244 11.1853 19\
.0302L2.91085 16\
.0641C1.73806 15\
.6437 1.73804 13\
.9851 2.91085 13\
.5646Z\x22 fill=\x22#3\
23544\x22/>\x0a</svg>\x0a\
\
\x00\x00\x01O\
\x89\
PNG\x0d\x0a\x1a\x0a\x00\x00\x00\x0dIHDR\x00\
\x00\x000\x00\x00\x000\x08\x06\x00\x00\x00W\x02\xf9\x87\
\x00\x00\x01\x16IDATx\x01\xed\xc1!N\x1ca\
\x18\x00\xd07\x1f\x9b\xaa9\x00I7(.\xb0\xa7\x00\
Q\xc9!X\x87\x84\x13\x94\x1b\xac\xe8\x11\x1a\x1c\x02$\
'\xc07#\xc1b\xfa{**6\x88\xe9$\xff\xcc\
\x84\xfd\xd2y\xcfb\xf1\x9fk\x8cs\x8a\xef8Gk\
\x1a\x05\x0f\xb8Ag@\xa3\xde)\x9e\xd1\x9aG\xc1\x06\
\x9d\x7f\x08\xf5n\xd1\x9aO\x8b[\x03B\xbd3\xf3;\
3`\xa5^\xeb\xa3\xc64\xde\xed\xb5\x06\x84\xe4Br\
!\xb9\x95~\xdf\xb0\xf3\xd7\x16\xf7\x0eP\xe8\xf7\x03k\
\xac\xb1s\xa0B\xbfc{k\x07*$\x17\x92\x0b\xc9\
\x85\xe4Br!\xb9\x90\x5cH.$\x17\x92\x0b\xc9\x85\
\xe4Br!\xb9\x90\x5cH.$\xb7R\xaf\xa0\xb5\xf7\
nz\xc5\x80P\xef\xd1\xfc\x1e\x0d\x08\xf5\xaeQ\xcc\xa7\
\xe0\xda\x80P\xaf\xc3\x06w(\xa6Sp\x87\x0d:\x03\
V\xc6\xe9p\xe1\x13\x85\xe4Br!\xb9F\xbf\xdfh\
\xcd\xe7\x05[\xdc\x1b!\xf4{2\xaf5vF\x0a\xfd\
\xaeP\xcc\xab1\xd2\x91~o\xf8\x89\xaf8\xc1\x17\xd3\
z\xc5%~Y,\x16\xd5\xfe\x005\x8b%d\xa7U\
\x04\xfd\x00\x00\x00\x00IEND\xaeB`\x82\
\x00\x00\x011\
<\
svg width=\x2224\x22 h\
eight=\x2224\x22 viewB\
ox=\x220 0 24 24\x22 f\
ill=\x22none\x22 xmlns\
=\x22http://www.w3.\
org/2000/svg\x22>\x0a<\
path d=\x22M5.25 12\
C5.25 11.5858 5.\
58579 11.25 6 11\
.25H18.0007C18.4\
149 11.25 18.750\
7 11.5858 18.750\
7 12C18.7507 12.\
4142 18.4149 12.\
75 18.0007 12.75\
H6C5.58579 12.75\
 5.25 12.4142 5.\
25 12Z\x22 fill=\x22#3\
23544\x22/>\x0a</svg>\x0a\
\
\x00\x00\x01\x9d\
\x89\
PNG\x0d\x0a\x1a\x0a\x00\x00\x00\x0dIHDR\x00\
\x00\x000\x00\x00\x000\x08\x06\x00\x00\x00W\x02\xf9\x87\
\x00\x00\x01dIDATx\x01\xed\xc11\x8a\x1aQ\
\x00\x00\xd0\xf7\xffL\x19<\xc1\x9c$\x04$\xfd\x16\x8b\
Lc\x19H\xa1\x90\xcbl5\x85\x07\x90\x80\xa5En\
\x91bA\xc5b+-s\x83\x09\xa4\xb0\x98b\xfd\xae\
0\x8a\x03\xf9\xef\xc9\xb2,\xcb\xfekA\xda\x13\x1aT\
\xfa9`\x8e\xb5;\x88\xd2\x16\xa8\xf4W\xa1q'Q\
Zp;\xc1\x9d\x14\xd2v\x18c\xa4\x9f#f\xd8\xcb\
\xb2\xec\xe6\x82azF\xe3\xe4\x1b~I(\x0cO\x8d\
\x9f\x18\xe1\x13\xbe\xe0EB4,5\x96(u\x82\x0b\
\xa2\xe1\xa8\xb1D\xa9\xd3\xe2\x87\x0b\xa2a\xa8\xb1D\xa9\
\xd3b\x8a\xb5\x0b\x82\xc7\xab\xb1D\xa9\xd3b\x8a\x95\x0f\
\x94\xd2\x9e\xd0\xa0\xd2\xcf\x01s\xac\xbd\xf7\x8c%J\x9d\
\x16S\xac\x5c!J[\xa0\xd2_\x85\xc6y\x0dJ\x9d\
\x16S\xac\x5c)J\x0bn'8\xef\xaf\x9e\x0ai;\
\x8c1\xd2\xcf\x113\xec\xbd\xf7\x86\x1a\xd1I\xc4\x04[\
l\x5c!x\xbc\x1aK\x94:-\xa6X\xf9@\xe1\xf1\
6\xd8b\x82\xe8$b\x82-6.(\x0c\xc3\x06[\
L\x10\x9dDL\xf0\x1b{\x09\x85\xe1\xd8`\x8b\x09\xa2\
\x93\x88\xcfx\x91\x10\x0d\xcb\x0aS\xb4:\xc1\x05\x85\xe1\
\xd9\xe0\x15_\xf1\x07\xdf\xf1&\xcb\xb2\xb3\x82\xb4'4\
\xa8\xf4s\xc0\x1ckw\x10\xa5-P\xe9\xafB\xe3N\
\xa2\xb4\xe0v\x82;)\xa4\xed0\xc6H?G\xcc\xb0\
\x97eY\x96e7\xf6\x0f\x80\x16Bd\xba\xa2\xe0g\
\x00\x00\x00\x00IEND\xaeB`\x82\
\x00\x00\x03\xc4\
<\
svg width=\x2224\x22 h\
eight=\x2224\x22 viewB\
ox=\x220 0 24 24\x22 f\
ill=\x22none\x22 xmlns\
=\x22http://www.w3.\
org/2000/svg\x22>\x0a<\
path d=\x22M8.78362\
 8.78412C8.49073\
 9.07702 8.49073\
 9.55189 8.78362\
 9.84478L10.9388\
 12L8.78362 14.1\
552C8.49073 14.4\
481 8.49073 14.9\
23 8.78362 15.21\
59C9.07652 15.50\
88 9.55139 15.50\
88 9.84428 15.21\
59L11.9995 13.06\
07L14.1546 15.21\
58C14.4475 15.50\
87 14.9224 15.50\
87 15.2153 15.21\
58C15.5082 14.92\
29 15.5082 14.44\
8 15.2153 14.155\
1L13.0602 12L15.\
2153 9.84485C15.\
5082 9.55196 15.\
5082 9.07708 15.\
2153 8.78419C14.\
9224 8.4913 14.4\
475 8.4913 14.15\
46 8.78419L11.99\
95 10.9393L9.844\
28 8.78412C9.551\
39 8.49123 9.076\
52 8.49123 8.783\
62 8.78412Z\x22 fil\
l=\x22#323544\x22/>\x0a<p\
ath fill-rule=\x22e\
venodd\x22 clip-rul\
e=\x22evenodd\x22 d=\x22M\
12 2C6.47715 2 2\
 6.47715 2 12C2 \
17.5228 6.47715 \
22 12 22C17.5228\
 22 22 17.5228 2\
2 12C22 6.47715 \
17.5228 2 12 2ZM\
3.5 12C3.5 7.305\
58 7.30558 3.5 1\
2 3.5C16.6944 3.\
5 20.5 7.30558 2\
0.5 12C20.5 16.6\
944 16.6944 20.5\
 12 20.5C7.30558\
 20.5 3.5 16.694\
4 3.5 12Z\x22 fill=\
\x22#323544\x22/>\x0a</sv\
g>\x0a\
\x00\x00\x0au\
<\
svg width=\x2225\x22 h\
eight=\x2224\x22 viewB\
ox=\x220 0 25 24\x22 f\
ill=\x22none\x22 xmlns\
=\x22http://www.w3.\
org/2000/svg\x22>\x0a<\
path d=\x22M5.52344\
 4.75C5.10922 4.\
75 4.77344 5.085\
79 4.77344 5.5V7\
.125C4.77344 7.5\
3921 4.43765 7.8\
75 4.02344 7.875\
C3.60922 7.875 3\
.27344 7.53921 3\
.27344 7.125V5.5\
C3.27344 4.25736\
 4.2808 3.25 5.5\
2344 3.25H7.1484\
4C7.56265 3.25 7\
.89844 3.58579 7\
.89844 4C7.89844\
 4.41421 7.56265\
 4.75 7.14844 4.\
75H5.52344Z\x22 fil\
l=\x22#323544\x22/>\x0a<p\
ath d=\x22M9.64844 \
4C9.64844 3.5857\
9 9.98422 3.25 1\
0.3984 3.25H13.6\
484C14.0627 3.25\
 14.3984 3.58579\
 14.3984 4C14.39\
84 4.41421 14.06\
27 4.75 13.6484 \
4.75H10.3984C9.9\
8422 4.75 9.6484\
4 4.41421 9.6484\
4 4Z\x22 fill=\x22#323\
544\x22/>\x0a<path d=\x22\
M16.1484 4C16.14\
84 3.58579 16.48\
42 3.25 16.8984 \
3.25H18.5234C19.\
7661 3.25 20.773\
4 4.25736 20.773\
4 5.5V7.125C20.7\
734 7.53921 20.4\
377 7.875 20.023\
4 7.875C19.6092 \
7.875 19.2734 7.\
53921 19.2734 7.\
125V5.5C19.2734 \
5.08579 18.9377 \
4.75 18.5234 4.7\
5H16.8984C16.484\
2 4.75 16.1484 4\
.41421 16.1484 4\
Z\x22 fill=\x22#323544\
\x22/>\x0a<path d=\x22M4.\
02344 9.625C4.43\
765 9.625 4.7734\
4 9.96079 4.7734\
4 10.375V13.625C\
4.77344 14.0392 \
4.43765 14.375 4\
.02344 14.375C3.\
60922 14.375 3.2\
7344 14.0392 3.2\
7344 13.625V10.3\
75C3.27344 9.960\
79 3.60922 9.625\
 4.02344 9.625Z\x22\
 fill=\x22#323544\x22/\
>\x0a<path d=\x22M20.0\
234 9.625C20.437\
7 9.625 20.7734 \
9.96079 20.7734 \
10.375V13.625C20\
.7734 14.0307 20\
.4513 14.3612 20\
.0489 14.3746L19\
.3014 13.8285C19\
.2832 13.7638 19\
.2734 13.6955 19\
.2734 13.625V10.\
375C19.2734 9.96\
079 19.6092 9.62\
5 20.0234 9.625Z\
\x22 fill=\x22#323544\x22\
/>\x0a<path d=\x22M12.\
1266 20.6508L11.\
9756 19.25H10.39\
84C9.98422 19.25\
 9.64844 19.5858\
 9.64844 20C9.64\
844 20.4142 9.98\
422 20.75 10.398\
4 20.75H12.1395C\
12.1344 20.7171 \
12.1301 20.684 1\
2.1266 20.6508Z\x22\
 fill=\x22#323544\x22/\
>\x0a<path d=\x22M4.02\
344 16.125C4.437\
65 16.125 4.7734\
4 16.4608 4.7734\
4 16.875V18.5C4.\
77344 18.9142 5.\
10922 19.25 5.52\
344 19.25H7.1484\
4C7.56265 19.25 \
7.89844 19.5858 \
7.89844 20C7.898\
44 20.4142 7.562\
65 20.75 7.14844\
 20.75H5.52344C4\
.2808 20.75 3.27\
344 19.7426 3.27\
344 18.5V16.875C\
3.27344 16.4608 \
3.60922 16.125 4\
.02344 16.125Z\x22 \
fill=\x22#323544\x22/>\
\x0a<path fill-rule\
=\x22evenodd\x22 clip-\
rule=\x22evenodd\x22 d\
=\x22M13.0107 11.72\
58C13.2679 11.57\
74 13.5884 11.59\
46 13.8282 11.76\
97L20.3533 16.53\
65C20.595 16.713\
1 20.7086 17.016\
5 20.6422 17.308\
5C20.5757 17.600\
4 20.3421 17.824\
9 20.0477 17.879\
5L17.6835 18.318\
3L18.9427 20.499\
3C19.1498 20.858\
 19.0269 21.3167\
 18.6682 21.5238\
C18.3095 21.7309\
 17.8508 21.608 \
17.6437 21.2493L\
16.3843 19.068L1\
4.8215 20.8969C1\
4.627 21.1245 14\
.3158 21.2146 14\
.0297 21.1262C13\
.7437 21.0377 13\
.5377 20.7876 13\
.5056 20.49L12.6\
401 12.4557C12.6\
082 12.1605 12.7\
536 11.8743 13.0\
107 11.7258ZM14.\
8107 18.6005L15.\
588 17.6909C15.9\
226 17.2992 16.3\
815 17.0343 16.8\
88 16.9403L18.06\
43 16.722L14.313\
1 13.9816L14.810\
7 18.6005Z\x22 fill\
=\x22#323544\x22/>\x0a</s\
vg>\x0a\
\x00\x00\x02\x1e\
\x89\
PNG\x0d\x0a\x1a\x0a\x00\x00\x00\x0dIHDR\x00\
\x00\x000\x00\x00\x000\x08\x06\x00\x00\x00W\x02\xf9\x87\
\x00\x00\x01\xe5IDATx\x01\xed\xc1=O\x13a\
\x00\x00\xe0\xe7^.\xc4\xe1fb\xc2\xc5\x89\xc1\x81\x10\
\xf8\x11\x86\x0elb`0N\x0ceq\x86_\x00\xff\
\x00\x223\x89\x1fq\xb2\x03\xc4\xd9\xc4\x0d\x13\x1d;\xd2\
D\x17]np\xb2\x0e\x0c\x95\xb6\x08w}\xafp\x09\
\xcf\xe3\xde-KL\xe6\x01\xda\xd8\xc0\xb2\x0b_\xf0\x06\
\x87\xf8\xadf\x89\xea\x1e\xe2#\x16\x8d\xf7\x0dO\xf0]\
\x8dfT\x93\xe2\x13\x16]m\x0e-\x1c\xe1\x8f\x9a\xcc\
\xa8\xe6%^\xb8\xec\x18_\xb1d`\x0e\xbf\xf0YM\
\x12\xe3-`\x0f-d\xaew\x8c\xe7.\xbc\xc6\x86\xeb\
\x158\xc1.\xba*J\x8dZ\xc0\x192\xf5\xca\xb0\x8e\
\x16V\xd0U\xc1\x8cQ\xaf\xb0\xac\x9c%<\xc6:6\
\x953\x8by\xbcUAj\xd4\xaaj6U\xb7\xaa\xa2\
\xd4\xa8\xcce\x89\x81\xbe\xc9$\x06\xfa\x062\x15\x05\x0d\
\x174\x5cP\xce\x0f\xd5\xf5\xd4 (g\x0b=\xe5\xf5\
\xd0V\x83T9\x1d\xe4\xee\x90\xd4\xedID\x104\x5c\
\xd0pA\xc3\xa5\xea\xb1\x80=\xb4\x90\x99L\x81\x13\xec\
\xa2kH*\xbe\x05\x9c!\x13G\x86u\xb4\xb0\x82\xae\
\x7f\x04\xf1\xed#\x13_\x86}C\x82\xf8V\xd5g\xd5\
\x90T|\x99\xcb\x12\x93\xe9\x1b\xc8\x0c\x09\x1a.h\xb8\
\xd4t\xad\xe1\x00\xb9\xf1\xce\xb1\x8d\x8e\x1b\x0a\xa6\xeb\x08\
\xb9\xab\xe58PB0]\x89\xeb%J\x08\xa6k\x0b\
=W\xeb\xa1\xad\x84\xd4tu\x90\x8b(h\xb8\xa0\xe1\
R\xa3\x0ad\x06\xfa\xfe/q\x8bR\xa3N\xf1T=\
\xd6p\x80\xdcx\xe7\xd8F\xc7\x0d\x05\xa3vP\xa8\xc7\
\x11rW\xcbq\xa0\x84`T\x17+x\x8fB\x5c\x89\
\xeb%JH\x8d\xd7\xc5\xba\xf8\xb6p\x88y\xe3\xf5\xd0\
VBj\xba:\xc8E\x144\x5c\xd0p\xa9\xf8\x0ad\
\x06\xfa\xe2)\x0c\x09\xe2;U\x9fSC\x82\xf8vP\
\x88\xaf\xc0\x8e!3\xe2\xfb\x89w\x98\xc7#\xcc\x9aL\
\x81\x0fx\x86\xae{w\xcc_\xb7 OX`\xbe^\
\x1d\x00\x00\x00\x00IEND\xaeB`\x82\
\x00\x00\x0e\xe5\
\x89\
PNG\x0d\x0a\x1a\x0a\x00\x00\x00\x0dIHDR\x00\
\x00\x02\x00\x00\x00\x02\x00\x08\x03\x00\x00\x00\xc3\xa6$\xc8\
\x00\x00\x00WPLTEGpL\x00\x00\x00\x00\x00\
\x00\x00\x00\x00\x00\x00\x00\x00\x00\x00\x00\x00\x00\x00\x00\x00\
\x00\x00\x00\x00\x00\x00\x00\x00\x00\x00\x00\x00\x00\x00\x00\x00\
\x00\x00\x00\x00\x00\x00\x00\x00\x00\x00\x00\x00\x00\x00\x00\x00\
\x00\x00\x00\x00\x00\x00\x00\x00\x00\x00\x00\x00\x00\x00\x00\x00\
\x00\x00\x00\x00\x00\x00\x00\x00\x00\x00\x00\x00\x00\x00\x00\x9e\
S9\xd2\x00\x00\x00\x1ctRNS\x00 \xcf\xd0\xf0\
\xa0\xef\x10`0\x9f@\xdf\x80\xe0\xc0\xbfPp\xb0\x90\
_\x7f\xafo\x8fO?\xa7+\x90\xae\x00\x00\x0e!I\
DATx\xda\xed\x9d\xd9b\xdb6\x10E\xb5\x90\x22\
%Y\xbb\x12\xc7-\xff\xff;\xdb\xa6\x8dk 6W\
\x10\x04\xe6\x9eyO\xa2p\x8e88s%q\xb5\xfa\
Y\xeb\x1f\xd7\x97fw}\xfbsE\x09\xd6\xfa\xd0\xfc\
\xaa\x97\x1f\x15\xd7C\xad\xf6\xbb\xe6C\xed\x0ek.\x89\
V\xff\x1b\xbf\xae\xdf\xb8*B\xf7\xff]\xf3{\xbd|\
g\x12\xa8T\xd9|^\x87=\xd7F\xe2\x06\xd0|Y\
L\x02\x85\xba7-\xb5\xfb\xce\x81\xd0z]\x9a\xf6:\
\x1c\xb9F\xa6\xeb\xa5\xe9\xaa\x0d\x93\xc0r5=j\xf7\
\xc6$0[E\xd3\xab^\x99\x04\xa2g\x80\xffW\x03\
\xdfX\x0dX\xacg\xd3\xbb\x98\x04\x16k\xdf\x0c\xa9\xeb\
\x1f\x5c1ku\x1eD\x00q\xa1\xb9\xaa\x9b\x81E\x5c\
h\xab\xaa\xa2\x19\x5c,\x89E\x8f\x81\xc4\x85\x16k\xdd\
\x8c+\xe2B+\xf5\x18I\x00\x93\xc0H\x1d\x9b\xd1E\
\x5c\xa8h\x82\xc4\x85\xf2&H\x5c\x88\x09\xb2$\x967\
A\xe2BL\x90\xb8P\xde\x04\x99\x04\xf2&H\x5c\x88\
\x09\x12\x17\xca\x9b q\xa1U\x13\xbc\xdd\xcfL\x02e\
\x13,W\xab\xdb\x85\xb8P\xd8\x04\xff\xb9\x9b\xaf\xcb\x82\
\xb8P\xd5\x04\x9f\xffN\x88\x91\x93\x80%q\xf6&\xb8\
\xfbu'?>\xc6M\x02\x0e\x84\x99\x9b`\xfd\xff\x94\
x\x16\xc4\x85z&\xf8\xf2\xd1\x15\xea3q\xa1\x9c\x09\
\xbao\xe0c\xc9\x07G\xc4L\xf0\xe1\xfb\xc2\xa9 .\
\x943AoZl\x89\x0b\xe5Lp\x15b\x12\x10\x17\
fm\x82\xee\x91\xe14\xea@\xf8\xca\x928g\x13\xf4\
&\xc1\x85\xb8P\xce\x04\xdd\xda\x97\xc4\x85z&\xe8\xfe\
\x11\xe2BA\x13t\x8b\xb8P\xd1\x04\xdd?F\x5c(\
h\x82A&\x01K\xe2\x9cM\xd0\xfb\xa3\xc4\x85\x82&\
\xe8N\x02\xe2BA\x13t'\x01qa\xf65\xdc\x04\
CL\x02\xe2\xc2d\xea4\xc6\x04\xddI@\x5c(h\
\x82\xde !.\xcc\xb7\xca\x91&\xe8M\x02\xe2BA\
\x13\xf4&\x01qa\x9e\xb5\x9d`\x82\xde$ .\xd4\
3A\xb7\x88\x0b\x15M\xd0]\x0d\x9c\x88\x0b\xf5L\xd0\
-\xe2BE\x13t\xffF\xe2BA\x13t'\x01q\
\xa1\xa0\x09z\x93\x80\xb8P\xd0\x04\xddI@\x5c(h\
\x82\xee$ .\x144Ao\xbe\x10\x17\x0a\x9a\xa0;\
\x09\x88\x0b\x05M\xd0\x9b1\xc4\x85z&\xe8M\x02\xe2\
BA\x13\xf4&\x01q\xa1\x9e\x09z\x93\x80\xb8P\xcf\
\x04\xdd\x22.T4Aw5@\x5c(h\x82n\x11\
\x17*\x9a\xa0\xfb\x8f\x11\x17\x0a\x9a\xa0;\x09\x88\x0b\x05\
M\xd0\x9b\x04\xc4\x85\x82&\xe8N\x02\xe2BA\x13t\
'\x01q\xa1\xa0\x09z\xa3\x87\xb8P\xd0\x04\xddIp\
b\x12\xe8\x99\xa07~\x88\x0b\xf5L\xd0\x9b\x04\xc4\x85\
\x82&\x18b\x12\xf0\xc1\x91\xacM\xd0\x9b\x04\xc4\x85z\
&\xe8\x16qa\x92&x\x8b\xf8\x12\x88\x0b\x134\xc1\
k\xe4\x1b\x11\x93@\xd0\x04\xdd\xd7A\x5c\x98\x96\x09\x96\
\xd1_\x08q\xa1\xa2\x09\xba\xc5\x07G\x122\xc1\xfb2\
\x13\x89\xb8P\xd0\x04\xddI@\x5c(h\x82\xdeT\x22\
.\x144A&\x81\xbc\x09z\x93\x89\xb8P\xcf\x04\xbd\
I@\x5c(h\x82\xee\xbd\x89\xb8P\xd0\x04\xbdI\xc0\
\x92X\xcf\x04\xdd\x22.T4Aw5@\x5c(h\
\x82L\x02L\xd0}\x89\xc4\x85\x82&\xe8N\x02\xe2\xc2\
\x19OZ\xa9\x9a\xa0[\xc4\x85\xb3\xd5%]\x13t'\
\x01KbA\x13t'\x01q\xe1,uN\xda\x04\xdd\
\x22.T4A&\xc1\xccw\xd6\xf4M\xd0\x1bZ\xc4\
\x85z&\xe8M\x02\xe2BA\x13t'\x01q\xa1\xa0\
\x09z\x93\x80%\xb1\x9e\x09z\xb7.\xe2BA\x13t\
\x0f\xb0\xc4\x85\x82&\xc8$\xc0\x04\xbdI@\x5c\xa8g\
\x82.\xc0\xc4\x85\x82&\xe8\x16q\xa1\xa2\x09\xba\xab\x81\
\x92%\xb1\x9e\x09\xba\x93\x80\xb8P\xd0\x04\xdd\x22.T\
4Aw\x12\x10\x17\x0a\x9a\xa07\x09\x88\x0b\xf5L\xd0\
\x9b\x04\xc4\x85\x82&\xe8N\x02\xe2BA\x13\xf4\xccf\
\xcb\x92X\xce\x04\xbd\xbb\x1aq\xa1\xa0\x09\xba\x07B\xe2\
BA\x13\xf4\xeel\xc4\x85z&\xe8O\x02\xe2B=\
\x13t\xd9&.\x144A\xb7\x88\x0b\x15M\xd0]\x0d\
0\x09\x04M\xd0\x9d\x04\xc4\x85\x82&\xe8\x16q\xa1\xa2\
\x09\xba\x93\x80\xb8P\xd0\x04\xbdI\xb0\x1d7\x09\x04\x0e\
\x84vM\xd0\x9b\x04\xc4\x85\x83L\xb0\xb1\xc7>q\xe1\
 \x13<\x99\x94\x1e>8\xa2g\x82\xde\x0d\x8f\xb8\xb0\
\xaf\x09\xd6F\xff\xbb\xc4\x85\x8a&\xe8\xdd\xf4\x88\x0b\xfb\
\x98\xa0\xe5\x85\xe8\xb8\xb8pgtI\xacb\x82.\xf6\
\xc4\x85\x82&\xe8\x16q\xa1\xa2\x09\xba\xab\x01\xe2BA\
\x13\x0c1\x09\xac\xc5\x85b&\xe8\x16q\xa1\xa2\x09\xba\
\x93@>.T4A\xf7\x02\x8c\xfd\xe0\x88\x95\x03\xa1\
\xa4\x09z\x93@:.T5Aw\x12(\xc7\x85\xb2\
&\xe8\xf9\x90l\x5c(l\x82A&A\xfeq\xa1\xb4\
\x09\xba\x07B\xcd\xb8\xf0\xaem\x82\xde\xfdP0.\xac\
\x0aq\x13\xf4N\xc5#'A\xc6\x97\x0b\x13\xf4\xde\x11\
jq\xe1\x1a\x13\xf4K,.\xc4\x04?yW(\xc5\
\x857L0\xdc$\xc82.\xc4\x04\xbfX\x0d\xa8\xc4\
\x85\x98\xe0\x97\x93@#.\xc4\x04[\xae\x8dD\x5c\x88\
\x09\xb6N\x02\xfbq!&\xd8q}\xcc\xc7\x85\x98`\
W\x19\x8f\x0b1\xc1\xd9&A&q!&\xd8\xe7@\
h8.\xc4\x04{N\x02\xabq!&\xd8\xb7\xac\xc6\
\x85\x98`\xff7\x8b\xc9\xb8\x10\x13\x1cth\x1e9\x09\
0A;\xab\x81Qq\xe1&\xe1A\x80\x09\xc6\x98\x04\
\xbb\x84\x09\xc0\x04\x87\xaf\x06\x1e\x96\x08\xc0\x04\xc7L\x82\
\xc1q\xe1\x06\x1346\x09\x86\xc6\x85\xe9\xfe\x22;&\
\x18e\x12\xa4{\x0b\xc0\x04\xc7_\xba!qa\xba\xe1\
\x00&8\xa1\xfa\xc7\x85\xe9\x1e\xab1\xc1i\x93\xa0\xe7\
\x928\xe17\x14&8u\x12\x9c\xf3\x06\x00\x13\x9c>\
\x09.\x19\x8f\x00L0Du\xc6\x85)_ML0\
\xc8]\xa0\xb5\xff\xe7\xa4\x87\x18&8w\xff\x13\x7f7\
a\x82\x93\xeb\xad\xbd\xffE\xdao&Lpj\x1d\xf2\
=\x02b\x82\x01\x8e\xd1\x9bl\x93\x80v\x13\xdc\xd0\xdb\
^g\xa8M\xbe;\x80\x0e\x13<\xd2\xdd\x1e\x06\xb8\xcb\
\xfc\xfe\x8f\x09N;@u\xf4\xbf\xc8\xe2]\xb4\x96x\
\xa4\xe8\x02\xfa\xd7\x9c3\xd9\xa7a\x82\xb3\xe8_\xb3\xcd\
e\x99\xf2\x85\x09\xeeh\xf1$\xfd{\xe4\xb3L\xc3\x04\
g\xd0\xbf\x9c\xceP\x98`x\xfd\xbbgE3&\xa8\
\xa8\x7f\x98\xe0|\xfa\x97[\x9c\x8e\x09J\xea\x1f&(\
\xae\x7f\x98\xe0\xa8\x03\x93!\xfd\xc3\x04\xc5\xf5\x0f\x13\x1c\
~\xfc7\xa5\x7f\x98\xa0\xba\xfea\x82\x03\x8f\xff\xd6\xf4\
\x0f\x13T\xd7\xbf\x0f\xf5\xc0\x04;\xea`P\xff>\xd4\
\x11\x13T\xd4?LP\x5c\xff\xba'\x1c&hZ\xff\
0\xc1 \xfaW\x98\xb8O>1AA\xfd\xc3\x04\xa7\
\xeb\xdf\xd6\xca\x97\xa91AE\xfd\xc3\x04'\xea_i\
\xe8\x9b\xd4\x98\xa0\xa2\xfea\x82S\xf4\xcf\xd6\x9b\x03\x13\
\x94\xd4?LP\x5c\xff0Au\xfd\xc3\x04\xc5\xf5\x0f\
\x13T\xd7?LP\x5c\xff0Aq\xfd\xc3\x04\xd5\xf5\
\x0f\x13\x14\xd7?L\xf0c\xfd\x10\xd4?LP\x5c\xff\
0\xc1\xf7C\xd0\xab\xa6\xfea\x82\xe2\xfa\x87\x09\xfe{\
\xfc\x7fQ\xd5?L\xb0\x97\xfe\xdd$n\x83\xb2&\xd8\
\x95\xfe\x14\x22ORQ5\xc1N\xfd\x93QaM\x13\
T\xd7?q\x13\xec\xd6\xbf\x95P\xe9\x99`\xa7\xfe=\
\x95\xfa\xafg\x82\xe8\x9f\xb6\x09\xa2\x7f\xda&\x88\xfei\
\x9b \xfa\xd7\xdf\x04-\x1e\x85\xd0\xbf!&h\xeeb\
\xa0\x7f\xda&\x88\xfe\x0d<\x18\x19{\xa4(\xfa\xa7m\
\x82\xe8\xdfp\x13|\xa0\x7f\x98 \xfa\x87\x09\xa2\x7f\x98\
 \xfa\x87\x09\xa2\x7f\x98 \xfa\x87\x09f8\xddL<\
\xf6\x1b\x13D\xff0\xc11\xf5\x9d\xe3\xbf\xb4\x09v\xe9\
\xdf\x85\xfe[6\xc1\xea\x8a\xfe)\x9b`\xa7\xfe\xf1\x8c\
\x1c\xd3&h\xf8\xb9o3\x95-\x13\xdc\xa3\x7fC\xeb\
d\xc9\x04\xf7;\xf4O\xda\x047\xe8\xdf\xf0*\xed\x98\
`\x8d\xfei\x9b\xe0\x0b\xfa7\xa6\xb6V\x8e\xcb{\xf4\
O\xdb\x04k\xf4O\xdb\x04O\xe8\x9f\xb6\x09\x9e\xd0?\
m\x13<1\x00\xb4M\xb0\xe6\x08\xa0m\x82\x15\x87@\
q\x13|@\x80\xb6\x09\xee\xc9\x01\xc5M\xf0\x09\x01\xe2\
&x\x81\x00m\x13\xac\xb6\x10 m\x82\x10 n\x82\
\x10\xa0n\x82\x10 n\x82\x10\xa0n\x82\x10\xa0n\x82\
\x10 n\x82\x10\xa0n\x82\x10\xa0n\x82?\x09h\x0d\
\x86\x9a\x03\xed\xb6l\x82m74\x08P0A\x08P\
7A\x08P7A\x08P7A\x08P7A\x08P\
7A\x08\x907A\x08P7A\x08\x08e\x827\x08\
\xd06\xc1\xeb\x0a\x020A\x08\x106\xc1r\x05\x01\x98\
 \x04\x08\x9b\xe0}\x05\x01\x98 \x04`\x82\x10\x80\x09\
B\x00&\x08\x01\x98 \x04`\x82\x10\x80\x09B\x00&\
\x08\x01\x98 \x04`\x82sU\xf5\xed\xf5\xba\xb9\xbe~\
\xab @\xd1\x04\xab\xb7\xf7\x7f\xfb\xad\x82\x009\x13t\
\x1e\x01\xb3\xdbC@\xbc+\x9f\x84\x09\xfaO\x00\xae!\
 Z]\x120\xc1\xdf\x1f\x01\x05\x01J&\xf8\xd9#\
\xc0  Z\x9d\x976\xc1\xeae\xce\x0f\xa8C@\xea\
&\xf8\xd5#`! V\x03\x166\xc1\xcd\xdc\xbf\xee\
\x01\x01I\x9b\xe0a\xfe\xdfw\x81\x80\x84M\xf0\x10\xe3\
\x17~  Y\x13\xbc\xc7y\x028\x04$j\x82\x1d\
\x8f\x80\x85\x00\xe3&\xd8\xd9\xffp\x04<! =\x13\
\xecz\x06|P\x02j\x08H\xcd\x04{\xf5?\x16\x01\
\x1b\xed\x07\x8e/a\x82U\xbf\xfeC\x80Q\x13\xac6\
M\x03\x01\xba&8\xa0\xff\x10`\xd1\x04\x0fM\x03\x01\
\xc2&8\xac\xff\x10`\xcd\x04\x9fM\x03\x01\xc2&X\
7\x0d\x04\x08\x9b\xe0\x98\xfeC\x80\x1d\x13\xdc7\x0d\x04\
\x08\x9b\xe0~\xd7@\x80\xb0\x09\xae\xdb\xfa\x7f\xd9B\x80\
q\x13l]\x00m\xab\x0a\x02l\x9b`G\xff\xa3=\
\x05\x0c\x02\x162\xc1\xd7\x96\xcb^\xfc\xfc\x87 \xc0\xb2\
\x09\xb6-\x00\x8b\xff\xbe\x11\x08\x01vM\xb0u\x01\xfc\
\xfe\x8dP\x08\xb0j\x82u\xcf\xbeB\x80M\x13\xac{\
w\x15\x02,\x9a\xe0\xb1\xedj{O\xab\x82\x00{&\
\xd8\xba\x00\xfc\xed\x9c\x09\x01\xd6L\xb0\xb5\xff\x9f<\xb0\
\xb2\x83\x807\x08\xc8\xcb\x04;\x17@C\x098@@\
L\x13l\xaa\xd8\xfd\x87\x80\xb4L\xf04\xedom\xeb\
\x7f\xf1\xd55\x86\x003&\xd8g\x01\x08\x01i\x9b`\
\x1d\xbf\xff\x10`\xc4\x04\xef\xe3\x85\xae*! \x15\x13\
\xdc\xcfru;o,\x10\x90\xbb\x09\xde\xda.\xedi\
\xf4\xcb\x81\x80LLp\xd8\x02\x10\x02\xac\x99\xe0\xf4\xfe\
C@\xce&\xf8\xf9o@\xfeZ\x00M\x1cJ\x10\x90\
\xbc\x09\x8eY\x00B\x80\x1d\x13l\xed\xffy\xc8\x05\x85\
\x80,Mp\xf4\x02\x08\x02L\x98`\xc0\xfeC@\x86\
&xj\xbb\x96\xb7PP\x06&\xe0X@@ \x13\
\x9c\xb6\x00\x5c\x8c\x80=\x04\x841\xc1\xe0\xfd\x87\x80\xac\
L0\xc4\x02(I\x02\x82=\xd0*\xf1\xbaO3\xc1\
Y\xfa\x0f\x011M\xb0\x98b\x82\xed_\x01\x0f\xaf'\
\x10\x90\x96\x09\x86Z\x00B\xc0\x82\xb5\x1eo\x823\xf6\
\x1f\x02r0\xc1\xd7\x90\x0b \x08X\xaancM\xf0\
0k\xff! u\x13l\xfd\x0d\xc8\xe3\x8c\xc7\x13\x08\
H\xc2\x04gX\x00A@F&\x18\xa3\xff\x10\x90\xae\
\x09\x0e\xf9\x0a8\x04\xd83\xc1\x99\x16\x80\x10\x90\x89\x09\
\x0e\xfd\x0a8\x04\xd82\xc1Y\x17@\x10\x90\xbc\x09\xc6\
\xed?\x04$g\x82\xd7\xce\xdf\x80\x84\x00\xcb&8\xf7\
\x02\x10\x02\xd26\xc1\x05\xfa\x0f\x01\x09\x99`\x9c\x05\x10\
\x04\xa4j\x82\x0b\xf5\x1f\x02\x121\xc1\xa9_\x01\x87\x80\
\xbcM0\xde\x02\x10\x02R4\xc1E\xfb\xdfE@\xa8\
\xcfq\xcb\x12\xd0m\x82\xed_\x01\x8f\xf09z\x08X\
\xd4\x04c/\x00! 1\x13\x0c\xf6\x15p\x08\xc8\xd2\
\x04\x17Y\x00A@2&\x98F\xff\xbb\x9eF\x0d\x01\
s\x99`\xe0\xaf\x80O\xa8\x1a\x02\x160\xc1\xc5\x16\x80\
\x10\x90\x84\x09\xb6^\xf3{\xec\x97\x09\x01\xb1\x8fX\xd7\
e\x17@\x10\xb0\xb8\x09\xa6\xd5\x7f\x08\x88n\x82\x01~\
\x03\x12\x02r6\xc1\x85\x17\x80\x10\xb0\xb8\x09\xa6\xd6\xff\
h\x04l\xd5\x08\xb8\x0f\xe9\x7f\xb1\xe4\x05\x88C@\xa5\
F@Ud\xd2\x7f\x08\x88k\x82\xb3}\x05\x1c\x02\xb2\
5\xc1z\xf1\xd7\x0a\x01K\x9a`\x9d\xc0kM\x81\x80\
$.\xc4\x02&X&\xf1b!`)\x13,\x13y\
\xb1\x10\xb0\x8c\x09>\x92y\xb5\x10\xb0\x84\x09n\x13\xfa\
%e\x08\x88o\x82\xdb\xa4~I\x1b\x02b\x9b\xe0,\
_\x01\x87\x80lL\xb0H\xce|! \xaa\x09&\xb8\
\xf9\x80\x80\x88&\x98\xe4\xff\x13\x02\xa2\x99`\xa2\xffK\
\x08\x88d\x82\xa7T_2\x04D1\xc12\xdd\x97\x0c\
\x01\x11L\xb0L\xf95C@\xc8z\xa4\xbf\x00\x82\x80\
9\xeb\x98_\xff!`\xe6[@\x91\xfe\xa3\x14! \
\xe0)\xa0H~\x01\x08\x01\xb3\x96\xf7\x99\xf8\x22\x8f\x8f\
>A@@\x02>\xee\x03\xcf\xb9|\xf4\x0d\x02\x02\xae\
\x83\xde\x7f\x14\xa08\xe5\xf3(e\x08\x08\x89\xc0\xad\xbc\
\x5c.\xe5-\xab'iC\x80zu\x10\xb0\x87\x00m\
\x02v\x10\x00\x01\x10\x00\x01\x10\x00\x01\x10\x00\x01\x10`\
\xb6\xe2\xfc\xba\x07\x04@\x00\x04@\x00\x04@\x00\x04@\
\x00\x04@\x00\x04h\x12\xd0\xf1}Z\x08P'`O\
\x1f\xb4\x09\xb8\xd2\x06q\x02\xb8\x05\x88\x13\xf0\xa4\x0b\xda\
\x04\x5ch\x826\x01;z \xb1\x0f\xf8\xfa\xc9*\xb4\
@\x80\x80\x96G\xab\x16t\xc0>\x01m\x8f\xd6\xe5\x0c\
`\x9f\x80\xd6G+\x9f\xb8\xfe\xd6\x09h\xed?{\x00\
\xf3\x04\xb4\xf7\xff\xc1\xc57N@{\xffS\xfbeM\
\x08\x08M@{\xff\xe3>[\x99\x8aO@G\xffI\
\x83\x8d\x13@\xff\xb5\x09\xa0\xff\xda\x04\xd0\x7fm\x02\xe8\
\xbf6\x01\xf4_\x9b\x00\xfa\xafM\x00\xfd\xd7&\x80\xfe\
k\x13@\xff\xb5\x09\xa0\xff\xda\x04\xd0\x7fm\x02\xe8\xbf\
6\x01\xf4\xdf>\x01m]\xa4\xff\xda\x04\xd0\x7fm\x02\
\xf6\xf4_\x9a\x80\xfd\x8e\xfe+\x13\xd0\xde\xff\xe2\xc85\
\xcd\x8c\x80\x81\xbf\xef\xd2\xd1\x7f>\x00\x9e]\x0d\xfb\x85\
\x1f\xfa\xafM\x00\xfd\xd7&\x80\xfek\x13@\xff\xb5\x09\
\xa0\xff\xda\x04\xd0\x7fm\x02\xe8\xbf6\x01\xf4_\x9c\x00\
\xfa\xafN\x00\xfd\x87\x00\xfa\x0f\x01\xf4\x1f\x02\xe8?\x04\
\xd0\x7f\x08\xa0\xff\x10@\xff\xe5\x09\xa0\xff\xda\x04\xd0\x7f\
m\x02\xe8\xbf6\x01\xf4_\x9b\x00\xfa\xafM\x00\xfd\xd7\
&\x80\xfek\x13@\xff\xb5\x09\xa0\xff\xda\x04\xd0\x7fm\
\x02\xe8\xbf6\x01\xf4_\x9b\x00\xfa\xafM\x00\xfd\xd7&\
\x80\xfe\xcb\x95\xf3D\xe0m\xc5\x05\x91\xab\xfa\xfc\xfe\xf6\
\xe7\x01\x90\x9au+\xff\x1e\x04\xe7G=\xfe\xed\xff\x17\
\x1e|Nf\xb6Q\x89.\x00\x00\x00\x00IEND\
\xaeB`\x82\
\x00\x00\x02 \
<\
svg width=\x2224\x22 h\
eight=\x2224\x22 viewB\
ox=\x220 0 24 24\x22 f\
ill=\x22none\x22 xmlns\
=\x22http://www.w3.\
org/2000/svg\x22>\x0a<\
path d=\x22M11.2502\
 6C11.2502 5.585\
79 11.586 5.25 1\
2.0002 5.25C12.4\
145 5.25 12.7502\
 5.58579 12.7502\
 6V11.2502H18.00\
07C18.4149 11.25\
02 18.7507 11.58\
6 18.7507 12.000\
2C18.7507 12.414\
5 18.4149 12.750\
2 18.0007 12.750\
2H12.7502V18.000\
7C12.7502 18.414\
9 12.4145 18.750\
7 12.0002 18.750\
7C11.586 18.7507\
 11.2502 18.4149\
 11.2502 18.0007\
V12.7502H6C5.585\
79 12.7502 5.25 \
12.4145 5.25 12.\
0002C5.25 11.586\
 5.58579 11.2502\
 6 11.2502H11.25\
02V6Z\x22 fill=\x22#32\
3544\x22/>\x0a</svg>\x0a\
\x00\x00\x13\x11\
\xff\
\xd8\xff\xe0\x00\x10JFIF\x00\x01\x01\x00\x00\x01\x00\
\x01\x00\x00\xff\xe2\x01\xd8ICC_PROFI\
LE\x00\x01\x01\x00\x00\x01\xc8\x00\x00\x00\x00\x040\x00\
\x00mntrRGB XYZ \x07\xe0\x00\
\x01\x00\x01\x00\x00\x00\x00\x00\x00acsp\x00\x00\x00\
\x00\x00\x00\x00\x00\x00\x00\x00\x00\x00\x00\x00\x00\x00\x00\x00\
\x00\x00\x00\x00\x00\x00\x00\x00\x01\x00\x00\xf6\xd6\x00\x01\x00\
\x00\x00\x00\xd3-\x00\x00\x00\x00\x00\x00\x00\x00\x00\x00\x00\
\x00\x00\x00\x00\x00\x00\x00\x00\x00\x00\x00\x00\x00\x00\x00\x00\
\x00\x00\x00\x00\x00\x00\x00\x00\x00\x00\x00\x00\x00\x00\x00\x00\
\x00\x00\x00\x00\x00\x00\x00\x00\x09desc\x00\x00\x00\
\xf0\x00\x00\x00$rXYZ\x00\x00\x01\x14\x00\x00\x00\
\x14gXYZ\x00\x00\x01(\x00\x00\x00\x14bXY\
Z\x00\x00\x01<\x00\x00\x00\x14wtpt\x00\x00\x01\
P\x00\x00\x00\x14rTRC\x00\x00\x01d\x00\x00\x00\
(gTRC\x00\x00\x01d\x00\x00\x00(bTR\
C\x00\x00\x01d\x00\x00\x00(cprt\x00\x00\x01\
\x8c\x00\x00\x00<mluc\x00\x00\x00\x00\x00\x00\x00\
\x01\x00\x00\x00\x0cenUS\x00\x00\x00\x08\x00\x00\x00\
\x1c\x00s\x00R\x00G\x00BXYZ \x00\x00\x00\
\x00\x00\x00o\xa2\x00\x008\xf5\x00\x00\x03\x90XYZ\
 \x00\x00\x00\x00\x00\x00b\x99\x00\x00\xb7\x85\x00\x00\x18\
\xdaXYZ \x00\x00\x00\x00\x00\x00$\xa0\x00\x00\x0f\
\x84\x00\x00\xb6\xcfXYZ \x00\x00\x00\x00\x00\x00\xf6\
\xd6\x00\x01\x00\x00\x00\x00\xd3-para\x00\x00\x00\
\x00\x00\x04\x00\x00\x00\x02ff\x00\x00\xf2\xa7\x00\x00\x0d\
Y\x00\x00\x13\xd0\x00\x00\x0a[\x00\x00\x00\x00\x00\x00\x00\
\x00mluc\x00\x00\x00\x00\x00\x00\x00\x01\x00\x00\x00\
\x0cenUS\x00\x00\x00 \x00\x00\x00\x1c\x00G\x00\
o\x00o\x00g\x00l\x00e\x00 \x00I\x00n\x00\
c\x00.\x00 \x002\x000\x001\x006\xff\xdb\x00\
C\x00\x05\x03\x04\x04\x04\x03\x05\x04\x04\x04\x05\x05\x05\x06\
\x07\x0c\x08\x07\x07\x07\x07\x0f\x0b\x0b\x09\x0c\x11\x0f\x12\x12\
\x11\x0f\x11\x11\x13\x16\x1c\x17\x13\x14\x1a\x15\x11\x11\x18!\
\x18\x1a\x1d\x1d\x1f\x1f\x1f\x13\x17\x22$\x22\x1e$\x1c\x1e\
\x1f\x1e\xff\xdb\x00C\x01\x05\x05\x05\x07\x06\x07\x0e\x08\x08\
\x0e\x1e\x14\x11\x14\x1e\x1e\x1e\x1e\x1e\x1e\x1e\x1e\x1e\x1e\x1e\
\x1e\x1e\x1e\x1e\x1e\x1e\x1e\x1e\x1e\x1e\x1e\x1e\x1e\x1e\x1e\x1e\
\x1e\x1e\x1e\x1e\x1e\x1e\x1e\x1e\x1e\x1e\x1e\x1e\x1e\x1e\x1e\x1e\
\x1e\x1e\x1e\x1e\x1e\x1e\x1e\xff\xc0\x00\x11\x08\x01h\x01h\
\x03\x01\x22\x00\x02\x11\x01\x03\x11\x01\xff\xc4\x00\x1b\x00\x01\
\x00\x02\x03\x01\x01\x00\x00\x00\x00\x00\x00\x00\x00\x00\x00\x00\
\x07\x08\x01\x05\x06\x03\x04\xff\xc4\x004\x10\x01\x00\x01\x03\
\x02\x05\x02\x05\x02\x04\x07\x01\x00\x00\x00\x00\x00\x01\x02\x03\
\x05\x04\x06\x11!1AQ\x07\xc1\x133Rq\xf0\x12\
2\x14\x15\x22#\x16\x17ab\x81\x91\xb1B\xff\xc4\x00\
\x1b\x01\x01\x01\x00\x03\x01\x01\x01\x00\x00\x00\x00\x00\x00\x00\
\x00\x00\x00\x06\x04\x05\x07\x02\x03\x01\xff\xc4\x00-\x11\x01\
\x00\x01\x02\x04\x04\x05\x04\x03\x01\x01\x00\x00\x00\x00\x00\x00\
\x01\x02\x03\x04\x05\x11!\x121A\xc1\x06\x13Qa\xf0\
q\xa1\xb1\xd1\x22\x81\xf1\x14\x91\xff\xda\x00\x0c\x03\x01\x00\
\x02\x11\x03\x11\x00?\x00\xa6@\x00\x00\x00\x00\x00\x00\x00\
\x00\x00\x00\x00\x00\x00\x00\x00\x00\x00\x00\x00\x00\x00\x00\x00\
\x00\x00\x00\x00\x00\x00\x00\x00\x00\x00\x00\x00\x00\x00\x00\x00\
\x00\x00\x00\x00\x00\x00\x00\x00\x00\x00\x00\x00\x00\x00\x00\x00\
\x00\x00\x00\x00\x00\x00\x00\x00\x00\x00\x00\x00\x00\x00\x00\x00\
\x00\x00\x00\x00\x00\x00\x00\x00\x00\x00\x00\x00\x00\x00\x00\x00\
\x00\x00\x00\x00\x00\x00\x00\x00\x00\x00\x00\x00\x00\x00\x00\x00\
\x00\x00\x00\x00\x00\x00\x00\x00\x00\x00\x00\x00\x00\x00\x00\x00\
\x00\x00\x00\x00\x00\x00\x00\x00\x00\x00\x00\x00\x00\x00\x00\x00\
\x00\x00\x00\x00\x00\x00\x00\x00\x00\x00\x00\x00\x00\x00\x00\x00\
\x00\x00\x00\x00\x00\x00\x00\x00\x00\x00\x00\x00\x00\x00\x00\x00\
\x00\x00\x00\x00\x00\x00\x00\x00\x00\x00\x00\x00\x00\x00\x00\x00\
\x00\x00\x00\x00\x00\x00\x00\x00\x00\x00\x00\x00\x00\x00\x00\x00\
\x00\x00\x00\x00\x00\x00\x00\x00\x00\x00\x00\x00\x00\x00\x00\x00\
\x00\x00\x00\x00\x00\x00\x00\x00\x00\x00\x00\x00\x00\x00\x00\x00\
\x00\x00\x00\x00\x00\x00\x00\x00\x00\x00\x00\x00\x00\x00\x00\x00\
\x00\x03y\xb2\xf6\xd6Ctfh\xd0h\xa8\x98\xb7\x13\
\x15_\xbd1\xfd6\xa8\xf3?\xeb\xe2;\xff\x00\xdb\xdb\
~mM~\xd4\xccU\xa5\xd4S74\xb7&gM\
\xa8\x88\xe5r\x9fj\xa3\xbc{pd\xc6\x12\xf4\xd8\xff\
\x00\xa3\x86x5\xd3W\xc7\xcf\xb7\xe6yZ\xff\x00/\
G:\x03\x19\xf6\x00\x00\x00\x00\x00\x00\x00\x00\x00\x00\x00\
\x00\x00\x00\x1d\x16\xc3\xda\x9a\xfd\xd7\x98\xa7K\xa7\xa6m\
\xe9m\xccN\xa7Q1\xca\xdd>\xf5Oh\xf6\xe2\xfa\
\xd9\xb3]\xfb\x91n\xdck2\xf1r\xe56\xe9\x9a\xeb\
\x9d\x22\x1c\xe8\xdeoM\xb5\x90\xda\xf9\x9a\xf4\x1a\xda&\
m\xcc\xcdV/D\x7fM\xda<\xc7\xfa\xf9\x8e\xdf\xf4\
\xd1\xbf.\xda\xae\xcdsn\xb8\xd2`\xa2\xbanS\x15\
S:\xc4\x80>o`\x00\x00\x00\x00\x00\x00\x00\x00\x00\
\x00\x00\x03c\xb6\xf1W3y\xcd&*\xd6\xa2\xce\x9e\
\xbdM\x7f\xa2.^\xab\x851\xcb\x8f\xfd\xf2\xe1\x11\xde\
xC\x5c\xccL\xc4\xc4\xc4\xccLt\x98z\xa2i\x8a\
\xa2j\x8dc\xd1\xe6\xa8\x99\x89\x88\x9d%k6\xa6\xdf\
\xc7m\xacE\xbcv:\xd7\x0ac\x9d\xcb\x95~\xfb\xb5\
w\xaa\xa9\xf3\xff\x00\x8f]\xc7\x85\xc7\xe7\xf1Wq\xb9\
+1r\xcd\xceq1\xca\xaa*\xedU3\xdac\xf3\
\x92>\xf4\x93\xd4X\xc9E\xac\x0ez\xf4F\xb68S\
\xa6\xd4\xd7??\xc55O\xd7\xe2{\xfd\xfa\xcaN\xb9\
\x80\xbd\x85\xc6ac\xc9\x88\xe0\xd3M==\xa6\x10\x98\
\xabw\xf0\xf7\xe7\xcc\x9f\xe5\xcf^\xea\xbb\xbe\xb6\xa6C\
je\xa7K\xaa\x89\xb9\xa7\xb9\xc6t\xfa\x88\x8e\x14\xdd\
\xa7\xdac\xbc{p\x97<\xb6[\x8f\x0b\x8f\xcf\xe2\xae\
\xe3rVb\xe5\x9b\x9c\xe2c\x95TU\xda\xaag\xb4\
\xc7\xe7%n\xdf[S!\xb52\xd3\xa5\xd5D\xdc\xd3\
\xdc\xe3:}DG\x0an\xd3\xed1\xde=\xb8J\x13\
=\xc8\xaa\xc0\xd5\xe6\xda\xde\xdc\xfd\xbd\xa7\xb4\xfc\x9a|\
\xb72\x8cLpW\xb5Q\xf7s\xc0'\x1b`\x00\x00\
\x00\x00\x00\x00\x00\x00\x00\x00\x01\xd0\xec]\xa9\x90\xddy\
h\xd2\xe9bm\xe9\xed\xf0\x9dF\xa2c\x8d6\xa9\xf7\
\x99\xed\x1e\xdce\xf5\xb3f\xbb\xf5\xc5\xbbq\xac\xcb\xc5\
\xcb\x94\xdb\xa6k\xaet\x886.\xd4\xc8n\xbc\xb4i\
t\xb16\xf4\xf6\xf8N\xa3Q1\xc6\x9bT\xfb\xcc\xf6\
\x8fn2\xb2;s\x0b\x8f\xc0b\xadcq\xb6b\xdd\
\x9b|\xe6g\x9dU\xd5\xde\xaa\xa7\xbc\xcf\xe7#na\
q\xf8\x0cU\xacn6\xcc[\xb3o\x9c\xcc\xf3\xaa\xba\
\xbb\xd5T\xf7\x99\xfc\xe4\xd8\xba~K\x92\xd1\x97\xd1\xc5\
V\xf5\xcf9\xed\x1f7Ff9\x8dX\xba\xb4\x8d\xa9\
\x8eQ\xdeZ\x9d\xd9\xb7\xb1\xfb\x97\x0fs\x1d\x90\xb7\xc6\
'\x9d\xbb\x91\x1f\xd5j\xbe\xd5S\xf9\xcdX\xb7\x1e.\
\xe6\x139\xab\xc5]\xbfj\xfdzk\x9f\xa2nZ\xab\
\x8d5w\xff\x00\x89\xf3\x1d\xa7\x8cvL>\xad\xfa\x8b\
\x18\xd8\xbb\x81\xc0\xde\x89\xd6\xcf\x1au:\x9a'\xe4y\
\xa6\x99\xfa\xfc\xcfo\xbfH>ffffffz\
\xcc\xa5\xbcS\x8b\xc2\xde\xbd\x14Z\x8dk\xa7\x9c\xf6\xf7\
\xed\xc9\xba\xc9,^\xb7nj\xae\x7f\x8c\xf2\x8e\xec\x00\
\x94o\x00\x00\x00\x00\x00\x00\x00\x00\x00\x00\x00\x00\x00\x01\
\x98\x99\x89\x89\x89\x98\x98\xe90\x9c=$\xf5\x162Q\
k\x03\x9e\xbd\x11\xad\x8e\x14\xe9\xb55\xcf\xcf\xf1MS\
\xf5\xf8\x9e\xff\x00~\xb0s13\x13\x13\x1311\xd2\
a\xb0\xcbs+\xd9}\xef2\xdf.\xb1\xd2c\xe7)\
bc0v\xf1V\xf8j\xfe\xa7\xd1p\x9a\xed\xc7\x85\
\xc7\xe7\xf1Wq\xb9+1r\xcd\xceq1\xca\xaa*\
\xedU3\xdac\xf3\x92>\xf4\x93\xd4X\xc9E\xac\x0e\
z\xf4F\xb68S\xa6\xd4\xd7??\xc55O\xd7\xe2\
{\xfd\xfa\xcaN\xa5\x84\xc5\xe1\xf3\x1c?\x1d\x1b\xd3;\
LO\xe2Qw\xec]\xc2]\xe1\xabi\x8eS\xde\x15\
w}mL\x86\xd4\xcbN\x97U\x13sOs\x8c\xe9\
\xf5\x11\x1c)\xbbO\xb4\xc7x\xf6\xe1.yl\xb7\x1e\
\x17\x1f\x9f\xc5]\xc6\xe4\xac\xc5\xcb79\xc4\xc7*\xa8\
\xab\xb5T\xcfi\x8f\xceJ\xdd\xbe\xb6\xa6Cje\xa7\
K\xaa\x89\xb9\xa7\xb9\xc6t\xfa\x88\x8e\x14\xdd\xa7\xdac\
\xbc{p\x94\x06{\x91U\x81\xab\xcd\xb5\xbd\xb9\xfb{\
Oi\xf959ne\x18\x98\xe0\xafj\xa3\xee\xe7\x80\
N6\xc0\x00\x00\x00\x00\x00\x00\x00\x03\xa1\xd8\xbbS!\
\xba\xf2\xd1\xa5\xd2\xc4\xdb\xd3\xdb\xe1:\x8dD\xc7\x1am\
S\xef3\xda=\xb8\xcb\xebf\xcdw\xeb\x8bv\xe3Y\
\x97\x8b\x97)\xb7L\xd7\x5c\xe9\x10l]\xa9\x90\xddy\
h\xd2\xe9bm\xe9\xed\xf0\x9dF\xa2c\x8d6\xa9\xf7\
\x99\xed\x1e\xdcedv\xe6\x17\x1f\x80\xc5Z\xc6\xe3l\
\xc5\xbb6\xf9\xcc\xcf:\xab\xab\xbdUOy\x9f\xceF\
\xdc\xc2\xe3\xf0\x18\xabX\xdcm\x98\xb7f\xdf9\x99\xe7\
Uuw\xaa\xa9\xef3\xf9\xc9\xb1t\xfc\x97%\xa3/\
\xa3\x8a\xad\xeb\x9es\xda>n\x8c\xccs\x1a\xb1ui\
\x1bS\x1c\xa3\xbc\x88\xb7\xd5\xbfQc\x1b\x17p8\x1b\
\xd1:\xd9\xe3N\xa7SD\xfc\x8f4\xd3?_\x99\xed\
\xf7\xe8\xf5o\xd4X\xc6\xc5\xdc\x0e\x06\xf4N\xb6x\xd3\
\xa9\xd4\xd1?#\xcd4\xcf\xd7\xe6{}\xfaA\xf33\
33333\xd6e\xa7\xf1\x07\x88<\xbdp\xd8i\
\xdf\xac\xfa{G\xbf\xac\xf4\xfa\xf2\xcf\xca\xf2\xbe-/\
^\x8d\xbaGy&fffffg\xac\xcb\x00\x83\
S\x80\x00\x00\x00\x00\x00\x00\x00\x00\x00\x00\x00\x00\x00\x00\
\x00\x0313\x13\x13\x1311\xd2a8zI\xea,\
d\xa2\xd6\x07=z#[\x1c)\xd3jk\x9f\x9f\xe2\
\x9a\xa7\xeb\xf1=\xfe\xfd`\xe6bf&&&bc\
\xa4\xc3a\x96\xe6W\xb2\xfb\xdee\xbe]c\xa4\xc7\xce\
R\xc4\xc6`\xed\xe2\xad\xf0\xd5\xfdO\xa2\xe15\xdb\x8f\
\x0b\x8f\xcf\xe2\xae\xe3rVb\xe5\x9b\x9c\xe2c\x95T\
U\xda\xaag\xb4\xc7\xe7$}\xe9'\xa8\xb1\x92\x8bX\
\x1c\xf5\xe8\x8dlp\xa7M\xa9\xae~\x7f\x8aj\x9f\xaf\
\xc4\xf7\xfb\xf5\x94\x9dK\x09\x8b\xc3\xe68~:7\xa6\
v\x98\x9f\xc4\xa2\xef\xd8\xbb\x84\xbb\xc3V\xd3\x1c\xa7\xbc\
*\xee\xfa\xda\x99\x0d\xa9\x96\x9d.\xaa&\xe6\x9e\xe7\x19\
\xd3\xea\x228Sv\x9fi\x8e\xf1\xed\xc2\x5c\xf2\xd9n\
<.??\x8a\xbb\x8d\xc9Y\x8b\x96ns\x89\x8eU\
QWj\xa9\x9e\xd3\x1f\x9c\x95\xbb}mL\x86\xd4\xcb\
N\x97U\x13sOs\x8c\xe9\xf5\x11\x1c)\xbbO\xb4\
\xc7x\xf6\xe1(\x0c\xf7\x22\xab\x03W\x9bk{s\xf6\
\xf6\x9e\xd3\xf2jr\xdc\xca11\xc1^\xd5G\xdd\xcf\
\x00\x9cm\x80\x00\x00\x00\x00\x07C\xb1v\xa6Cu\xe5\
\xa3K\xa5\x89\xb7\xa7\xb7\xc2u\x1a\x89\x8e4\xda\xa7\xde\
g\xb4{q\x97\xd6\xcd\x9a\xef\xd7\x16\xed\xc6\xb3/\x17\
.Sn\x99\xae\xb9\xd2 \xd8\xbbS!\xba\xf2\xd1\xa5\
\xd2\xc4\xdb\xd3\xdb\xe1:\x8dD\xc7\x1amS\xef3\xda\
=\xb8\xca\xc8\xed\xcc.?\x01\x8a\xb5\x8d\xc6\xd9\x8bv\
m\xf3\x99\x9euWWz\xaa\x9e\xf3?\x9c\x8d\xb9\x85\
\xc7\xe01V\xb1\xb8\xdb1n\xcd\xbes3\xce\xaa\xea\
\xefUS\xdeg\xf3\x93b\xe9\xf9.KF_G\x15\
[\xd7<\xe7\xb4|\xdd\x19\x98\xe65b\xea\xd26\xa6\
9Gy\x11o\xab~\xa2\xc66.\xe0p7\xa2u\
\xb3\xc6\x9dN\xa6\x89\xf9\x1ei\xa6~\xbf3\xdb\xef\xd1\
\xea\xdf\xa8\xb1\x8d\x8b\xb8\x1c\x0d\xe8\x9dl\xf1\xa7S\xa9\
\xa2~G\x9ai\x9f\xaf\xcc\xf6\xfb\xf4\x83\xe6fff\
ffg\xac\xcbO\xe2\x0f\x10yz\xe1\xb0\xd3\xbfY\
\xf4\xf6\x8f\x7fY\xe9\xf5\xe5\x9f\x95\xe5|Z^\xbd\x1b\
t\x8e\xf2L\xcc\xcc\xcc\xcc\xcc\xcfY\x96\x01\x06\xa7\x00\
\x00\x00\x00\x00\x00\x00\x00\x00\x00\x00\x00\x00\x00\x00\x00\x00\
\x00\x00\x06bf&&&bc\xa4\xc2p\xf4\x93\xd4\
X\xc9E\xac\x0ez\xf4F\xb68S\xa6\xd4\xd7??\
\xc55O\xd7\xe2{\xfd\xfa\xc1\xcc\xc4\xccLLL\xc4\
\xc7I\x86\xc3-\xcc\xafe\xf7\xbc\xcb|\xba\xc7I\x8f\
\x9c\xa5\x89\x8c\xc1\xdb\xc5[\xe1\xab\xfa\x9fE\xc2k\xb7\
\x1e\x17\x1f\x9f\xc5]\xc6\xe4\xac\xc5\xcb79\xc4\xc7*\
\xa8\xab\xb5T\xcfi\x8f\xceH\xfb\xd2OQc%\x16\
\xb09\xeb\xd1\x1a\xd8\xe1N\x9bS\x5c\xfc\xff\x00\x14\xd5\
?_\x89\xef\xf7\xeb):\x96\x13\x17\x87\xccp\xfct\
oL\xed1?\x89E\xdf\xb1w\x09w\x86\xad\xa69\
OxU\xdd\xf5\xb52\x1bS-:]TM\xcd=\
\xce3\xa7\xd4Dp\xa6\xed>\xd3\x1d\xe3\xdb\x84\xb9\xe5\
\xb2\xdcx\x5c~\x7f\x15w\x1b\x92\xb3\x17,\xdc\xe7\x13\
\x1c\xaa\xa2\xae\xd5S=\xa6?9+v\xfa\xda\x99\x0d\
\xa9\x96\x9d.\xaa&\xe6\x9e\xe7\x19\xd3\xea\x228Sv\
\x9fi\x8e\xf1\xed\xc2P\x19\xeeEV\x06\xaf6\xd6\xf6\
\xe7\xed\xed=\xa7\xe4\xd4\xe5\xb9\x94bc\x82\xbd\xaa\x8f\
\xbb\x9e\x018\xdb\x00\x00\x0e\x87b\xedL\x86\xeb\xcbF\
\x97K\x13oOo\x84\xea5\x13\x1ci\xb5O\xbc\xcf\
h\xf6\xe3/\xad\x9b5\xdf\xae-\xdb\x8df^.\x5c\
\xa6\xdd3]s\xa4A\xb1v\xa6Cu\xe5\xa3K\xa5\
\x89\xb7\xa7\xb7\xc2u\x1a\x89\x8e4\xda\xa7\xdeg\xb4{\
q\x95\x91\xdb\x98\x5c~\x03\x15k\x1b\x8d\xb3\x16\xec\xdb\
\xe73<\xea\xae\xae\xf5U=\xe6\x7f9\x1bs\x0b\x8f\
\xc0b\xadcq\xb6b\xdd\x9b|\xe6g\x9dU\xd5\xde\
\xaa\xa7\xbc\xcf\xe7&\xc5\xd3\xf2\x5c\x96\x8c\xbe\x8e*\xb7\
\xaey\xcfh\xf9\xba31\xccj\xc5\xd5\xa4mLr\
\x8e\xf2\x22\xdfV\xfdE\x8cl]\xc0\xe0oD\xebg\
\x8d:\x9dM\x13\xf2<\xd3L\xfd~g\xb7\xdf\xa3\xd5\
\xbfQc\x1b\x17p8\x1b\xd1:\xd9\xe3N\xa7SD\
\xfc\x8f4\xd3?_\x99\xed\xf7\xe9\x07\xcc\xcc\xcc\xcc\xcc\
\xcc\xcfY\x96\x9f\xc4\x1e \xf2\xf5\xc3a\xa7~\xb3\xe9\
\xed\x1e\xfe\xb3\xd3\xeb\xcb?+\xca\xf8\xb4\xbdz6\xe9\
\x1d\xe4\x99\x99\x99\x99\x99\x99\x9e\xb3,\x02\x0dN\x00\x00\
\x00\x00\x00\x00\x00\x00\x00\x00\x00\x00\x00\x00\x00\x00\x00\x00\
\x00\x00\x00\x00\x0c\xc4\xccLLL\xc4\xc7I\x84\xe1\xe9\
'\xa8\xb1\x92\x8bX\x1c\xf5\xe8\x8dlp\xa7M\xa9\xae\
~\x7f\x8aj\x9f\xaf\xc4\xf7\xfb\xf5\x83\x99\x89\x98\x98\x98\
\x99\x89\x8e\x93\x0d\x86[\x99^\xcb\xefy\x96\xf9u\x8e\
\x93\x1f9K\x13\x19\x83\xb7\x8a\xb7\xc3W\xf5>\x8b\x84\
\xd7n<.??\x8a\xbb\x8d\xc9Y\x8b\x96ns\x89\
\x8eUQWj\xa9\x9e\xd3\x1f\x9c\x91\xbf\xa4\xfe\xa4\xd3\
\xa9\xa6\xce\x0bp\xdf\xab\xf8\x99\x9f\xd1\xa7\xd5\xd7<\xae\
x\xa6\xb9\xfa\xbcO~\xfc\xfa\xcb.\xa3\x84\xc6a\xf3\
+\x1cTo\x13\xb4\xc4\xfe%\x19\x7f\x0fw\x09wJ\
\xb6\x98\xe5?\xa5]\xdf[S!\xb52\xd3\xa5\xd5D\
\xdc\xd3\xdc\xe3:}DG\x0an\xd3\xed1\xde=\xb8\
K\x9e[=\xc5\x86\xc7\xe7\xf1Wq\xb9+\x11v\xcd\
\xc8\xe5?\xfdQWj\xa9\x9e\xd3\x0a\xe1\xbf6\x86C\
i\xe4\xfe\x06\xa2&\xf6\x92\xe4\xf1\xd3\xeab\x9e\x14\xdc\
\x8f\x13\xe2\xa8\xef\x08\x1c\xf3\x22\xab\x03W\x9bk{s\
\xf6\xf6\x9foI\xf94\xf9ng\x18\x98\xe0\xafj\xbf\
.l\x1d\x16\xc5\xda9-\xd9\x93\xfe\x1fKO\xc2\xd3\
[\x98\xfe#ST\x7fM\xb8\xf7\xaa{G\xfeG6\
\x86\xcd\x9b\x97\xeeE\xbbq\xac\xcbir\xe56\xa9\x9a\
\xeb\x9d\x22\x18\xd8\xbbS!\xba\xf2\xd1\xa5\xd2\xc4\xdb\xd3\
\xdb\xe1:\x8dD\xc7\x1amS\xef3\xda=\xb8\xca\xc8\
\xed\xcc.?\x01\x8a\xb5\x8d\xc6\xd9\x8bvm\xf3\x99\x9e\
uWWz\xaa\x9e\xf3?\x9c\x8d\xb9\x85\xc7\xe01V\
\xb1\xb8\xdb1n\xcd\xbes3\xce\xaa\xea\xefUS\xde\
g\xf3\x93b\xe9\xf9.KF_G\x15[\xd7<\xe7\
\xb4|\xdd\x19\x98\xe65b\xea\xd26\xa69Gy\x11\
g\xab~\xa2\xc6:\x9b\xb8,\x05\xf8\x9dl\xc7\xe9\xd4\
jh\x9eV\x7f\xdbL\xfd^g\xb7\xdf\xa7\x87\xaa\xfe\
\xa5N\x96\xbb\xd8-\xbb\x7f\xfb\xf1\xfd:\x8d]\x13\xf2\
\xe7\xbd4O\x9f3\xdb\xb7>\x90\xb4\xf3\x9e2\xd3g\
\xfe!\xe1\xd7\x0d\x85\x9d\xfa\xcf\xa7\xb4~\xdb\x0c\xaf*\
\xe2\xd2\xf5\xe8\xdb\xa4~\xd9\x99\x99\x99\x99\x99\x99\x9e\xb3\
,\x02\x11L\x00\x00\x00\x00\x00\x00\x00\x00\x00\x00\x00\x00\
\x00\x00\x00\x00\x00\x00\x00\x00\x00\x00\x00\x00\x00\x02f\xf4\
\x8b\xd4o\x8b\xf0v\xfe\xe0\xbf\xfd\xceTiuU\xcf\
\xee\xf1Es\xe7\xc4\xf7\xe9<\xfa\xc3#?/\xcco\
`/E\xcbs\xf5\x8e\x93\x0cl^\x12\xde*\xdf\x05\
\x7f\xe2\xe1\xbe\x1c\xee'A\x9b\xc6]\xc7d\xacS{\
Ov9\xc4\xf5\xa6{LOi\x8f(\xc3\xd2/Q\
\xbe/\xc1\xdb\xfb\x82\xff\x00\xf79Q\xa5\xd5W?\xbb\
\xc5\x15\xcf\x9f\x13\xdf\xa4\xf3\xeb.\xba\x96\x0b\x1bc1\
\xb1\xc7F\xf1;LOOiEb0\xf7p\x97x\
j\xdac\x94\xa0O\xf2\x9b/\xfe/\xfeY\xf1'\xf9\
_\x0f\x89\xfcw\xe9\xe5\xfa8\xfe\xde\x1f_n\x1f\xf3\
\xd16\xe0\xb1:\x1c&.\xce7\x1db,\xe9\xedG\
\x08\x8e\xf5Oz\xa6{\xcc\xf9}\xc3\xe5\x97\xe5\x18l\
\x05UUj7\x9f^\x91\xe9\x1e\xcfx\xac}\xecL\
DW;G\xcdDE\xea\xef\xa8\xdf\x0b\xe3m\xfd\xbf\
\x7f\xfb\x9c\xe8\xd5j\xa8\x9f\xdb\xe6\x8a'\xcf\x99\xed\xd2\
9\xf4z\xbb\xea7\xc2\xf8\xdb\x7fo\xdf\xfe\xe7:5\
Z\xaa'\xf6\xf9\xa2\x89\xf3\xe6{t\x8e}!\x94\xe7\
\x88<A\xa6\xb8l4\xfdg\xb4w\x96\xdb*\xca\xb5\
\xd2\xf5\xe8\xfaGy\x00C)@\x00\x00\x00\x00\x00\x00\
\x00\x00\x00\x00\x00\x00\x00\x00\x00\x00\x00\x00\x00\x00\x00\x00\
\x00\x00\x00\x00\x00\x00L\xde\x91z\x8d\xf1~\x0e\xdf\xdc\
\x17\xff\x00\xb9\xca\x8d.\xaa\xb9\xfd\xde(\xae|\xf8\x9e\
\xfd'\x9fXdg\xe5\xf9\x8d\xec\x05\xe8\xb9n~\xb1\
\xd2a\x8d\x8b\xc2[\xc5[\xe0\xaf\xfc\x5c4E\xea\xef\
\xa8\xdf\x0b\xe3m\xfd\xbf\x7f\xfb\x9c\xe8\xd5j\xa8\x9f\xdb\
\xe6\x8a'\xcf\x99\xed\xd29\xf4\xe3\xff\x00\xcc\xad\xc3\xfe\
\x10\xfeC\xf1g\xe2\xfe\xcf\xe3\x7fT\xfc_\x85\xc3\xf6\
}\xff\x00\xdd\xd7\x87\xfa\xf3q*<\xdf\xc4\xfe}\x98\
\xb7\x85\xd65\x8d\xe7\xac{G\xef\xff\x00\x1a\x8c\x06M\
\xe5\xdc\x9a\xefo\xa7/\xd8\x025@\x00\x00\x00\x00\x00\
\x00\x00\x00\x00\x00\x00\x00\x00\x00\x00\x00\x00\x00\x00\x00\x00\
\x00\x00\x00\x00\x00\x00\x00\x00\x00\x00\x00\x00\x00\x00\x00\x00\
\x00\x00\x00\x00\x00\x00\x00\x00\x00\x00\x00\x00\x00\x00\x00\x00\
\x00\x00\x00\x00\x00\x00\x00\x00\x00\x00\x00\x00\x00\x00\x00\x00\
\x00\x00\x00\x00\x00\x00\x00\x00\x00\x00\x00\x00\x00\x00\x00\x00\
\x00\x00\x00\x00\x00\x00\x00\x00\x00\x00\x00\x00\x00\x00\x00\x00\
\x00\x00\x00\x00\x00\x00\x00\x00\x00\x00\x00\x00\x00\x00\x00\x00\
\x00\x00\x00\x00\x00\x00\x00\x00\x00\x00\x00\x00\x00\x00\x00\x00\
\x00\x00\x00\x00\x00\x00\x00\x00\x00\x00\x00\x00\x00\x00\x00\x00\
\x00\x00\x00\x00\x00\x00\x00\x00\x00\x00\x00\x00\x00\x00\x00\x00\
\x00\x00\x00\x00\x00\x00\x00\x00\x00\x00\x00\x00\x00\x00\x00\x00\
\x00\x00\x00\x00\x00\x00\x00\x00\x00\x00\x00\x00\x00\x00\x00\x00\
\x00\x00\x00\x00\x00\x00\x00\x00\x00\x00\x00\x00\x00\x00\x00\x00\
\x00\x00\x00\x00\x00\x00\x00\x00\x00\x00\x00\x00\x00\x00\x00\x00\
\x00\x00\x00\x00\x00\x00\x00\x00\x00\x00\x00\x00\x00\x00\x00\x00\
\x00\x00\x00\x00\x00\x00\x00\x00\x00\x00\x00\x00\x00\x00\x00\x00\
\x00\x00\x00\x00\x00\x00\x00\x00\x00\x00\x00\x00\x00\x00\x00\x00\
\x00\x00\x00\x00\x00\x00\x00\x00\x00\x00\x00\x00\x00\x00\xff\xd9\
\
\x00\x00\x05\xa5\
<\
svg height=\x2248\x22 \
width=\x2248\x22 xmlns\
=\x22http://www.w3.\
org/2000/svg\x22 xm\
lns:xlink=\x22http:\
//www.w3.org/199\
9/xlink\x22><linear\
Gradient id=\x22a\x22 \
gradientUnits=\x22u\
serSpaceOnUse\x22 x\
1=\x22399.57144\x22 x2\
=\x22399.57144\x22 y1=\
\x22545.79797\x22 y2=\x22\
517.79797\x22><stop\
 offset=\x220\x22 stop\
-color=\x22#3889e9\x22\
/><stop offset=\x22\
1\x22 stop-color=\x22#\
E5E7EB\x22/></linea\
rGradient><linea\
rGradient id=\x22b\x22\
 gradientUnits=\x22\
userSpaceOnUse\x22 \
x1=\x22399.9939\x22 x2\
=\x22399.9939\x22 y1=\x22\
545.13873\x22 y2=\x225\
18.13873\x22><stop \
offset=\x220\x22 stop-\
color=\x22#E5E7EB\x22/\
><stop offset=\x221\
\x22 stop-color=\x22#E\
5E7EB\x22/></linear\
Gradient><g stro\
ke-width=\x221.3\x22 t\
ransform=\x22matrix\
(1.64285852 0 0 \
1.64285852 -634.\
082154 -849.6687\
82)\x22><circle cx=\
\x22400.57138\x22 cy=\x22\
531.79791\x22 fill=\
\x22url(#b)\x22 r=\x2213.\
999958\x22/><circle\
 cx=\x22400.57144\x22 \
cy=\x22531.79797\x22 f\
ill=\x22none\x22 r=\x2213\
.999958\x22/><circl\
e cx=\x22400.57138\x22\
 cy=\x22531.79791\x22 \
fill=\x22url(#a)\x22 r\
=\x220\x22/></g><path \
d=\x22m121.35661 2.\
1136578-11.08-11\
.08c-1.52-1.5209\
998-3.368-2.2809\
998-5.54-2.28099\
98-2.173 0-4.021\
.76-5.540997 2.2\
809998l-53.446 5\
3.5280002-23.953\
-24.035c-1.521-1\
.521-3.368-2.281\
-5.54-2.281-2.17\
3 0-4.02.76-5.54\
1 2.281l-11.0799\
9967 11.08c-1.52\
100003 1.521-2.2\
8100003 3.368-2.\
28100003 5.541 0\
 2.172.76 4.02 2\
.28100003 5.54l2\
9.49299967 29.49\
3 11.081 11.08c1\
.52 1.521 3.367 \
2.281 5.54 2.281\
 2.172 0 4.019-.\
761 5.54-2.281l1\
1.081-11.08 58.9\
85997-58.986c1.5\
2-1.521 2.281-3.\
3680002 2.281-5.\
5410002.001-2.17\
2-.761-4.019-2.2\
81-5.54z\x22 fill=\x22\
#fff\x22 fill-opaci\
ty=\x22.850806\x22 tra\
nsform=\x22matrix(.\
22172423 0 0 .22\
172423 10.386547\
 17.296464)\x22/></\
svg>\
\x00\x00\x10|\
\xff\
\xd8\xff\xe0\x00\x10JFIF\x00\x01\x01\x00\x00\x01\x00\
\x01\x00\x00\xff\xe2\x01\xd8ICC_PROFI\
LE\x00\x01\x01\x00\x00\x01\xc8\x00\x00\x00\x00\x040\x00\
\x00mntrRGB XYZ \x07\xe0\x00\
\x01\x00\x01\x00\x00\x00\x00\x00\x00acsp\x00\x00\x00\
\x00\x00\x00\x00\x00\x00\x00\x00\x00\x00\x00\x00\x00\x00\x00\x00\
\x00\x00\x00\x00\x00\x00\x00\x00\x01\x00\x00\xf6\xd6\x00\x01\x00\
\x00\x00\x00\xd3-\x00\x00\x00\x00\x00\x00\x00\x00\x00\x00\x00\
\x00\x00\x00\x00\x00\x00\x00\x00\x00\x00\x00\x00\x00\x00\x00\x00\
\x00\x00\x00\x00\x00\x00\x00\x00\x00\x00\x00\x00\x00\x00\x00\x00\
\x00\x00\x00\x00\x00\x00\x00\x00\x09desc\x00\x00\x00\
\xf0\x00\x00\x00$rXYZ\x00\x00\x01\x14\x00\x00\x00\
\x14gXYZ\x00\x00\x01(\x00\x00\x00\x14bXY\
Z\x00\x00\x01<\x00\x00\x00\x14wtpt\x00\x00\x01\
P\x00\x00\x00\x14rTRC\x00\x00\x01d\x00\x00\x00\
(gTRC\x00\x00\x01d\x00\x00\x00(bTR\
C\x00\x00\x01d\x00\x00\x00(cprt\x00\x00\x01\
\x8c\x00\x00\x00<mluc\x00\x00\x00\x00\x00\x00\x00\
\x01\x00\x00\x00\x0cenUS\x00\x00\x00\x08\x00\x00\x00\
\x1c\x00s\x00R\x00G\x00BXYZ \x00\x00\x00\
\x00\x00\x00o\xa2\x00\x008\xf5\x00\x00\x03\x90XYZ\
 \x00\x00\x00\x00\x00\x00b\x99\x00\x00\xb7\x85\x00\x00\x18\
\xdaXYZ \x00\x00\x00\x00\x00\x00$\xa0\x00\x00\x0f\
\x84\x00\x00\xb6\xcfXYZ \x00\x00\x00\x00\x00\x00\xf6\
\xd6\x00\x01\x00\x00\x00\x00\xd3-para\x00\x00\x00\
\x00\x00\x04\x00\x00\x00\x02ff\x00\x00\xf2\xa7\x00\x00\x0d\
Y\x00\x00\x13\xd0\x00\x00\x0a[\x00\x00\x00\x00\x00\x00\x00\
\x00mluc\x00\x00\x00\x00\x00\x00\x00\x01\x00\x00\x00\
\x0cenUS\x00\x00\x00 \x00\x00\x00\x1c\x00G\x00\
o\x00o\x00g\x00l\x00e\x00 \x00I\x00n\x00\
c\x00.\x00 \x002\x000\x001\x006\xff\xdb\x00\
C\x00\x05\x03\x04\x04\x04\x03\x05\x04\x04\x04\x05\x05\x05\x06\
\x07\x0c\x08\x07\x07\x07\x07\x0f\x0b\x0b\x09\x0c\x11\x0f\x12\x12\
\x11\x0f\x11\x11\x13\x16\x1c\x17\x13\x14\x1a\x15\x11\x11\x18!\
\x18\x1a\x1d\x1d\x1f\x1f\x1f\x13\x17\x22$\x22\x1e$\x1c\x1e\
\x1f\x1e\xff\xdb\x00C\x01\x05\x05\x05\x07\x06\x07\x0e\x08\x08\
\x0e\x1e\x14\x11\x14\x1e\x1e\x1e\x1e\x1e\x1e\x1e\x1e\x1e\x1e\x1e\
\x1e\x1e\x1e\x1e\x1e\x1e\x1e\x1e\x1e\x1e\x1e\x1e\x1e\x1e\x1e\x1e\
\x1e\x1e\x1e\x1e\x1e\x1e\x1e\x1e\x1e\x1e\x1e\x1e\x1e\x1e\x1e\x1e\
\x1e\x1e\x1e\x1e\x1e\x1e\x1e\xff\xc0\x00\x11\x08\x01h\x01h\
\x03\x01\x22\x00\x02\x11\x01\x03\x11\x01\xff\xc4\x00\x1d\x00\x01\
\x00\x02\x03\x01\x01\x01\x01\x00\x00\x00\x00\x00\x00\x00\x00\x00\
\x06\x08\x01\x05\x07\x09\x04\x02\x03\xff\xc4\x007\x10\x01\x00\
\x01\x03\x02\x04\x02\x09\x01\x08\x03\x01\x01\x00\x00\x00\x00\x01\
\x02\x03\x04\x05\x06\x07\x11!A1Q\x1324BS\
ar\xb1\xe1\x14\x12\x15\x17\x22#R\x81\xc1\x163\x91\
q\xa1\xff\xc4\x00\x14\x01\x01\x00\x00\x00\x00\x00\x00\x00\x00\
\x00\x00\x00\x00\x00\x00\x00\x00\xff\xc4\x00\x14\x11\x01\x00\x00\
\x00\x00\x00\x00\x00\x00\x00\x00\x00\x00\x00\x00\x00\x00\xff\xda\
\x00\x0c\x03\x01\x00\x02\x11\x03\x11\x00?\x00\xa6@\x00\x00\
\x00\x00\x00\x00\x00\x00\x00\x00\x00\x00\x00\x00\x00\x00\x00\x00\
\x00\x00\x00\x00\x00\x00\x00\x00\x00\x00\x00\x00\x00\x00\x00\x00\
\x00\x00\x00\x00\x00\x00\x00\x00\x00\x00\x00\x00\x00\x00\x00\x00\
\x00\x00\x00\x00\x00\x00\x00\x00\x00\x00\x00\x00\x00\x00\x00\x00\
\x00\x00\x00\x00\x00\x00\x00\x00\x00\x00\x00\x00\x00\x00\x00\x00\
\x00\x00\x00\x00\x00\x00\x00\x00\x00\x00\x00\x00\x00\x00\x00\x00\
\x00\x00\x00\x00\x00\x00\x00\x00\x00\x00\x00\x00\x00\x00\x00\x00\
\x00\x00\x00\x00\x00\x00\x00\x00\x00\x00\x00\x00\x00\x00\x00\x00\
\x00\x00\x00\x00\x00\x00\x00\x00\x00\x00\x00\x00\x00\x00\x00\x00\
\x00\x00\x00\x00\x00\x00\x00\x00\x00\x00\x00\x00\x00\x00\x00\x00\
\x00\x00\x00\x00\x00\x00\x00\x00\x00\x00\x00\x00\x00\x00\x00\x00\
\x00\x00\x00\x00\x00\x00\x00\x00\x00\x00\x00\x00\x00\x00\x00\x00\
\x00\x00\x00\x00\x00\x00\x00\x00\x00\x00\x00\x00\x00\x00\x00\x00\
\x00\x00\x00\x00\x00\x00\x00\x00\x00\x00\x00\x00\x00\x00\x00\x00\
\x00\x00\x00\x00\x00\x00\x00\x00\x00\x00\x00\x00\x00\x00\x00\x00\
\x00\x00\x00\x00\x00\x00\x02K\xc3\x9d\x9b\xaa\xefm\xc3o\
K\xd3m\xccZ\xa6b\xac\xac\x89\x8f\xe4\xb1o\x9fY\
\x99\xf3\xf1\xe5\x1d\xe7\xfc\xcc}<Q\xd8\x9a\xa6\xc5\xdc\
\x15\xe0\xe5\xd3U\xdc+\xb35ae\xc4\x7f-\xea?\
\xd5Q\xce9\xc7\xfa\x98\x99\x08\x88\x00\x00\x00\x00\x00\x00\
\x00\x00\x00\x00\x00\x00\x00\x00\x00%\xdc.\xd8\x9a\xa6\xfa\
\xdc\x14`\xe2SU\xac+S\x15f\xe5\xcc\x7f-\x9a\
?\xddS\xcayG\xfa\x89\x98\x08\x88\x92\xf1\x1bf\xea\
\xbb'p\xdc\xd2\xf5+s6\xaa\x99\xab\x17\x22#\xf9\
/\xdb\xe7\xd2b|\xfc9\xc7i\xff\x00\x131\xa0\x00\
\x00\x00\x00\x00\x00\x00\x00\x00\x00\x00\x00\x00\x01\xb7\xd9\xda\
\x1d\xdd\xcb\xb9\xf04+9X\xd8\x973.\xfa:n\
\xdf\xab\xf6h\xa7\xa4\xcf\xf9\x99\xe5\xca#\xbc\xccGv\
\xa1\x9afi\x98\xaa\x99\x98\x98\xeb\x13\x1d\x81z\xb6&\
\xd3\xd26n\x81kH\xd2,\xfe\xcd\x14\xff\x005\xdb\
\xb5\x7f\xd9z\xbe\xf5\xd5=\xe7\xff\x00\xc8\x8e\x90\xfe\xfb\
\xc3m\xe9;\xafB\xbf\xa3k8\xf1{\x1e\xefX\x98\
\xe9]\xba\xa3\xc2\xbag\xb5Q\xf8\x9eq3\x0eM\xc0\
>.\xc6\xb1\x166\xb6\xe9\xc9\x88\xd4\xa3\x95\x18y\x97\
'\xda|\xa8\xae~'\x94\xfb\xdfW\xad\xdcAH\xb8\
\x9d\xb15m\x89\xae\xce\x0etM\xecK\xbc\xea\xc4\xcb\
\xa6\x9eT^\xa6>\xd5GNt\xf6\xf9\xc4\xc4\xccI\
|\xb7\x86\xdb\xd2w^\x85\x7fF\xd6q\xe2\xf6=\xde\
\xb11\xd2\xbbuG\x85t\xcfj\xa3\xf1<\xe2f\x14\
\xeb\x89\xdb\x13V\xd8\x9a\xec\xe0\xe7D\xde\xc4\xbb\xce\xac\
L\xbai\xe5E\xeac\xedTt\xe7Oo\x9cLL\
\x84H\x00\x00\x00\x00\x00\x00\x00\x00\x00\x00\x00\x00\x12\xde\
\x18\xecM[}\xeb\xb1\x83\x83\x13g\x12\xd7*\xb2\xf2\
\xea\xa7\x9d\x16i\x9f\xbdS\xd7\x95=\xfeQ\x130\x0e\
\x18\xecM[}\xeb\xb1\x83\x83\x13g\x12\xd7*\xb2\xf2\
\xea\xa7\x9d\x16i\x9f\xbdS\xd7\x95=\xfeQ\x131q\
v\x86\xdb\xd2v\xa6\x85cF\xd1\xb1\xe2\xce=\xae\xb3\
3\xd6\xbb\x95O\x8du\xcfz\xa7\xf1\x1c\xa2\x22\x0d\xa1\
\xb6\xf4\x9d\xa9\xa1X\xd1\xb4lx\xb3\x8fk\xac\xcc\xf5\
\xae\xe5S\xe3]s\xde\xa9\xfcG(\x88\x86\xe0\x1a\x0d\
\xf9\xb4\xf4\x9d\xe5\xb7\xefi\x1a\xb5\x98\x9aj\xfek7\
\xa9\x8f\xe7\xb1_.\x95\xd3>\x7f.\xf1\xd2T\xabx\
hwv\xde\xe7\xcf\xd0\xaf\xe4\xd8\xca\xb9\x87vm\xcd\
\xdb5s\xa6\xae\x9c\xff\x00\xc4\xf5\xeb\x1d\xa7\x9cvX\
>>qv4x\xbf\xb5\xb6\xb6LN\xa5<\xe8\xcc\
\xcc\xb7>\xcd\xe7E\x13\xf1<\xe7\xdd\xfa\xbdZ\xcfT\
\xcdS5U33=fg\xb80\x00\x00\x00\x00\x00\
\x00\x00\x00\x00\x00\x00\x00\x00\x00\x034\xcc\xd31U3\
11\xd6&;,\xc7\x00\xf8\xbb\x1a\xc4X\xda\xdb\xa7\
&#R\x8eTa\xe6\x5c\x9fi\xf2\xa2\xb9\xf8\x9eS\
\xef}^\xb5ff\x99\x9af*\xa6f&:\xc4\xc7\
`z\x12\xd3\xef\x0d\xb7\xa4\xee\xbd\x0a\xfe\x8d\xac\xe3\xc5\
\xec{\xbdbc\xa5v\xea\x8f\x0a\xe9\x9e\xd5G\xe2y\
\xc4\xcc97\x00\xf8\xbb\x1a\xc4X\xda\xdb\xa7&#R\
\x8eTa\xe6\x5c\x9fi\xf2\xa2\xb9\xf8\x9eS\xef}^\
\xb7q\x05\x22\xe2v\xc4\xd5\xb6&\xbb89\xd17\xb1\
.\xf3\xab\x13.\x9ayQz\x98\xfbU\x1d9\xd3\xdb\
\xe7\x13\x131%\xf2\xde\x1boI\xddz\x15\xfd\x1bY\
\xc7\x8b\xd8\xf7z\xc4\xc7J\xed\xd5\x1e\x15\xd3=\xaa\x8f\
\xc4\xf3\x89\x98S\xae'lM[bk\xb3\x83\x9d\x13\
{\x12\xef:\xb12\xe9\xa7\x95\x17\xa9\x8f\xb5Q\xd3\x9d\
=\xbeq12\x11 \x00\x00\x00\x00\x00\x00\x00\x00\x00\
Kxc\xb15m\xf7\xae\xc6\x0e\x0cM\x9cK\x5c\xaa\
\xcb\xcb\xaa\x9etY\xa6~\xf5O^T\xf7\xf9DL\
\xc08c\xb15m\xf7\xae\xc6\x0e\x0cM\x9cK\x5c\xaa\
\xcb\xcb\xaa\x9etY\xa6~\xf5O^T\xf7\xf9DL\
\xc5\xc5\xda\x1boI\xda\x9a\x15\x8d\x1bF\xc7\x8b8\xf6\
\xba\xcc\xcfZ\xeeU>5\xd7=\xea\x9f\xc4r\x88\x88\
6\x86\xdb\xd2v\xa6\x85cF\xd1\xb1\xe2\xce=\xae\xb3\
3\xd6\xbb\x95O\x8du\xcfz\xa7\xf1\x1c\xa2\x22\x1b\x80\
\x1c;\x8f\x9c]\x8d\x1e/\xedm\xad\x93\x13\xa9O:\
33-\xcf\xb3y\xd1D\xfcO9\xf7~\xafU\xc7\
\xce.\xc6\x8f\x17\xf6\xb6\xd6\xc9\x89\xd4\xa7\x9d\x19\x99\x96\
\xe7\xd9\xbc\xe8\xa2~'\x9c\xfb\xbfW\xabY\xea\x99\xaa\
f\xaa\xa6fg\xac\xcc\xf7\x02\xa9\x9a\xa6j\xaaff\
z\xcc\xcfv\x00\x00\x00\x00\x00\x00\x00\x00\x00\x00\x00\x00\
\x00\x00\x00\x00\x00\x01\x9afi\x98\xaa\x99\x98\x98\xeb\x13\
\x1d\x96c\x80|]\x8db,mm\xd3\x93\x11\xa9G\
*0\xf3.O\xb4\xf9Q\x5c\xfcO)\xf7\xbe\xafZ\
\xb33L\xcd3\x15S3\x13\x1dbc\xb0=\x09i\
\xf7\x86\xdb\xd2w^\x85\x7fF\xd6q\xe2\xf6=\xde\xb1\
1\xd2\xbbuG\x85t\xcfj\xa3\xf1<\xe2f\x1c\x9b\
\x80|]\x8db,mm\xd3\x93\x11\xa9G*0\xf3\
.O\xb4\xf9Q\x5c\xfcO)\xf7\xbe\xaf[\xb8\x82\x91\
q;bj\xdb\x13]\x9c\x1c\xe8\x9b\xd8\x97y\xd5\x89\
\x97M<\xa8\xbdL}\xaa\x8e\x9c\xe9\xed\xf3\x89\x89\x98\
\x92\xf9o\x0d\xb7\xa4\xee\xbd\x0a\xfe\x8d\xac\xe3\xc5\xec{\
\xbdbc\xa5v\xea\x8f\x0a\xe9\x9e\xd5G\xe2y\xc4\xcc\
)\xd7\x13\xb6&\xad\xb15\xd9\xc1\xce\x89\xbd\x89w\x9d\
X\x99t\xd3\xca\x8b\xd4\xc7\xda\xa8\xe9\xce\x9e\xdf8\x98\
\x99\x08\x90\x00\x00\x00\x00\x00\x00%\xbc1\xd8\x9a\xb6\xfb\
\xd7c\x07\x06&\xce%\xaeUe\xe5\xd5O:,\xd3\
?z\xa7\xaf*{\xfc\xa2&`\x1c1\xd8\x9a\xb6\xfb\
\xd7c\x07\x06&\xce%\xaeUe\xe5\xd5O:,\xd3\
?z\xa7\xaf*{\xfc\xa2&b\xe2\xed\x0d\xb7\xa4\xed\
M\x0a\xc6\x8d\xa3c\xc5\x9c{]fg\xadw*\x9f\
\x1a\xeb\x9e\xf5O\xe29DD\x1bCm\xe9;SB\
\xb1\xa3h\xd8\xf1g\x1e\xd7Y\x99\xeb]\xca\xa7\xc6\xba\
\xe7\xbdS\xf8\x8eQ\x11\x0d\xc0\x0e\x1d\xc7\xce.\xc6\x8f\
\x17\xf6\xb6\xd6\xc9\x89\xd4\xa7\x9d\x19\x99\x96\xe7\xd9\xbc\xe8\
\xa2~'\x9c\xfb\xbfW\xaa\xe3\xe7\x17cG\x8b\xfb[\
kd\xc4\xeaS\xce\x8c\xcc\xcbs\xec\xdetQ?\x13\
\xce}\xdf\xab\xd5\xac\xf5L\xd53US33\xd6f\
{\x81T\xcdS5U33=fg\xbb\x00\x00\x00\
\x00\x00\x00\x00\x00\x00\x00\x00\x00\x00\x00\x00\x00\x00\x00\x00\
\x00\x00\xcd34\xccUL\xccLu\x89\x8e\xcb1\xc0\
>.\xc6\xb1\x166\xb6\xe9\xc9\x88\xd4\xa3\x95\x18y\x97\
'\xda|\xa8\xae~'\x94\xfb\xdfW\xadY\x99\xa6f\
\x99\x8a\xa9\x99\x89\x8e\xb11\xd8\x1e\x84\xb4\xfb\xc3m\xe9\
;\xafB\xbf\xa3k8\xf1{\x1e\xefX\x98\xe9]\xba\
\xa3\xc2\xbag\xb5Q\xf8\x9eq3\x0eM\xc0>.\xc6\
\xb1\x166\xb6\xe9\xc9\x88\xd4\xa3\x95\x18y\x97'\xda|\
\xa8\xae~'\x94\xfb\xdfW\xad\xdcAH\xb8\x9d\xb15\
m\x89\xae\xce\x0etM\xecK\xbc\xea\xc4\xcb\xa6\x9eT\
^\xa6>\xd5GNt\xf6\xf9\xc4\xc4\xccI|\xb7\x86\
\xdb\xd2w^\x85\x7fF\xd6q\xe2\xf6=\xde\xb11\xd2\
\xbbuG\x85t\xcfj\xa3\xf1<\xe2f\x14\xeb\x89\xdb\
\x13V\xd8\x9a\xec\xe0\xe7D\xde\xc4\xbb\xce\xacL\xbai\
\xe5E\xeac\xedTt\xe7Oo\x9cLL\x84H\x00\
\x00\x00\x12\xde\x18\xecM[}\xeb\xb1\x83\x83\x13g\x12\
\xd7*\xb2\xf2\xea\xa7\x9d\x16i\x9f\xbdS\xd7\x95=\xfe\
Q\x130\x0e\x18\xecM[}\xeb\xb1\x83\x83\x13g\x12\
\xd7*\xb2\xf2\xea\xa7\x9d\x16i\x9f\xbdS\xd7\x95=\xfe\
Q\x131qv\x86\xdb\xd2v\xa6\x85cF\xd1\xb1\xe2\
\xce=\xae\xb33\xd6\xbb\x95O\x8du\xcfz\xa7\xf1\x1c\
\xa2\x22\x0d\xa1\xb6\xf4\x9d\xa9\xa1X\xd1\xb4lx\xb3\x8f\
k\xac\xcc\xf5\xae\xe5S\xe3]s\xde\xa9\xfcG(\x88\
\x86\xe0\x07\x0e\xe3\xe7\x17cG\x8b\xfb[kd\xc4\xea\
S\xce\x8c\xcc\xcbs\xec\xdetQ?\x13\xce}\xdf\xab\
\xd5q\xf3\x8b\xb1\xa3\xc5\xfd\xad\xb5\xb2bu)\xe7F\
fe\xb9\xf6o:(\x9f\x89\xe7>\xef\xd5\xea\xd6z\
\xa6j\x99\xaa\xa9\x99\x99\xeb3=\xc0\xaaf\xa9\x9a\xaa\
\x99\x99\x9e\xb33\xdd\x80\x00\x00\x00\x00\x00\x00\x00\x00\x00\
\x00\x00\x00\x00\x00\x00\x00\x00\x00\x00\x00\x00\x00\x00f\x99\
\x9af*\xa6f&:\xc4\xc7e\x98\xe0\x1f\x17cX\
\x8b\x1b[t\xe4\xc4jQ\xca\x8c<\xcb\x93\xed>T\
W?\x13\xca}\xef\xab\xd6\xac\xcc\xd33L\xc5T\xcc\
\xc4\xc7X\x98\xec\x0fBZ}\xe1\xb6\xf4\x9d\xd7\xa1_\
\xd1\xb5\x9cx\xbd\x8fw\xacLt\xae\xddQ\xe1]3\
\xda\xa8\xfcO8\x99\x87\x1d\xe0G\x18\xe8\xcc\xa7\x1bk\
\xee\xdc\xaa\xbf[5z<L\xfb\xb5t\xbb\xe5E\xc9\
\x9f{\xb4U\xdf\xa4O^\xb3\xde\x81H\xb8\x9d\xb15\
m\x89\xae\xce\x0etM\xecK\xbc\xea\xc4\xcb\xa6\x9eT\
^\xa6>\xd5GNt\xf6\xf9\xc4\xc4\xccI|\xf7v\
\xdc\xd2wV\x85\x7fG\xd6q\xa2\xf6=\xd8\xe9>\xfd\
\xba\xb9t\xae\x89\xedTs\xf1\xff\x00\xdeq3\x0a{\
\xc5-\x81\xabl=k\xf4\xb9qVF\x05\xd9\x99\xc4\
\xcc\xa6\x8eT]\x8f)\xfe\xda\xa3\xbc\x7f\x9f\x00C\x81\
/\xe1\x86\xc1\xd67\xde\xb3\xfa\x5c\x1af\xce\x15\xa9\x89\
\xcb\xcc\xaa9\xd1f\x99\xf2\xfe\xea\xa7\xb5?\xfb\xca:\
\x83\xf3\xc3\x1d\x89\xabo\xbdv0pbl\xe2Z\xe5\
V^]T\xf3\xa2\xcd3\xf7\xaaz\xf2\xa7\xbf\xca\x22\
f..\xd0\xdbzN\xd4\xd0\xach\xda6<Y\xc7\
\xb5\xd6fz\xd7r\xa9\xf1\xae\xb9\xefT\xfe#\x94D\
A\xb46\xde\x93\xb54+\x1a6\x8d\x8f\x16q\xedu\
\x99\x9e\xb5\xdc\xaa|k\xae{\xd5?\x88\xe5\x11\x10\xdc\
\x00\xe1\xdc{\xe2\xf5:E\x17\xb6\xc6\xd5\xca\x8a\xb5\x1a\
\xa2h\xcb\xcc\xb7W8\xc6\x8e\xf4Q?\xdf\xe7>\xef\
\xff\x00}_\x97\x8e\xdcd\x9c\x1b\x97\xf6\xc6\xd1\xc9\x8f\
\xd4\xc7:2\xf5\x0bs\xff\x00T\xf7\xa2\xdc\xff\x00w\
i\xab\xb7\x84u\xeb\x15\xc6ffy\xcc\xf3\x90*\x99\
\xaaf\xaa\xa6fg\xac\xcc\xf7`\x00\x00\x00\x00\x00\x00\
\x00\x00\x00\x00\x00\x00\x00\x00\x00\x00\x00\x00\x00\x00\x00\x00\
\x00\x00\x00\x00\x05\x8b\xe0\x0f\x17\xfd?\xe9\xf6\xa6\xeb\xca\
\xfe\xb7Kx9\xd7*\xf5\xfbE\xbb\x93=\xfbE]\
\xfc'\xaf\x8dt\x01\xe8SY\xb9\xf4\x1d/r\xe8\xb7\
\xf4\x8dc\x16\x9c\x9c[\xd1\xd6'\xc6\x99\xedU3\xda\
\xa8\xed.'\xc0\x1e/\xfa\x7f\xd3\xedM\xd7\x95\xfdn\
\x96\xf0s\xaeU\xeb\xf6\x8bw&{\xf6\x8a\xbb\xf8O\
_\x1e\xfe\x0a\xaf\xfc\x05\xdc\x1f\xc4\x1f\xdc\xbe\x96\x7fr\
r\xf4\xdf\xbc\xff\x00g\xa7\xa2\xe7\xea\xf2\xf8\x9d\xb9\x7f\
\x9f\x05\x95\xda\xfa\x0e\x97\xb6\xb4L}\x1fH\xc6\xa7\x1f\
\x12\xc5<\xa2<f\xa9\xefUS\xde\xa9\xef-\x98\x03\
\x80q\xfb\x8b\xfe\x83\xf5\x1bSje\x7f[\xad\xbc\xec\
\xebuz\x9d\xa6\xdd\xb9\x8e\xfd\xa6\xae\xde\x11\xd7\xc1\xc7\
\xee/\xfa\x0f\xd4mM\xa9\x95\xfdn\xb6\xf3\xb3\xad\xd5\
\xeav\x9bv\xe6;\xf6\x9a\xbbxG_\x0a\xe8\x00\x00\
\x00\x00\x00\x00\x00\x00\x00\x00\x00\x00\x00\x00\x00\x00\x00\x00\
\x00\x00\x00\x00\x00\x00\x00\x00\x00\x00\x00\x00\x02\xc5\xf0\x07\
\x8b\xfe\x9f\xf4\xfbSu\xe5\x7f[\xa5\xbc\x1c\xeb\x95z\
\xfd\xa2\xdd\xc9\x9e\xfd\xa2\xae\xfe\x13\xd7\xc6\xba\x00\xf4)\
\xc08\xfd\xc5\xff\x00A\xfa\x8d\xa9\xb52\xbf\xad\xd6\xde\
vu\xba\xbdN\xd3n\xdc\xc7~\xd3Wo\x08\xeb\xe1\
\xcf\x7f\x8c\xbb\xb7\xfe\x01\xff\x00\x16\xf4\xf3\xe9\xf9\xfa?\
\xde_\xb7>\x9f\xd0r\xe5\xfb\x1fWo\xdb\xe7\xcf\x97\
\xcf\xab\x9b\x00\x00\x00\x00\x00\x00\x00\x00\x00\x00\x00\x00\x00\
\x00\x00\x00\x00\x00\x00\x00\x00\x00\x00\x00\x00\x00\x00\x00\x00\
\x00\x00\x00\x00\x00\x00\x00\x00\x00\x00\x00\x00\x00\x00\x00\x00\
\x00\x00\x00\x00\x00\x00\x00\x00\x00\x00\x00\x00\x00\x00\x00\x00\
\x00\x00\x00\x00\x00\x00\x00\x00\x00\x00\x00\x00\x00\x00\x00\x00\
\x00\x00\x00\x00\x00\x00\x00\x00\x00\x00\x00\x00\x00\x00\x00\x00\
\x00\x00\x00\x00\x00\x00\x00\x00\x00\x00\x00\x00\x00\x00\x00\x00\
\x00\x00\x00\x00\x00\x00\x00\x00\x00\x00\x00\x00\x00\x00\x00\x00\
\x00\x00\x00\x00\x00\x00\x00\x00\x00\x00\x00\x00\x00\x00\x00\x00\
\x00\x00\x00\x00\x00\x00\x00\x00\x00\x00\x00\x00\x00\x00\x00\x00\
\x00\x00\x00\x00\x00\x00\x00\x00\x00\x00\x00\x00\x00\x00\x00\x00\
\x00\x00\x00\x00\x00\x00\x00\x00\x00\x00\x00\x00\x00\x00\x00\x00\
\x00\x00\x00\x00\x00\x00\x00\x00\x00\x00\x00\x00\x00\x00\x00\x00\
\x00\x00\x00\x00\x00\x00\x00\x00\x00\x00\x00\x00\x00\x00\x00\x00\
\x00\x00\x00\x00\x00\x00\x00\x00\x00\x00\x00\x00\x00\x00\x00\x00\
\x00\x00\x00\x00\x00\x00\x00\x00\x00\x00\x00\x00\x00\x00\x00\x00\
\x00\x00\x00\x00\x00\x00\x00\x00\x00\x00\x00\x00\x00\x00\x00\x00\
\x00\x00\x00\x00\x00\x00\x00\x00\x00\x00\x00\x00\x00\x00\x00\x00\
\x00\x00\x00\x00\x00\x00\x00\x00?\xff\xd9\
\x00\x00/>\
\xff\
\xd8\xff\xe0\x00\x10JFIF\x00\x01\x01\x00\x00\x01\x00\
\x01\x00\x00\xff\xe2\x01\xd8ICC_PROFI\
LE\x00\x01\x01\x00\x00\x01\xc8\x00\x00\x00\x00\x040\x00\
\x00mntrRGB XYZ \x07\xe0\x00\
\x01\x00\x01\x00\x00\x00\x00\x00\x00acsp\x00\x00\x00\
\x00\x00\x00\x00\x00\x00\x00\x00\x00\x00\x00\x00\x00\x00\x00\x00\
\x00\x00\x00\x00\x00\x00\x00\x00\x01\x00\x00\xf6\xd6\x00\x01\x00\
\x00\x00\x00\xd3-\x00\x00\x00\x00\x00\x00\x00\x00\x00\x00\x00\
\x00\x00\x00\x00\x00\x00\x00\x00\x00\x00\x00\x00\x00\x00\x00\x00\
\x00\x00\x00\x00\x00\x00\x00\x00\x00\x00\x00\x00\x00\x00\x00\x00\
\x00\x00\x00\x00\x00\x00\x00\x00\x09desc\x00\x00\x00\
\xf0\x00\x00\x00$rXYZ\x00\x00\x01\x14\x00\x00\x00\
\x14gXYZ\x00\x00\x01(\x00\x00\x00\x14bXY\
Z\x00\x00\x01<\x00\x00\x00\x14wtpt\x00\x00\x01\
P\x00\x00\x00\x14rTRC\x00\x00\x01d\x00\x00\x00\
(gTRC\x00\x00\x01d\x00\x00\x00(bTR\
C\x00\x00\x01d\x00\x00\x00(cprt\x00\x00\x01\
\x8c\x00\x00\x00<mluc\x00\x00\x00\x00\x00\x00\x00\
\x01\x00\x00\x00\x0cenUS\x00\x00\x00\x08\x00\x00\x00\
\x1c\x00s\x00R\x00G\x00BXYZ \x00\x00\x00\
\x00\x00\x00o\xa2\x00\x008\xf5\x00\x00\x03\x90XYZ\
 \x00\x00\x00\x00\x00\x00b\x99\x00\x00\xb7\x85\x00\x00\x18\
\xdaXYZ \x00\x00\x00\x00\x00\x00$\xa0\x00\x00\x0f\
\x84\x00\x00\xb6\xcfXYZ \x00\x00\x00\x00\x00\x00\xf6\
\xd6\x00\x01\x00\x00\x00\x00\xd3-para\x00\x00\x00\
\x00\x00\x04\x00\x00\x00\x02ff\x00\x00\xf2\xa7\x00\x00\x0d\
Y\x00\x00\x13\xd0\x00\x00\x0a[\x00\x00\x00\x00\x00\x00\x00\
\x00mluc\x00\x00\x00\x00\x00\x00\x00\x01\x00\x00\x00\
\x0cenUS\x00\x00\x00 \x00\x00\x00\x1c\x00G\x00\
o\x00o\x00g\x00l\x00e\x00 \x00I\x00n\x00\
c\x00.\x00 \x002\x000\x001\x006\xff\xdb\x00\
C\x00\x05\x03\x04\x04\x04\x03\x05\x04\x04\x04\x05\x05\x05\x06\
\x07\x0c\x08\x07\x07\x07\x07\x0f\x0b\x0b\x09\x0c\x11\x0f\x12\x12\
\x11\x0f\x11\x11\x13\x16\x1c\x17\x13\x14\x1a\x15\x11\x11\x18!\
\x18\x1a\x1d\x1d\x1f\x1f\x1f\x13\x17\x22$\x22\x1e$\x1c\x1e\
\x1f\x1e\xff\xdb\x00C\x01\x05\x05\x05\x07\x06\x07\x0e\x08\x08\
\x0e\x1e\x14\x11\x14\x1e\x1e\x1e\x1e\x1e\x1e\x1e\x1e\x1e\x1e\x1e\
\x1e\x1e\x1e\x1e\x1e\x1e\x1e\x1e\x1e\x1e\x1e\x1e\x1e\x1e\x1e\x1e\
\x1e\x1e\x1e\x1e\x1e\x1e\x1e\x1e\x1e\x1e\x1e\x1e\x1e\x1e\x1e\x1e\
\x1e\x1e\x1e\x1e\x1e\x1e\x1e\xff\xc0\x00\x11\x08\x01\x00\x01\x00\
\x03\x01\x22\x00\x02\x11\x01\x03\x11\x01\xff\xc4\x00\x1d\x00\x01\
\x00\x02\x02\x03\x01\x01\x00\x00\x00\x00\x00\x00\x00\x00\x00\x00\
\x07\x08\x02\x06\x01\x04\x05\x03\x09\xff\xc4\x00I\x10\x00\x01\
\x03\x02\x03\x04\x04\x09\x09\x07\x03\x04\x02\x03\x00\x00\x01\x00\
\x02\x03\x04\x05\x06\x11!\x07\x121a\x13AQq\x08\
\x14\x222brt\x81\xb2#'6Bu\x82\x91\xb1\
\xb3\x1537Rcs\xa1C\x92\xc2\x16$5\xc14\
d\xa2\xa3\xf0\xff\xc4\x00\x1b\x01\x00\x02\x03\x01\x01\x01\x00\
\x00\x00\x00\x00\x00\x00\x00\x00\x00\x00\x05\x03\x04\x06\x02\x07\
\x01\xff\xc4\x008\x11\x00\x01\x03\x02\x02\x07\x06\x06\x01\x03\
\x05\x01\x00\x00\x00\x00\x01\x00\x02\x03\x04\x11\x05!\x12\x22\
1AQq\x81\x06a\x91\xa1\xb1\xc1\x13#2\xd1\xe1\
\xf03\x14$R45Cb\xf1r\xff\xda\x00\x0c\x03\
\x01\x00\x02\x11\x03\x11\x00?\x00\xa6H\x88\x84\x22\x22!\
\x08\x88\x88B\x22\x22\x10\x88\x88\x84\x22\x22!\x08\x8bv\
\xc1;6\xbe\xe2#\x1dD\xcc6\xfa\x07dzi[\
\xe5<v\xb1\x9ag\xder\x1d\x84\xf0S6\x19\xd9\xe6\
\x17\xb1\xb1\xae\x8e\xdf\x1dU@\xe35H\x12\xbb>\xd1\
\x98\xc9\xbd\xed\x01L\xc8\x5c\xfc\xd6\x83\x0d\xec\xd5mx\
\x0f\x03E\xbcN\xfeCi\xf4\xefU\xd6\xdba\xbd\xdc\
\x9a\xd7[\xed\x15\xf5Mvy:*w9\xa7.:\
\x81\x92\xf7\xa9\xb6k\x8cg\xdd?\xb2\xba \xec\xb5\x92\
V\x8c\xbb\xf5\xd1Y\x86\xb1\xa0\x00\x1a2\x1c\x16Jq\
J7\x95\xa8\x8b\xb1\x14\xe0|\xc9I\xe4\x00\xfb\xaa\xc9\
Q\xb3lc\x0b\x5c\xe3is\xc0\xfeI\x1as\xee\xd5\
x\x17+%\xe6\xd8\x1cn6\x9a\xeaF\xb4\x80]4\
\x0eh\x04\xf0\xd4\x8c\x95\xbaX\xb9\x8csK\x5c\xd0A\
\xd0\x8c\xb8\xa0\xd2\x8d\xc5\x13v\x22\x02>\x5c\xa4s\x00\
\xfd\x957EfqF\xce\xb0\xbd\xed\x8eq\xa0e\x1d\
A\xe15(\x11\xbb>`\x0d\xd3\xef\x04\xf3\x0a\x17\xc6\
\x9b;\xbe\xe1\xbd\xf9\xc3<~\x85\xb9\x93Q\x0bNl\
\x1d\xafo\x16\xf7\xea9\xa8\x1f\x03\x99\x9a\xca\xe2}\x9d\
\xac\xa0\x1aDi7\x88\xf7\x1bG\xa7z\xd3\x91\x11B\
\x90\xa2\x22!\x08\x88\x88B\x22\x22\x10\x88\x88\x84\x22\x22\
!\x08\x88\x88B\x22\x22\x10\x88\x88\x84\x22\x22!\x08\x8b\
\xb9h\xb6\x5c.\xf5\xad\xa2\xb6RKU;\xb5\xdc\x8d\
\xb9\xe4;I\xe0\x073\xa2\x98p>\xc7\xe0\x80\xb2\xb3\
\x13J\xda\x994\x22\x92\x22Dm>\x93\xb8\xbb\xb8d\
4\xe2\xe0\xbbdn~\xc4\xcb\x0e\xc2j\xb1\x07h\xc0\
\xdc\xb7\x9d\xc3\xaf\xb6\xd5\x18a<%|\xc4\xd3\xee\xdb\
)\x0fB\x1d\x93\xea$\xcd\xb10\xf6g\xd6y\x0c\xcf\
%7`\x9d\x98Y,;\x95U\x8d\x17\x1a\xe6\xe4D\
\xb2\xb7\xc9a\xf4Y\xa8\x1d\xe73\xa6c%\xbcRS\
S\xd2S\xb2\x9e\x96\x08\xe1\x8a6\xee\xb1\x91\xb45\xad\
\x1d\x80\x0d\x00_ev8\x1a\xdc\xceez>\x15\xd9\
jZ+>]w\xf7\xec\x1c\x87\xb9\xf2\x5c\x00\x00\xc8\
\x0c\x97(\x8ae\xa7D^\xb6\x17\xc3\x97\xacMY\xe2\
\xd6Z\x17\xd4n\x9c\xa4\x94\xf91G\xeb?\x80\xee\x19\
\x9eKo\xc4\xdb \xc4\x96\x9b{*\xe8%\x8a\xeeC\
3\x9e\x18\x18[#O^\xe0>x\xfc\x0f%\xc9{\
A\xb1*\x8c\xf8\x9d%<\xa2\x19d\x01\xc7q>\xbc\
:\xd9GK\x82Q\xf9\xb5\xee\x8d\xcds\x1e\xc3\xba\xf6\
\xb8d\xe6\x9e\xc2\x0e\xa0\xaf\x9b\x8a\x90\x05i\xef\xb2\xe4\
\x95\xf3~N\x19\x11\x9a\x12\xb0%H\x02\xa7$\x8b@\
\xc6\xbb1\xb3\xde\xb7\xea\xad\xe0[\xabN\xbb\xd1\xb4t\
o>\x934\xfcFG\x89;\xc5C\x18\x9f\x0c\xde0\
\xe5OEs\xa5-c\x8eL\x99\x9eTo\xee=\xbc\
\x8eG\x92\xb4d\xae\xb5u5=e;\xe9\xea\xa1\x8e\
h\xa4\x1b\xafc\xda\x1c\xd7\x0e\xc2\x0e\x85C%#_\
\x98\xc8\xac\x8e'\x81ST\xdd\xf1\xea;\xbba\xe6>\
\xdej\xa6\x22\x97\xf1\x9e\xcacy\x92\xaf\x0eH\x22w\
\x1f\x14\x91\xc7p\xfa\xae:\x8e\xe3\x98\xe6\x14Sr\xa0\
\xac\xb6\xd5\xba\x96\xbe\x9aZy\x9b\xc5\x927#\x97h\
\xed\x1c\xc6\x85.\x96\x17\xc4u\x82\xc4U\xd1MJ\xed\
\x19\x07]\xcb\xac\x88\x8a%Q\x11\x11\x08DDB\x11\
\x11\x10\x84DD!\x11\x11\x08DE\xb8`\xad\x9e\xdf\
\xb1)d\xed\x88\xd1P\xbb_\x19\x99\xa7\xca\x1e\x83x\
\xbb\xbfA\xa7\x15\xf44\xb8\xd8)\xe9\xe9\xa6\xa9\x90G\
\x0bK\x9cw\x05\xa8\xc6\xc7\xcb#c\x8d\x8e{\xdeC\
Z\xd6\x8c\xc9'\x80\x01I\x98#d\x97+\x97GW\
\x7f{\xed\xf4\xa7\x22 n]3\xc7>\xa6{\xf3=\
\xa0)S\x06`k\x16\x17\x89\xae\xa4\xa7\xe9\xaa\xf2\xc9\
\xf5R\xeb!\xed\x03\xa9\xa3\x90\xcb\x9e|V\xd0\xad\xc7\
M\xbd\xcb}\x85v5\x8c\xb4\x95\xa6\xe7\xfcF\xce\xa7\
\x7fO\x12\xbc\xcc?a\xb5Xh\x85%\xae\x8a*x\
\xc6\xa7u\xba\xb8\xf6\x93\xc4\x9ed\x92\xbd4Eh\x0b\
l[\x88\xe3dM\x0c`\xb0\x1b\x82\x22\x22\x17h\xb7\
]\x94\xd90\x85\xea\xea\x22\xc4\xb7wC6\xfePP\
\xbb\xe4\xd9?|\x9d~\xa8\xc8\xf7\xad)p\xe0\x1c\xd2\
\x1c\x01\x1d\x85|p\xb8\xb5\xd5z\xa8]<N\x8d\x8f\
,'x\xda?z\x1e\xf5q\xed\xd44v\xea8\xe8\
\xe8)a\xa5\xa7\x8cd\xc8\xa2`kG\xb8.\xc2\xad\
8\x1bj\x17\xfc5\xb9KT\xe7]\xad\xad\xd3\xa1\x99\
\xff\x00)\x18\xf4\x1e\x7f'f;\x94\xeb\x83q\x9d\x83\
\x15\xd3o\xda\xabA\x9d\xa39i\xa4\xf2f\x8f\xbd\xbd\
\x9c\xc6c\x9a\xa1$.fey\x1e-\x81U\xd08\
\xbeMf\xff\x00\x90\xf7\xde:\xf8\xae\xae8\xc0\x18{\
\x16F\xe9+i\x8d=v\xeeL\xac\x83&\xca;3\
\xeap\xe4s\xf7(\x17\x1d\xec\xeb\x11\xe1B\xfa\x89!\
\xfd\xa1mn\xbe9N\xd2wG\xf5\x19\xc5\xbd\xfa\x8e\
j\xd2\xa1\x00\x8c\x88\xcc\x15\xf6)\xdd\x1fxF\x1b\x8f\
\xd5P\xd9\x97\xd2g\x03\xecwzw*M\xbc\x08\xcc\
\x10A\xebX\x12\xacv>\xd8\xf5\x92\xf8d\xad\xb29\
\x96{\x83\xb3q\x0cnpJ}&\x0f4\xf3n]\
\xc5@\xb8\xb3\x0d_p\xb5h\xa5\xbeP>\x9bx\xe5\
\x1c\xc3\xca\x8a_U\xe3C\xdcr<\x938fd\x9b\
6\xad\x9d&3OZ5\x0d\x9d\xc0\xed\xfc\xaf!\xc5\
`J\x12\xb0%[\x01I$\x88\xe2\xbc\x9cAc\xb5\
_)\x0d=\xca\x929\x9b\xf5I\x199\x87\xb5\xae\x1a\
\x8fw\x1e\xbc\xd7\xa6J\xc0\x95\xde\x80p\xb1K\xe7s\
^\x0b\x5c.\x14!\x8b\xb6is\xb6oTZ\x5c\xeb\
\x850\xd7\xa3\xcb\xe5\x9a;\xbe\xb7\xbb^KBp-\
qk\x81\x04\x1c\x88=J\xd4\xb8\x82\x08#0\xb5l\
[\x83,\xf8\x81\xae\x96h\xba\x0a\xc24\xa8\x8f\xce\xf7\
\xf5;\xdf\xee!/\x9f\x0d\xbeqx,\xc5^\x18\xdb\
\xe9C\xe0\xab\xf2-\x8f\x14\xe0\xeb\xc5\x81\xee\x92H\x8d\
M \xd7\xc6\x22i\xc8\x0fH}^\xae]\x84\xadq\
){\x1c\xc3\xa2\xe1b\x92\xb9\x8ea\xb3\x82\x22\x22\xe5\
r\x88\x88\x84\x22\x22!\x08\xbe\x94\xd0\xcdSQ\x1d=\
<O\x96i\x1c\x18\xc61\xb9\xb9\xc4\xf0\x00u\x95\xf3\
S\xc6\xc5p3-\x94Q\xe2\x0b\xa4?\xf7\xf3\xb38\
X\xe1\xfb\x98\xc8\xec\xfeg\x0e=\x80\xe5\xd6B\xee6\
\x17\x9b\x04\xcf\x09\xc2\xe5\xc4\xaa\x04,\xc8m'\x80\xfd\
\xd8\x9b6\xd9m%\xba(\xaeX\x86(\xea\xabO\x94\
\xc8\x0f\x95\x14^\xee\x0ew3\xa7fy\x07)E\xad\
kFM\x19\x05\xca&,``\xb0^\xc1A\x87S\
\xd0E\xf0\xe0m\x87\x1d\xe7\x99\xfd\xeeDD]+\xa8\
\x88\x88B\x22.\x0e\x88B\xe5bJ\xe0\x95\x81+\xa0\
\x14/\x92\xcb\x92R\x09\xe6\xa6\xa9\x8e\xa6\x96yi\xea\
\x22;\xd1\xcb\x13\xcb^\xc3\xda\x08\xd4/\x9b\x8a\xf7\xb0\
n\x0e\xc4\x18\xba\xa06\xd1F|X;)+&\xcd\
\xb0\xb3\xdf\xf5\x8f!\x9a\xec\xd8\x0b\x94\xbe\xa6\xa68\x98\
]!\x00w\xad\xfb\x03m\xb2\xae\x88GG\x8b\xa25\
p\x0c\x9a+\xa1h\x124zl\x1a;\xbd\xba\xf2*\
t\xb7\xd5\xd3\xd7\xd0\xc3[H\xf3$\x13\xb0>7\x16\
\x96\xe6\xd3\xc0\xe4@#\xde\xb4\x8c\x03\xb2\xcc?\x86L\
u\x95-\x17K\x9bu\xf1\x89\xda7c>\x8387\
\xbfS\xcdo\xc9\x5c\xee\x8d\xc7P/+\xc5\xe6\xa2\x96\
[\xd2\xb6\xdcw\x03\xc8n\xf2\xe4\x8b\xads\xa0\xa2\xb9\
\xd1IEq\xa4\x86\xae\x9aQ\x93\xe2\x99\x81\xcdw\xb8\
\xae\xca(\x01\xb2T\x09\x06\xe1AX\xff\x00a\xa4t\
\x95\xd82~f\xddP\xfd;\xa3\x90\xf0\xeew\xe2\x14\
's\xa2\xad\xb6WIAr\xa4\x9e\x8e\xae?>\x19\
\x98Z\xe1\xcf\x98\xe64W\x85x\x98\xbb\x0a\xd8qU\
\x01\xa3\xbd\xdb\xe2\xa9h\x07\xa3\x93\xcd\x92#\xda\xd7\x8d\
Ba\x05{\x99\x93\xf3\x1ei\xdd.7+\x06\x8c\xda\
\xc3\x8e\xff\x00\xca\xa5\xce+\x17\x15(\xed\x0fc\x17\xfb\
\x07I[a2^\xad\xc32X\xd6\xff\x00\xdc\xc49\
\xb4h\xf1\xcd\xba\xf2QQv\xa4j\x1c\x0eD\x11\x91\
\x07\xb0\x8e\xa2\x9dC#%\x17a\xbaj*\x99+t\
\x98n\x84\xac\x09BV\x0e*\xc8\x0a\xb4\x92.%k\
dn\xeb\x86aG\x18\xebg\xf0T6J\xfb+\x19\
\x04\xfc]\x03@lo\xee\x1c\x1a\x7f\xc7\x0e\x1cL\x8a\
\xe2\xb0q\x5cML\xc9\xdb\xa2\xf0\x97NZ\xf1b\xab\
<\xac|R:)X\xe6=\x84\xb5\xcdp\xc8\xb4\x8e\
 \x8e\xd5\x8a\x94\xb6\xa9\x85\xc4\xd1>\xf7B\xc0%\x8d\
\xb9\xce\xd1\xf5\xd8\x07\x1e\xf0\x07\xe09k\x16\xac\xbdM\
;\xa9\xe4\xd0rT\xe6\xd8\xd9\x11\x11W\x5c\xa2\x22!\
\x0bu\xd8\xf6\x19n\x22\xc5-}LBJ\x1a %\
\x98\x11\x98{\xbe\xa3Oy\x04\xf3\x0d#\xadYF\x80\
\xd6\x808\x05\xa4lZ\xca\xdbN\x09\xa5\x95\xcc\xcaz\
\xd1\xe32\x1f[\xcd\xf7nn\xfb\xc9[\xc2c\x034\
[\xcdz\xf7f0\xe1GB\xd7\x11\xac\xfdc\xec:\
\x0f2Q\x11\x14\xabD\x88\x88\x84\x22\x22\xe0\x94!\x0e\
\x8b\x12P\x95\x8bC\xe4\x95\x91F\xc7\xc9$\x87u\x8c\
cK\x9c\xe3\xd8\x00\xd4\x95\xd8\x0a\x19$\xb2\xe0\x95\xd9\
\xb3\xda\xeeW\xbb\x83m\xf6\x8a\x19\xabj\x9d\xf5\x22\x1e\
h\xedq\xe0\xd1\xcc\xa9+\x02ln\xe7s\xe8\xebq\
<\x8f\xb6R\x1dE,dx\xc3\xc7\xa4x0~'\
\xb9N\x18z\xc5h\xc3\xf6\xf6\xd0\xd9\xe8!\xa3\x80j\
C\x06\xae=\xae<\x5cy\x95\x04\x95-fM\xcc\xac\
v)\xdax)\xee\xc8u\xdd\xe4:\xef\xe9\xe2\xa2\xfc\
\x09\xb1Z:^\x8e\xbb\x16\xcc\xca\xe9\xc6N\x14Q\x12\
 a\xf4\x8f\x17\x9f\xc0w\xa9v\x9a\x08)\xa0e=\
41\xc3\x0ccu\x91\xc6\xd0\xd6\xb4v\x008/\xa2\
\xf8\xd6\xd5SQR\xc9UYQ\x15=<cy\xf2\
\xca\xf0\xd6\xb4v\x92x*/\x91\xd2\x1c\xd6\x0e\xae\xba\
\xa2\xb5\xfaR\xba\xfc\x06\xee\x81}\x97\x91\x8aq-\x93\
\x0c[\xcdu\xee\xe1\x15$_Q\xa4\xe6\xf9\x0fcZ\
5q\xeeQF?\xdb\x8c1\xf4\x9486\x16\xce\xfe\
\x06\xe1;\x0fF9\xc6\xce.\xef9\x0eEB\x17{\
\x95\xc2\xefp}\xc2\xeb[=m[\xf4t\xd3;x\
\xe5\xd8:\x80\xe42\x0a\xdc\x14.~o\xc8y\xa6\x14\
x$\x92kM\xaa8o\xfc~\xe4\xa4\xbc\x7f\xb6\x9b\
\xd5\xe7\xa4\xa2\xc3l\x92\xcfBt3\x9c\x8dL\x83\xbf\
\x84~\xec\xcf0\xb5\x0c\x17\xb4\x0cO\x84\xaaK\xed\xd5\
\xce\xa8\xa5{\xcb\xe5\xa4\xaaq|o'\x89\xd7V\xb8\
\xf6\x8f~kW%`Jl\xcax\xda\xdd\x102O\
?\xa6\x828\xfe\x1bZ,\xadv\xcfv\xad\x86\xb1i\
\x8e\x8d\xd2~\xcb\xba\xbbO\x14\xa9p\x1b\xe7\xfao\xe0\
\xfe\xed\x0f%\xbf*\x1f&N\x19\x11\x9fZ\x926{\
\xb6LG\x86LtwR\xfb\xe5\xad\xban\xca\xff\x00\
\xfb\x88\x87\xa0\xf3\xe7\x0eN\xfcB\xa3>\x18v\xc5\xe0\
\xb3\xf5x`\x07J#\xd1Z\x85\xa3m\x13e\xd8g\
\x19\x07T\xcf\x09\xb7\xdc\xf2\xf2k\xa9\x80\x0f'\xd3\x1c\
\x1e;\xf5\xec!{\x18+\x19\xe1\xdcaC\xe36:\
\xf6J\xe6\x8c\xe5\xa7\x7f\x934\x5c\x9c\xc3\xa8\xef\xe1\xd8\
W\xa3\x88/v\x9c?m}\xc6\xf5p\xa7\xa1\xa5g\
\x19%vY\x9e\xc08\x93\xc8j\x973\xe2\xc4\xfb6\
\xe1\xc9SK\xe3vY\x15Q\xb6\x85\xb3\x9cQ\x82\xa4\
t\xb7\x0a_\x1b\xb7g\xe4\xdc)\x9a]\x17\xdf\x1cc\
=\xfas+M.\xd3E5m\x1fo5\xf7\x11-\
\xbb\x07S\x9a\x1aG\x02\xd7WT\xc6\x1d,\x83\xafq\
\x870\xd1\xcd\xd9\x9eABN<{N\xa5jiL\
\xcee\xe5\x16)\x80\x95\xe5\xba\xfbP\x95\x83\x8a\x12\xbe\
n*\xe0\x0a\xb4\x92.&\x02F\x16;\x81Pn=\
\xb2\xfe\xc5\xbe\xbd\x913v\x9a|\xe4\x8b.\x0d\xedo\
\xb8\xf0\xe4Z\xa7\x07\x15\xa7\xedJ\xda+\xb0\xf3\xea\x18\
\xdc\xe5\xa6=+r\xe3\x90\xf3\x87v\xe9'\xee\x85G\
\x14\xa6\x12\xc0\x5c6\xb7?\xba\xa4\xe93P\xfa\x22,\
\x92\xe9\x17r\xcdA=\xd2\xe9Oo\xa7\x00\xcb;\xf7\
[\x99\xcb\xbf\xfc.\x9a\xd9v\x5c\x01\xc7\xb6\xa0Fc\
\xa4w\xc0\xe5\xf4fWq\xb7M\xe1\xbcJ\xb4\x14\xb1\
\xc7\x0d;\x22\x84e\x13FL\x1d\x8d\xea\x1f\x86K\xea\
\xb0\x87\xf7L\xf5B\xcd5^\xfa\x1a\x1b\x90\xd8\x8b\x8c\
\xf5\x03\xb7\x875\xca\x9b\xb6-\x87l\xf8\x93fS\xd1\
\xde(c\xa9\x8c\x5cf\xdcq\xd1\xf1\x9d\xd6j\xd7\x0d\
A\xee\x5c\xbd\xe1\x82\xe5.\xc51\x16a\xd0|y\x05\
\xc5\xc0\xcbnj\x11E%c\x9d\x91^,\xfb\xf5v\
\x17>\xedD51d<b1\xdd\xc1\xfe\xedy(\
\xd1\xd9\xb5\xcei\x05\xaei\xc9\xcd#\x22\x0fa\x1dK\
\xeb\x5c\x1c.\x14\xb4u\xf4\xf5\xb1\xfcH\x1dq\xe69\
\x8d\xc8J\xc1\xee\x00\x12\xe2\x00\x1de\x1cV\xd1\xb3[\
\xde\x18\xb2^\x85N%\xb2\x1b\x83w\x81\x8a|\xf7\xc5\
?>\x88\xe8\xee\xfe#\xa8.\x8eB\xf6_*\xea\x1d\
\x14e\xediq\x1b\x86\xd3\xe2\xbbX\x1bf\xd8\x8b\x15\
\x16T\xf4F\xdbmv\xbe5P\xc3\x9b\xc7\xf4\xd9\xc5\
\xdd\xe7!\xcdN\xf8#\x01\xe1\xec%\x18u\xbe\x97\xa5\
\xad-\xcaJ\xc9\xf2t\xae\xee?Tr\x19/n\xc7\
w\xb6^\xed\xec\xae\xb4\xd6\xc1YL\xfe\x0f\x89\xd9\xe5\
\xc8\x8e \xf2:\xae\xf2_,\xcf~G%\xe58\xae\
9YZ\xe3\x1b\xf5\x1b\xfe?}\xe7\xd3\xb9\x11j\xf8\
\xe3\x1ea\xdc!\x09\xfd\xa5W\xd2U\x96\xe7\x1d\x1c>\
T\xaf\xf7}Q\xcc\xe4\x15\x7f\xc7\xdbQ\xc4x\xab\xa4\
\xa5d\xa6\xd7lv\x9e-N\xf3\xbc\xf1\xfdG\xf1=\
\xc3!\xde\xbe\xc3L\xf9s\xd8\x15j\x1c&z\xbd`\
,\xde'\xdb\x8a\x986\x81\xb5\xeb\x06\x1d2Q[7\
o\x176\xe8c\x85\xff\x00%\x11\xf4\xdf\xc3\xdc3=\
\xca\x01\xc6X\xbe\xff\x00\x8bj\xbak\xd5s\xa4\x89\xae\
\xce:X\xfc\x98#\xeeoY\xe6s+\xc1\xd1\xa3&\
\x80\x00\xea\x0b\x02Sx)Y\x16\xcd\xabUK\x87\xd3\
\xd1\x8b\xb0]\xdcN\xdf\xc28\xac\x09BV\x04\xab`\
.\xe4\x95rJ\xf9\xb8\xa3\x8a\xc0\x95(\x0a\x94\x92.\
I_2Q\xc5`J\x90\x05BI\x17\xde\x86\xb6\xae\
\xdf]\x15}\xbe\xaazJ\xb8\x8eq\xcf\x0b\xcb\x1e\xdf\
x\xea\xe5\xc1}\xf1%\xfa\xf3\x88\xee\x1e?}\xb9T\
W\xd4\x01\x93]+\xbc\x96\x0e\xc6\xb4h\xdfp^s\
\x8a\xc1\xc5v\x18/{f\xa8\xc8\xf1{\xa1+\x07\x15\
\xc3\xde\x1a3q\x00)+g\x1b\x19\xc5\x18\xb3\xa3\xad\
\xb85\xf6;K\xb2=4\xec\xf9iG\xa1\x19\xe1\xde\
\xec\xbb\x8a\xfb$\xb1\xc2\xdd'\x9b\x05JI\x14f\x5c\
3\xcb=V\x04\xa9\xcb\xc2\x17\x04a\xdc\x11\x80,\xb4\
\x96*!\x1b\xe4\xb8\xfc\xbdL\xa7~y\xbeM\xdes\
\xfb9\x0c\x87%\x05\x12\xba\xa5\x99\xb5\x0c\xd3n\xc5F\
Y,\x8e+\xad_\x03*\xe9d\xa6\x90o2`c\
p\xcb\x88w\x92\x7f\xc1+\xeaJ\xc7?)\xbe\xb0\xfc\
\xd5\xbd\x00\xe0AT_*\xaf\x95P\xbe\x9e\xa6Zy\
\x06O\x89\xe5\x8e\xef\x07\x22\xbek\xbd\x88\x7f\xf3\xf7\x1f\
j\x97\xe3+\xa2\xbc\xf0\x8b\x1b&A\x16\xcd\xb2\xdf\xa7\
\xd6\x9f\xee;\xe0r\xd6V\xcd\xb2\xdf\xa7\xd6\x9f\xee;\
\xe0r\x1b\xb4)\xa9\xff\x00\x95\xbc\xc7\xaa\xb4Q~\xe9\
\x9e\xa8Y,b\xfd\xd3=P\xb2M\x97\xbd\x9d\xa8\xac\
\x1f\x83\x87\xd0\x09\xfe\xd1\x9b\xe1b\xaf\x8a\xc1\xf88}\
\x00\x9f\xed\x19\xbe\x16*\xf5\x1fB\xca\xf6\xc3\xfd\xb4\xff\
\x00\xf4=\xd4\x96\xa2\x8f\x08,%\x0d]\x88\xe2Z\x0a\
f6\xb2\x88\xe7TX\xdc\x8c\xb0\x9d\x09=\xa5\xba\x1e\
\xec\xd4\xae\xb0\xa8\x86*\x88$\x82f6H\xa4ic\
\xda\xee\x0ei\x19\x10U8\xdeX\xe0B\xf3\x5c>\xb5\
\xf45\x0d\x99\x9b\xb6\xf7\x8d\xe1R\xd2V\x04\xafw\x1f\
a\xe9p\xae+\xad\xb3<8\xc3\x1b\xbaJW\x9f\xaf\
\x0b\xbc\xd3\xee\xd4\x1eak\xee)\xd3,E\xc2\xf5\xa1\
R\xd9X\x1e\xc3\x91\xcc/B\xc1|\xbba\xfb\x80\xaf\
\xb2\xd7\xcbG?\xd6\xdc9\xb5\xe3\xb1\xcd:8w\xad\
\xe2\xfd\xb6\xacSp\xb3ECI\x0d5\xb2\xa0\xb4\x8a\
\x8a\xb8ss\x9f\xea\x03\xe6\x7f\x93\xd9\x92\x8d\x09X\x12\
\xba0\xb1\xc6\xe4%UT\xd4\xf3\xbc>F\x02G\xef\
^\xab)\xa5\x92i\x9f<\xd2>Y\xa4;\xcf\x92G\
\x179\xc7\xb4\x93\xa9_\x22Q\xc5`J\x9c\x05\x1c\x92\
#\x8a\xc1\xc5\x1cV\x04\xa9@Td\x91\x09X8\xa1\
+\x07\x15 \x0a\x8c\x92#\x8a\xc1\xc5\x1cW\xcc\x95(\
\x0a\x8c\x92.IX\x12\xb8q]\xdb\x05\x9a\xef\x88n\
m\xb6X\xed\xd3\xd7\xd5\xbb\x8b\x22\x1a0v\xb9\xc7F\
\x8ed\x85\xde@\x5c\xaa2H\xba\x0e+d\xc0x\x0b\
\x13\xe3j\x80\xdb%\x0eT\x81\xd9I_>l\x81\x9d\
\xb9\x1e/<\x9b\x9f\xb9M{8\xd8\x15\xba\x87\xa2\xb8\
cI\x99s\xaa\x198P\xc4H\xa7\x8c\xfaGC!\
\xfc\x1b\xc8\xa9\xb2\x9a\x08)\xa9\xd9OM\x0cp\xc3\x1b\
CY\x1cm\x0dk@\xea\x00h\x02US\x8b1\x9a\
\xb0\xe6x\xeeT$\x96\xfb\x14u\xb3m\x8ea\x8c\x22\
b\xae\xa9g\xed\x8b\xbbu\xf1\xaa\x96\x0d\xd8\xcf\xf4\xd9\
\xc1\xbd\xfa\x9ejIE\xe1\xe3,]\x87\xb0\x85\xb4\xd7\
\xe2\x0b\x9c4q\x9c\xfa6\x13\x9c\x92\x9f\xe5c\x06\xae\
=\xc9\x1b\xdf-C\xf3\xb9%@N\xf2\xa2\x8f\x0cS\
\x96\x10\xb1\xfd\xa4\x7fM\xca\xb1\x92\xa4\x9d\xb6mV]\
\xa1>\x9e\x86\x96\xd8(m4s\x19a2\x9c\xe7\x95\
\xd9\x16\xe6\xec\xb4h\xc8\xf9\xa3>\xf5\x19\x92\xb68d\
\x0f\x86\x9c5\xe2\xc5.\x9ePNHJ\xc4\x9f(w\
\x8f\xcdpJ\xc0\x9f)\xbe\xb0\xfc\xd30\x12\xe9$P\
v!\xff\x00\xcf\xdc}\xaa_\x8c\xae\x82\xef\xe2/\xa4\
\x17\x1fj\x97\xe3+\xa0\xbc\xdd\xff\x00QZ\x16\xec\x08\
\xb6m\x96\xfd>\xb4\xff\x00q\xdf\x03\x96\xb2\xb6m\x96\
\xfd>\xb4\xff\x00q\xdf\x03\x97\xc6\xed\x0az\x7f\xe5o\
1\xea\xad\x14_\xbag\xaa\x16K\x18\xbft\xcfT!\
)\xb2\xf7\xa7\x1b\x15\xc9*\xc1\xf87}\x00\x9f\xed\x19\
\xbe\x16*\xf2J\xb0\xbe\x0d\x9f\xc3\xf9\xfe\xd2\x9b\xe1b\
\x86\xa4|\xb5\x92\xed{\xef\x87\x91\xff\x00a\xee\xa4\xd4\
E\xd3\xa5\xb9RT]+-\xb1\xbc\xf8\xcd\x18\x8d\xd2\
\xb0\xf6<\x12\xd29h\x7f\x04\xba\xcb\xcbCI\x04\x8d\
\xca9\xf0\x89\xc2\xc6\xed\x86\x19~\xa4\x8bz\xb2\xd5\x9b\
\xa4\x0d\x1a\xbe\x03\xe7\x8f\xbb\xa3\xbd\xc5W2\xed4W\
rX\xd9,O\x8aV5\xf1\xbd\xa5\xaek\x86`\x83\
\xc4\x15P\xf6\x97\x86d\xc28\xc2\xae\xd3\xba\xef\x15q\
\xe9\xa8\xdc~\xb4.'!\xde\xd3\x9bOrgC%\
\xc6\x81[\x1e\xce\xe2\x17\x8c\xd38\xec\xccr\xde?x\
\xadq\xc5`\xe2\xb8%`Jh\x02y$\x8b\x92W\
\xcc\x94%m\x8e\xd9\xe6%\x97\x06Pb\xbbm/\xed\
\x1a\x1a\xa8L\x8f\x8e\x9c\x134\x198\x83\x9b>\xb0\xd3\
<\xdb\xf8.\x89km\xa4R\xe9\xaa\x1a\xcf\xa8\xda\xeb\
Q%|\xdcSx\x1c\xf2\xea9\x1eK\x07\x158\x0a\
\x9c\x92.\x5cV\x0e+\x87\x15\xf3{\x83As\x88\x00\
u\x95 \x0a\x8c\x92.I\x5cF\xc9g\x9e:x\x22\
\x92i\xe5v\xecqF\xc2\xe7\xbc\xf6\x005%H\x1b\
;\xd9.(\xc6\x1d\x1d\x5c\x91\x9bE\xa5\xd9\x1f\x1a\xa9\
a\xdf\x91\xbf\xd3\x8fB{\xceC\xbdX\xed\x9f\xec\xef\
\x0c`\xa83\xb5Qt\x95\xaenR\xd6\xcf\x93\xe7\x7f\
\xde\xfa\xa3\x93r\x0a\x9dF!\x14\x19\x0c\xcf\x04\xbaj\
\x902\x0a\x14\xd9\xd6\xc1\xae\xd7^\x8e\xbf\x18L\xfbU\
\x19\xc9\xc2\x8a'\x03S \xf4\x9d\xa8\x8cr\x19\x9e\xe5\
a0\xce\x1e\xb2\xe1\xabcm\xd6+l\x144\xcd\xd4\
\xb66\xea\xe3\xda\xe7qq\xe6I+\xd4D\x86\xa2\xb2\
Z\x83\xacr\xe1\xb9Ps\xcb\xb6\xa2\xeb\xdc\xab\xa8\xad\
\xb4R\xd7\x5c*\xa0\xa4\xa5\x85\xbb\xd2M3\xc3\x18\xd1\
\xdaI\xd1E\xdbK\xdb\x8e\x1c\xc3.\x96\xdfe\x0d\xbe\
\xdd[\x9bKb~PB\xefNN\xb3\xe8\xb73\xdc\
\xab^9\xc6\x98\x93\x19\xd6\xf8\xce \xb9>v5\xd9\
\xc5K\x1f\x91O\x17\xaa\xce\xdeg3\xcd[\xa4\xc2e\
\x9fY\xda\xad\xf3\xf0P>@\xd55m+\xc2\x1a&\
t\x96\xfc\x09N\xd9\xdd\xabM\xce\xa5\x87\xa3\x1c\xe3\x8c\
\xea\xee\xf7d9\x15_\xaf7;\x8d\xe2\xe5%\xca\xef\
_Q_['\x9d4\xef\xdev]\x83\xa8\x0eC \
\xba\x84\xac3.{X\xd0\xe79\xe7u\xadh\xcc\xb8\
\xf6\x005'\x92\xd3\xd2\xd1EN-\x18\xeb\xbdP\x96\
bv\xa1+\x07\x15\xb3\xe2L\x09\x89p\xe6\x16\xa2\xc4\
7\xda1o\x86\xb6\xa3\xa0\x82\x9aS\x94\xe7\xc9.\xde\
s~\xa8\xd3\x819\xf2Z\xab\x8a\xb7\x1b\x9a\xf1v\x9b\
\xaa3<\xb7\x22\x84\xac\x09\xf2\x87x\xfc\xd1\xc5`O\
\x94;\xc7\xe6\xa7\x01/\x92E\x0ab/\xa4\x17\x1fj\
\x97\xe3+\xa0\xbb\xf8\x8b\xe9\x05\xc7\xda\xe5\xf8\xca\xe8/\
3\x7f\xd4V\xbd\xbfHE\xb3l\xb7\xe9\xf5\xa7\xfb\x8e\
\xf8\x1c\xb5\x95\xb3l\xbb\xe9\xf5\xab\xfb\x8e\xf8\x1c\xbe7\
hV)\xff\x00\x95\xbc\xc7\xaa\xb4\x11\x9f\x92g\xaa\x17\
\x04\xacc?$\xcfT.\x09N@^\xe1,\x99\xa1\
*\xc3\xf84\xff\x00\x0f\xa7\xfbJo\x85\x8a\xba\x92\xac\
O\x839\xcfg\xb5\x1fiM\xf0\xb1CV>R\xc9\
v\xa5\xf7\xa1<\xc7\xba\x94\x14\x1f\x8d\xb1I\xc2~\x10\
1WK!m\x0c\xf4PS\xd6\x8e\xae\x8d\xc5\xd9;\
\xee\x9c\x8fvjpU\x8b\xc2?#\xb4\xd9\x81\x19\x83\
C\x0e\x7f\xfeJ\xb5\x1b\x03\xdeZx,\x86\x07\x1bd\
\x9d\xcc~\xc2\xd2=\x15\x9ck\x9a\xe6\x874\x874\x8c\
\xc1\x07B\x14i\xe1\x0d\x85M\xf7\x07\x9b\xb5$[\xf5\
\xf6\x9c\xe6hh\xd5\xf0\xff\x00\xa8\xdf\xc0\x07\x0fW\x9a\
\xe3\xc1\xe7\x16\x1b\xf6\x12\xfd\x91Y.\xf5\xc2\xd3\xbb\x11\
.:\xc9\x09\xfd\xdb\xbf\x00Z}^jLsZ\xe6\
\x96\xb8\x074\x8c\x88#0B\x8fZ\x9e^\xf0\xa9|\
\xca\x0a\xae\xf6\x9f\x11\xf9\x0a\x8b\xef\x023\x070u\x0b\
\x12V\xd5\xb5\x9c.\xec#\x8d\xaa\xed\xacam\x14\xc7\
\xc6(\x8fWD\xe3\xe6\xfd\xd3\x98\xee\xc9jD\xad\x14\
d=\xa1\xc3aZ\xef\xea\x1b#C\xdb\xb0\xa1*\xdb\
l\x1b]\x91a\xefgw\xea9TbU\xb9\xd8'\
\xf0\x87\x0f{;\xbfQ\xca\x9e(>P\xe7\xecR<\
Y\xf7\x8cs\xfb\xaf\x86\xd16Q\x86\xb1\x7fIV#\
6\xcb\xab\x87\xff\x002\x99\xa0o\x9f\xea7\x83\xff\x00\
\xc1\xe6\xaa\xc6(\xb4\xd4a\xfcE_c\xaa\x96)\xa7\
\xa2\x98\xc4\xf9#\xcfu\xc7 s\x19\xeb\xc0\xab\xcc\xa9\
\x86\xd9\x0e[U\xc4\xbe\xda~\x16\xaep\x99^\xf7\x16\
\x13\x90\x0a\x85$\xef\xcd\xa4\xe4\xbcL7g\xad\xc47\
\xfa+%\xb8\xc4*\xeb$\xe8\xe32\xbbu\x83BI\
'\xb0\x00U\x99\xd9\xce\xc5\xb0\xe6\x191W\xdd\xb7o\
wV\xea$\x99\x9f#\x11\xf4#\xe1\x9f7f{\x94\
\x0b\xb1\x03\xf3\xb9\x87=\xa5\xdf\xa6\xf5r\xd7X\xadD\
\x8cp\x8d\xa6\xc0\x85\xc5T\xae\xbd\x81D^~#\xbd\
[0\xf5\x96\xa6\xf3x\xaam-\x0d3w\xa5\x95\xc0\
\x9c\xb3 \x0d\x06\xa4\x92@\xc8*\xdf\xb4\x9d\xbe^.\
\xfd%\x06\x10\x8aK=\x11\xf2Md\x80\x1a\x99\x07\xa2\
8F?\x13\xdc\x96\xd2\xd1KRu\x06\x5cw*D\
\xd9M\xdbD\xdaV\x16\xc0\xf0\x96\xdd+:j\xf77\
8\xa8)\xf2|\xcf\xec\xcc}Q\xcd\xd9\x05Zv\x93\
\xb5\xdcU\x8c\xfaJA1\xb4Z]\x98\xf1:g\x9d\
\xe9\x07\xf5$\xd0\xbb\xb8d9\x15\x1f\xcd#\xe5\x9aI\
\xe6\x92If\x95\xdb\xd2I#\x8b\x9e\xf3\xda\xe2u'\
\xbd|\x9cV\x9a\x8f\x0b\x8a\x0dc\x9b\xb8\xfd\x95y$\
M\x1a2h\x00\x0e\xa0\xb0{\x83A$\x80\x07\x12W\
\xb5\x83\xf0\xae!\xc5\xf7/\x10\xc3\xb6\xd9k$i\xca\
Y|\xd8a\xe6\xf7\x9d\x07v\xa7\xb0+#\xb3=\x81\
\xd8,.\x8a\xe3\x8a\x1f\x1d\xfa\xe4\xd2\x1c\xd8\x9c\xcc\xa9\
a<\x98|\xf3\xcd\xdf\x80V*\xab\xa1\xa5\x1a\xe7>\
\x1b\xd5`\xd7\xc8rP^\xcd\xf6W\x8b1\xd3\xd9Q\
EM\xfb>\xd4O\x95p\xabi\x0cp\xfe\x9bx\xc8\
y\x8c\x875g6k\xb2\x8c)\x81\x9a\xca\x8aJc\
]u\xdd\xc9\xf7\x0a\xa0\x1d'=\xc1\xc1\x83\x93}\xe4\
\xad\xf1\x8dk\x1a\x18\xc6\x86\xb5\xa3 \x00\xc8\x00\xb9Y\
\x8a\xccRj\x9d]\x8d\xe0=\xd5\xa8\xe9\xda\xcc\xf6\x95\
\x03xg\xfd\x0e\xb0\xfd\xa4\x7fI\xca\xae8\xabE\xe1\
\xa2r\xc1\xb6\x1f\xb4\xcf\xe99U\xa2V\x9f\x03\x1f\xd9\
\xb7\x99\xf5HqG\xdar\x10\x95\x8e~P\xef\x1f\x9a\
\xe0\x95\x86~S{\xc7\xe6\x9d\x00\x92I\x22\x86\xf1\x1f\
\xd2\x1b\x97\xb5\xcb\xf1\x95\xd0]\xfcG\xf4\x86\xe5\xedr\
\xfcet\x17\x97\xc9\xf5\x15\xbeg\xd2\x11l\xbb.\xfa\
{j\xfe\xe3\xbe\x07-il\xbb/\xfayj\xfe\xe3\
\xbe\x07.[\xb4)\xe0\xfeV\xf3\x0a\xcd\xc6~I\x9e\
\xa8\x5c\x12\xb0\x8c\xfc\x8b=P\xb8%>\x01{\x1c\xb2\
f\xb9%X\xbf\x06S\x9e\xcf*>\xd2\x9b\xe1b\xae\
.*\xc6\xf81\xff\x00\x0e\xea>\xd3\x9b\xe1b\xafX\
>R\xcbv\x91\xf7\xa3\xb7xR\x92\xac\x1e\x12\x07-\
\xa7\xcb\xecP\xff\x00\xc9Y\xf5W\xbc$\x8e[Q\x97\
\xd8a\xff\x00\x92\xad\x87\x8b\xcb\xd1fp7Z\xa4\x9e\
\xe3\xec\xb5\xbd\x9b\xe2\x890\x861\xa3\xbco;\xc5s\
\xe8k\x1a>\xb4.>W\xfbtp\xeeW\x0a\x09c\
\x9e\x08\xe7\x85\xed\x92)\x1a\x1e\xc7\xb4\xe6\x1c\x08\xcc\x10\
\xa8\xb3\x8ej\xc7\xf83\xe2\xdf\xda\xb8n\x5c3Y)\
ue\xa4\x0e\x84\xb8\xea\xfar|\x9f\xf6\x9f'\xbbu\
Z\xc4 \xbb~ \xdd\xb5Z\xc6\xa0\xd3\x02a\xb4m\
\xe4\xbdO\x08L&q\x16\x09}}$[\xf7\x1bV\
u\x11d5|y|\xa3=\xe0g\xde\xd0\xaa\xb6\xf0\
p\x0e\x070u\x0a\xf9\x10\x08 \x80A\xe2\x0a\xa7\xbb\
g\xc2\x87\x08c\xaa\xaaHc-\xb7\xd5\xe7UDz\
\x83\x5c|\xa6}\xd7f;\x88]as^\xf1\x1e\x8a\
\xa6\x1dSf\x98\x8fE\xa6\xb8\xabw\xb0?\xe1\x06\x1d\
\xf6w~\xa3\x95@qV\xfb`?\xc1\xec;\xec\xee\
\xfdG)\xb1a\xf2G?b\xb9\xc4\x1fv\x0ekz\
T\xbbl\xa7\xe7[\x12\xfbi\xf8Z\xae\x8a\xa5{f\
?:\xf8\x9b\xdbO\xc2\xd5_\x06\x17\x95\xdc\xbd\xd2\xf8\
]\xa2J\xfb\xec8\xfc\xee\xe1\xcfiw\xe9\xbd\x5c\xd5\
K\xf6\x1a~w\xb0\xdf\xb4\xbb\xf4\xde\xae\x821\xaf\xe5\
o/r\xb9\x91\xdaEG\x9e\x11\xdalj\xfd\xeaE\
\xfa\xacT\xe0\x95q\xbc$H\x1b\x18\xbf\x13\xfc\xb1\x0e\
\xff\x00\x96b\x82\xf6o\xb0\xfcO\x8a::\xeb\xd7I\
`\xb5;'\x03+3\xa9\x94z,>h\xe6\xef\xc0\
\xab\x98L\xd1\xc3L\xe7Hl/\xec\x15Y\x09\xbd\x82\
\x8c(ik.5\xf1[\xed\xd4\x95\x15\xb5\x93\x1c\xa3\
\x82\x08\xcb\xde\xfe\xe0?>\x0av\xd9\xaf\x83\xcdEG\
Eq\xc7u\x06\x08\xf4p\xb6R\xc9\xe5\x1eR\xc88\
z\xac\xff\x00r\x9bp.\x07\xc38*\x84\xd2\xd8-\
\xac\x81\xcf\x19KP\xff\x00.i\xb9\xbd\xe7S\xdd\xc3\
\xb0-\x91W\xab\xc6\x9e\xfdXr\x1cw\xfe\x17\xc6\xc2\
6\xb9t\xac\x96\x9be\x92\xdb\x15\xb6\xd1COCG\
\x08\xc9\x90\xc0\xc0\xd6\x8fp\xeb\xe7\xc4\xae\xea\xc6Y#\
\x86'\xcb,\x8d\x8e6\x02\xe7=\xc7 \xd08\x92z\
\x82\x846\x9d\xe1\x0bd\xb3t\xd6\xec\x1f\x14w\xbb\x83\
si\xaa$\x8aH\x8fx\xd6C\xc9\xbasK \xa6\
\x9a\xa9\xf6\x8c\x5c\xfe\xed+\xa9fd-\xbb\x8d\x94\xe3\
\x98\xcc\x0c\xc6e\x15e\xf0c\xc4\xf8\x83\x15\xedz\xed\
r\xc4WY\xeb\xea?d808\xe5\x1cC\xa5f\
\x8c`\xd1\xa3\xbb^\xd2U\x9a]V\xd2:\x92O\x86\
\xe3se\xcd<\xe2vi\x80\xa0O\x0d3\x96\x0c\xb0\
\xfd\xa6\x7fI\xca\xac\x12\xad/\x86\xb7\xd0\xcb\x07\xdag\
\xf4\x9c\xaa\xbb\x8a\xd8\xe0#\xfb6\xf3>\xab-\x8c\xbe\
\xd5$rBV#\xceoxB\x8d\xf3\x9b\xde\x13\xbb\
$Nu\xca\x87q\x1f\xd2\x1b\x97\xb5\xcb\xf1\x95\xd0]\
\xfcG\xf4\x86\xe5\xedr\xfcet\x17\x95\xc9\xf5\x95\xe9\
l\xfaB-\x93fN\x0d\xc7v\xb2xt\x8e\xf8\x1c\
\xb5\xb5\xd9\xb6V\xcfn\xaf\x86\xb6\x95\xe5\x93B\xed\xe6\
\x95\xc867R1\xda.\x0e\xe0\xad\x84N\xce\x16\x1f\
D~K\x82W\xc6\x8ex\xea)c\x9e\x12\x0cOh\
s\x089\x82\xd3\xa8\xff\x00\x19,\xdcV\x89\xa2\xeb\xd5\
_0va\x1cU\x90\xf0`\xfe\x1dT}\xa77\xc2\
\xc5[\x1cU\x91\xf0^\xd7g5\x1fi\xcd\xf0\xb1W\
\xae\x1f'\xaa\xcec\xcf\xbd-\xbb\xc2\x95U[\xf0\x93\
?:R\xfb\x0c\x1f\xf2V\x91U\x9f\x09c\xf3\xa7/\
\xb0\xc1\xff\x00%S\x0d\x17\x9b\xa2\xcfa&\xd3\x9e_\
e\x1b9\xcb\xd8\xc0\xd8\x92\xa3\x09\xe2\xca\x0b\xf4\x1b\xce\
m;\xf7j#\x1f\xeaB\xed\x1e\xdf\xc3Q\xcc\x05\xe2\
\x12\xb0%?,\x0e\x04\x1d\x89\xd4\xcf\x0e\x04\x15{\xe8\
j\xa9\xeb\xa8\xa0\xad\xa4\x95\xb2\xd3\xcf\x1bd\x89\xed\xe0\
\xe6\x91\x98?\x82\xd0< 0\x81\xc58\x16i\xe9\x22\
\xdf\xb9Z\xf3\xaa\xa6\xc8j\xf0\x07\x97\x1f\xbd\xbf\xe4\x05\
\xacx-\xe2\xff\x00\x1d\xb3\xd4`\xfa\xc93\x9e\xde:\
Z2N\xae\x80\x9d[\xf7\x5c\x7f\x02;\x14\xd8\xb3O\
k\xe9'\xef\x0b0\xe0a\x93-\xca\x81\x87\x8749\
\xa70Fa\x5c\x1f\x07\xff\x00\xe0\xee\x1c\xf6w~\xa3\
\x95v\xdb\xa6\x11\xff\x00\xa41\xedLT\xf1\xee[n\
9\xd5\xd1\xe44ng\xcb\x8f\xee\xb8\xfe\x0e\x0a\xc4\xf8\
?\x7f\x070\xe7\xb3\xbb\xf5\x1e\x9a\xe2ol\x94\xcd{\
v\x13\xecT\xd5\x12i\xb4-\xedR\x8d\xb4\x1f\x9d\x9c\
M\xed\xc7\xe0j\xba\xea\x92\xed\xa4\xfc\xedbon?\
\x03TX \xf9\xae\xe5\xee\x15=-\x15\xf7\xd8Y\xf9\
\xdf\xc3~\xd2\xff\x00\xd2z\xbaj\x95l(\xfc\xf0a\
\xafi\x7f\xe9=]Tc\x82\xd37\x97\xb9\x5c\xb5\xda\
K\x09\xa2\x8af\x06K\x1b$h!\xd99\xa0\x8c\xc1\
\xcc\x1f\xc5f\x8b]\xc7X\xdb\x0d`\xabw\x8eb\x0b\
\x9ct\xdb\xc0\xf4P7\xca\x9ac\xd8\xc6\x0dO\x7f\x01\
\xd6BP\xc6:G\x06\xb4\x5c\xaf\xa4\x86\x8b\x95\xb1(\
\xefi\xbb_\xc2x\x1cII,\xe6\xe7wh\xd2\x82\
\x95\xc0\xb9\xa7\xfa\x8e\xe1\x18\xef\xd7\x91P>\xd3v\xf1\
\x89\xb17KA`\xe90\xfd\xa9\xd9\xb4\x98\xdf\x9dT\
\xc3\xd2x\xf3\x07&\xeb\xe9(\x83A\x99\xeb'2N\
\xa4\x9e\xd3\xda\xb4TX\x09:\xd5\x07\xa0\xf7?d\xae\
\xa3\x11\x0d\xca?\x15\xba\xed'i\xd8\xaf\x1d\xca\xe8\xee\
\x95\x9e+m\xcf6[\xa9Il#\xb3|\xf1\x90\xf7\
\xe9\xd8\x02\xd2\x09\xc8d8!+f\xd9\xfe\x01\xc5X\
\xee\xb3\xa1\xc3\xf6\xf2\xeaf\xbbvZ\xe9\xf3e4]\
\xee\xcb\xca>\x8bs+H\xd6\xc5M\x1e\xe6\xb4$\x92\
I$\xcf\xb0\xcc\x95\x22x\x1b\x1f\x9c\xcb\xaf\xd9\x07\xf5\
X\xad\x9a\x8dv3\xb2+F\xce\xbaZ\xf1[=\xca\
\xf3S\x0fE=K\xbc\x88\xda\xcc\xc1,c\x07\x01\x98\
\x1a\x9c\xce\x9d\x5c\x14\x94\xb1\x18\xb5Lu5%\xf1\xec\
\xc9h\xf0\xf8_\x0c!\xaf\xda\xa0\x1f\x0d\x7f\xa1v\x1f\
\xb4\xcf\xe99UUj\xbc6>\x85\xd8~\xd3?\xa4\
\xe5UV\xb3\x00\xff\x00D\xdeg\xd5e1\xd3\xfd\xd9\
\xe4=\x11r\xdf=\xa3\xd2\x1f\x9a\xe1a4\xcc\xa6\x8d\
\xd52y\x90\x83+\xfdV\x8d\xe3\xfe\x01N\x1e\xe0\xc6\
\x97\x1d\xc9K\x1a^\xe0\xd1\xbdD8\x8f\xe9\x0d\xcb\xda\
\xe5\xf8\xca\xe8/\xa5L\xcf\xa8\xa9\x96y\x0eo\x91\xe5\
\xee<\xc9\xcc\xaf\x9a\xf2\xa7\x1b\x92W\xa6\xb4X\x00\x88\
\x88\xbe/\xaa\x7f\xd8\xe5\xe4\x5c\xf0\x844\xefx3\xd1\
|\x83\xc7^C\xcc=\xdb\xb9\x0f\xbaV\xe6J\xae\xdb\
3\xc4_\xf4\xf6\x22c\xe7~\xed\x1dH\x11O\xd8\xdf\
\xe5\x7f\xb8\xf1\xe4\x5c\xac#^\x1e\xc0\xe6\x9c\xc1Oh\
\xa4\x12Gm\xe1m0\xba\xdf\x8dN\x1av\xb7/\xb2\
\xc8\x95\xbe\xec\xa7j\x15\xd8\x1e7\xdb\xa5\xa1eu\xa2\
Y\x8c\xaf\x8d\x87vh\xdcr\x05\xcd'Gp\x1eI\
\xec\xe2\x14~J\xf9\xb8\xab\x8e\x89\xb27E\xc3%\xdd\
Hd\xad-x\xb8WK\x06\xe2\xfc?\x8bhMU\
\x8e\xe1\x1dAh\x1d,'\xc9\x96#\xd8\xe6\x1dG\x7f\
\x0e\xc2\xab\xaf\x84\xb9\xcbj\x93{\x0c\x1f\xf2Q\xdd\x0d\
me\xba\xb6:\xebu\x5c\xf4uq\x1c\xd94\x0f,\
{}\xe3\xab\x97\x05\xdc\xc5\x98\x8e\xe9\x89\xee\x8c\xba^\
$\x8eZ\xc1\x03 t\x8cf\xe6\xf8ny8\x8e\x19\
\xeb\xaeY\x0eJ\x0az\x1f\x83.\x9bNI,t\xa2\
\x9e]&\x9c\x97\x94J\xc0\x95\xc3\x8a\xc1\xc53\x01u\
$\x8b\xd6\xc27\xfa\xac/\x89\xe8/\xd4y\x99)%\
\x0es\x01\xfd\xe4gG\xb3\xde\xdc\xff\x00\xc2\xbbv{\
\x8d%\xde\xd5Kt\xa0\x94MKU\x13e\x89\xe3\xad\
\xae\x19\x85B\xc9V\x0f\xc1K\x18\xf4\x94\xf5X&\xb6\
_.\x0d\xea\xabyq\xe3\x19>\x5cc\xb8\x9d\xe1\xc9\
\xc7\xb1-\xc5i\xb4\xe3\xf8\xa3h\xf4J\xeau\xb3[\
\xd6\xdfpq\xc5\xd8\x0eqI\x10}\xce\xdcMU\x1e\
\x5c\x5c@\xf2\xa3\xfb\xcd\xccw\xe4\xbe\xbe\x0fN\x0f\xd8\
\xce\x1ap\xe0i\x9c\x7f\xfd\x8f[\xea\xe9\xd9\xad\x94V\
{{h-\xf0\x88i\x98\xf7\xbd\x91\x8e\x0d/yy\
\x03\x96n)'\xc7&\x0f\x84x\xdcy\xaa\xb7\xca\xcb\
\xb8\xa9\x1e\xda\x8f\xce\xde'\xf6\xe3\xf05]\xc5H6\
\xd8~w1G\xb7\x1f\x81\xa9\xa6\x02>s\xb9{\x85\
\x04\xee\xd1j\xfb\xec$\xe7\xb6,5\xed/\xfd'\xab\
\x9bw\xb9[\xed\x16\xf9n\x17J\xdaz*H[\xbd\
$\xd3\xc8\x18\xc6\x8e\xf2\xa8\x86\x0d\xbf\xcd\x85\xf1M\x06\
 \xa6\xa6\x8e\xa6j'\xb9\xf1\xc5#\x8bZ\xe2Z[\
\xa9\x1a\xe5\xae~\xe5\x966\xc6\x18\x8f\x19\x5c\x05f\x22\
\xb9\xc9VZs\x8a\x06\x8d\xc8!\xf5\x184\x1d\xe73\
\xcd3\xae\xc3\x1dW;]{4\x0fr\xaa6\xa8F\
\xd3\xc5M[M\xf0\x89s\xba[n\x02\xa7\x01\xba\xb4\
\xdd*\xa3\xe3\xce(\xcf\x1fY\xff\x00\xed*\xbf]+\
\xeb\xae\x97\x09n7:\xda\x8a\xea\xd9NrO<\x85\
\xefw\xbc\xf0\x1c\x86\x8b\xaeJ\xc5\xa1\xf2J\xc8\xa2c\
\xe4\x96G\x06\xc7\x1b\x1a\x5c\xe7\x93\xc0\x005'\x90L\
\xe9h\xa1\xa6m\xa3\x1dw\xa5\xb5\x15.\x90\xe6W\x04\
\xae\xdd\x8a\xd3v\xbf\xdd\x19k\xb1\xdb\xaan5\xaf\xd4\
C\x037\x88\x1d\xae<\x1a9\x92\x02\x97\xf6e\xe0\xf7\
}\xbe\xf4W\x0ca,\xb6;y\xd4R3#W(\
\xf4\xb8\x88\x87\xe2\xeeAYl\x1f\x850\xf6\x11\xb5\x8b\
n\x1e\xb5\xc1C\x07\x17\x96\x0c\xdf!\xfeg\xb8\xea\xe3\
\xcc\x95F\xb3\x1a\x86\x0dX\xf5\x9d\xe5\xe3\xf6]C\x87\
\xc96o\xc8y\xa8Wf\x1e\x0ett\xdd\x15\xcb\x1e\
\xce\xca\xe9\xfc\xe6\xdb)\xdcz\x06\x7fq\xfa\x19\x0f!\
\x93{\xd4\xfdCIKCI\x15\x1d\x1544\xd4\xd1\
7v8\xa2`c\x18;\x00\x1a\x00\xbe\xcb\xe3_W\
IAG-euL4\xb4\xd0\xb7zI\xa6xc\
\x18;I:\x00\xb2\xb55\x93U\xba\xf2\x1b\xf7n\xe8\
\x13\xa8i\xe2\xa7m\x98,\xbe\xcb\xc6\xc6\x18\xab\x0f\xe1\
\x1bS\xaex\x86\xe9\x05\x058\xd1\xbb\xe7\xca\x90\xff\x00\
+\x1a5q\xe4\x02\x846\xa3\xe1#EK\xd2\xdbp\
\x15;k\xa7\xd5\xa6\xe5P\xd2 a\xfe\x9b4/<\
\xceC\xd6\x0a\xb7\xe2\x1b\xdd\xe3\x11]\x1ft\xbe\xdc\xaa\
n5\xaf\xe3,\xce\xcf!\xd8\xd1\xc1\xa3\x90\x00&\xf4\
=\x9f\x96k:mV\xf9\xfe:\xf8%U\xb8\xe4P\
\xdd\xb1k\x1f%#\xed\xf7k\x8c\xda1\xa5\xb6[\xad\
n\xa3\xb5QNf\x8aY\xcf\xcb\xcc\xec\x8bs h\
\xc6\xe4xjy\xf5(\xa1\x11l)\xe9\xe3\xa7\x8cG\
\x18\xb0\x0b%QP\xfa\x89\x0c\x92\x1c\xca-w\x1f\xd7\
\x8a;\x0c\x915\xd9KRz\x16\xeb\xae\x5c^G\xbb\
&\x9f]l.;\xa3==\xe7%\x14\xe2\xeb\xb0\xbb\
]\x9d$N&\x9a!\xd1\xc3\xd5\x98\xebw\xbc\xe6{\
r\xc8u%x\xf5`\x82\x98\xc6>\xa7e\xd3\x7f\xd9\
3\xc1)\x0c\xd3\xfcC\xb1\xb9\xf5\xdc\xbcdDX%\
\xb6DDB\x11K\xbb#\xc6\x22xY`\xb9H\x04\
\xd14\x0ag\x9f\xae\xc0<\xd3\xcc\x0f\xc4\x0e\xd1\xacD\
\xb2\x8d\xef\x8aF\xc9\x1b\xdc\xc7\xb0\x875\xcd9\x10G\
\x02\x0a\x9a\x09\x9d\x0b\xf4\x82\xb1MP\xeaw\xe9\xb5Z\
b\xec\xf8\x15\x81*1\xc0\xbbF\x8eF2\xdf~{\
c\x90h\xca\x93\xa3_\xebu4\xf3\xe1\xdb\x97\x5c\x91\
\x1c\xd1\xcd\x18|Ok\xda@ \x83\x9e\x87\x81ZZ\
y\x993n\xd2\x9f6\xad\x936\xed+7\x15\x83\x8a\
\x12\xb0%[\x01W\x92D%`\xe2\x84\xac\x09R\x00\
\xa8\xc9\x22\x12\xbb\x98z\xf3[\x87\xaf\xf47\xcbs\x88\
\xaa\xa1\x98J\xc1\x9e\x8f\x1fY\x87\x93\x86c\xde\xba\x04\
\xaf\x9b\x8a\xef@\x11b\xa8\xc9\x22\xbf8j\xf1E\x88\
,\x147\xabt\x82JZ\xc8[,g\xb0\x11\xa8<\
\xc1\xcc\x1eaz\x0a\xb9x%\xe31\x15UV\x06\xae\
\x97\xc9\x97z\xae\xdcI\xeb\xe3,c\xe3\x1fyX\xd5\
\x8c\xac\xa64\xd3\x16\x1d\x9b\xb9(\xda\xed!tTw\
m\xa7\xe7w\x14{q\xf8\x1a\xaf\x12\xa3[n?;\
\xd8\xa3\xdb\x8f\xc0\xd4\xd3\xb3\xe3\xe7;\x97\xb8U+]\
\xa2\xc0\xb5\x02W\xcd\xef\x0d\x05\xce \x01\xc4\x95\xe8\xe1\
\xbb5~#\xbf\xd1X\xadm\x89\xd5\xb5\xb2tp\x89\
_\xba\xcc\xf2$\x92z\x80\x00\x95ivc\xb0<7\
\x86\xdd\x15\xc7\x119\x98\x82\xea\xdc\x9c\xd1+2\xa6\x85\
\xde\x84g\xce>\x93\xb3\xe4\x02\xd0U\xd7\xc3F5\xf6\
\xf0K#\x86I\xce\xae\xce*\x08\xd9\x9e\xc8\xb1n9\
1\xd5\xc5NmVw\x1c\xcd}[\x08\xdf\x1f\xd3g\
\x17\xf7\xe8\xdej\xd0\xec\xd7e\xb8O\x02D\xd9-\xb4\
~3r-\xcaK\x85NO\x99\xdd\xa1\xbdL\x1c\x9b\
\x97<\xd6\xf0\x00\x00\x00\x00\x03@\x02,\xa5n+=\
V\xae\xc6\xf0\x1e\xfcSX(\xa3\x87=\xa7\x8a\x22\xd3\
v\x91\xb4\xbc'\x80\xa9w\xafU\xe1\xf5\x8enqP\
S\xe4\xfa\x89>\xef\xd5\x1e\x93\xb2\x0a\xadmGm\xd8\
\xb7\x1at\xb44\xb2\x1b\x15\x9d\xd9\x8f\x15\xa5\x90\xf4\x92\
\xb7\xfa\x92hOsr\x1d\xb9\xaf\xb48MEf`\
Y\xbcO\xb7\x15\x0df'\x05(\xb3\x8d\xcf\x00\xa7\xed\
\xa9\xed\xd7\x0a\xe0\xf35\xbe\xda\xe6\xdfo,\xcd\xa6\x0a\
y\x07E\x0b\xbf\xa9&\xa0z\xa33\xdc\xaa\xd6\xd0\xf6\
\x83\x8a\xb1\xddgM\x7f\xb8\xb9\xd4\xcdv\xf4TP\xe6\
\xcax\xbb\x9b\xd6}'fV\xaa\x00\x03 \x00\x08\xb6\
48U=\x1em\x17w\x13\xed\xc1d\xabqI\xea\
\xb2&\xcd\xe0\x11\x11\x134\xb5\x10\x90\x01$\xe4\x02\xe1\
\xefk\x1aK\x88\x00\x02\xe2I\xcb 8\x93\xd89\xad\
7\x15b\xf8\xe3c\xa9-2\x09&\xcf'T7\xcd\
\x8f\xd4\xedw\xa5\xc0ug\xa1\x14\xebk\xe1\xa3f\x94\
\x87=\xc3yW(\xe8e\xab}\x982\xdew\x05\xc6\
>\xbf\x88\xe3}\xa6\x91\xe7\xa6p\xcaw\x0d:6\xff\
\x00'\xacz\xfb\x06\x9cI\x03C\x5c\x92I$\x92I\
\xd4\x92\xb8^{YW%\x5c\xa6G\xff\x00\xe0[\xba\
ZVR\xc4#b\x22\x22\xaa\xac\xa2\x22!\x08\x88\x88\
B/w\x0c\xe2\xab\xbd\x82F\x8aY\xfaJ`s4\
\xf2\x92Y\xcf.\xb6\x9e\xee:g\x9f\x05\xe1\x22\xe9\x8f\
s\x0e\x93M\x8a\xfa\xd7\x16\x9b\x859\xe1\x5cmj\xbe\
\x06B_\xe2\xd5\x87N\x82C\xab\x8f\xa2x;\xf3\xe4\
\xb6]\xe0F`\x829*\xce\xb7\x1c1\x8f\xae\x96\xc2\
\xd8k\xcb\xab\xa9\x86C7;\xe5\x1a9;\xebw\x1f\
q\x09\xdd.,>\x99\xbcT\xff\x00\xd4\x125\x94\xc8\
J\xc0\x95\xe6X\xef\xf6\xcb\xcd?MER\xd7\xe5\xe7\
0\xe8\xe6w\x8e#\xbf\x87a+\xd0%?\x8d\xcdx\
\xd2i\xb8PI\x228\xac\x1cQ\xc5`J\x9c\x05F\
I\x17j\xd3r\xad\xb3\xdd\xa8\xee\xf6\xe9::\xca)\
\x9b<\x0e\xea\xdei\xe0y\x1dA\xe4J\xbd8\x13\x13\
\xdb\xb1~\x18\xa2\xbe[ec\x99Q\x182F\x1c\x0b\
\xa1\x93/)\x8e\x1dD\x1d\x15\x09%z8c\x11\xdf\
0\xbd\xd0\x5c\xf0\xf5\xce{}N\x9b\xe63\x9b%\x03\
\xa9\xec>K\xc7x\xee\xc9R\xc40\xe1X\xd1cg\
\x05\x03*\xbe\x19\xcfb\xfd\x01Tcn\x07\xe7\x7f\x14\
\x8f\xfe\xf9\xf8\x1a\xa7-\x99\xf8C\xd9\xee\x86+v4\
\x86;5i\xc9\xa2\xb6<\xcd$\x87\x9ez\xc6{\xf3\
\x1c\xd4\x0f\xb6\xb9b\x9bkX\x9ahdd\xb1>\xb7\
y\x8fc\x81k\x81cr \x8e!Q\xc1\xa9%\xa7\
\xa9{dm\xb2\xf7\x0a:\xfa\x86> Zw\xae\xd6\
\xc0\xcf\xcf6\x18\xf6\xa7\xfe\x93\xd5\xe3T_a3E\
\x06\xd8p\xdc\xf3\xca\xc8\xa2\x8e\xa1\xee{\xde\xe0\xd6\xb4\
\x08\x9f\xa9'@\xa6\xdd\xa8xFZm\x9d-\xbb\x04\
C\x1d\xe2\xb0f\xd3]&b\x963\xe8\xf5\xc8{\xb2\
o2\xbe\xe3\x14sT\xd51\xb16\xf9t\xdaTt\
\x15Q\xc3\x0b\x9d!\xb6~\xc1L\xf8\x9f\x11Y0\xc5\
\xa9\xf7K\xfd\xce\x9a\xdfH\xcf\xf5&v[\xc7\xb1\xa3\
\x8b\x8f \x09U\xa7j>\x11\x97K\x98\x96\xdb\x81\xe0\
}\xae\x90\xe6\xd7\x5c'h5\x0f\x1e\x83xF9\x9c\
\xcfr\x86qV#\xbeb\x8b\xab\xae\x98\x86\xe7=\xc2\
\xac\xe7\xba\xe9\x0f\x93\x18\xfeV4h\xc1\xc8\x05\xe4\x12\
\xafP`0\xc3gK\xac\xef/\xcf_\x04\xb6\xbb\x1b\
\x92MX\xb5G\x9a\xce\xa6i\xaaje\xaa\xa9\x9eZ\
\x8a\x89\x9d\xbd,\xd2\xbc\xbd\xefwk\x9cu%|\xd1\
\x16\x80\x0b,\xf3\x9c\x5cnQ\x11t\xae\xd7J+]\
8\x9a\xb6q\x18p\xcd\x8d\xcb7I\xea\xb7\xaf\x87\x1d\
\x07i\x0b\x89edM/y\xb0]\xc5\x13\xe5v\x8b\
\x05\xca\xee\x92\x00\xcc\x9c\x82\xf1/\xf8\x92\xdfi\xce7\
\xbc\xcdP?\xd1\x8c\x82\xe0}#\xc1\xbc:\xf3<\xba\
\xd6\xa1~\xc6\x15\xd5\xbb\xd0\xd0\xefQ\xc1\xa8\xdek\xbe\
U\xe3\x99\xfa\xa3\x90\xed\xc8\x92\xb5\x95\x96\xaf\xed\x15\xee\
\xcaa\xd4\xfb\x0f\xbf\x82\xd3Q`\x00Y\xd5\x07\xa0\xf7\
+\xd6\xbeb\x0b\x8d\xd9\xc5\xb3I\xd1S\xe6\x08\x82<\
\xc34\xeb=n<\xceyg\xa6CE\xe4\xa2,\xbc\
\x92>G\x17<\xdc\x95\xa3c\x1b\x1btZ,\x11\x11\
\x17\x0b\xb4DD!\x11\x11\x08DDB\x11\x11\x10\x84\
DD!}i*j)*\x19QK<\x90L\xcd\
Z\xf8\xdcZG\xbc-\xff\x00\x0c\xed\x0c\x8d\xdak\xdb\
@\x1c\x05Dm\xd3\xef4~m\xff\x00j\x8e\xd1X\
\xa7\xaa\x96\x9d\xd7\x8c\xfd\x97\xc748f\xac\x15%e\
=d\x0c\x9e\x9afK\x1b\xc7\x92\xe68\x10{r#\
\xff\x00\xe0\xbe\x84\xa8&\xcdx\xb8\xda&\xe9(j\x1c\
\xc0No\x8c\xea\xc7\xf7\x8f\xfd\xf1\x1dD)\x17\x0e\xe3\
\x8a\x0b\x86\xec5\xb9Q\xd4\x1d2{\xbc\x87\x1eN<\
;\x9d\xf8\x92\xb4\xf4X\xc43j\xc9\xaa|\x92\xea\x88\
\x1e\xd1v\xe6\x16\xdcJ\xc0\x95\x88xvy\x1e\x1a\x10\
FDw\x8e\xa5\x89)\xe8\x09<\x92#\x8a\xc3F\x80\
\x00\x00\x0e\x01rJ\xf9\xb8\xa9@T$\x91\x1f\x93\x81\
\x04f\x0f\x10V\x04\xf5#\x8a\xc4\x95 \x0a\x8c\x92!\
+\x84\x5c\x13\x97i=\x83\x8a\xebb\xaf\x9b\x8a\xe5|\
\xea'\x86\x9e\x17\xcd<\x8c\x8e&y\xefy\xc9\xad\xef\
?\xfa\xe2z\x96\xb9~\xc6\x144;\xd0\xd1\xee\xd6\xd4\
\x0d<\x97|\x93{\xdc<\xee\xe6\xf6\xf9\xddKD\xbb\
\xddk\xee\xb3\x09+j\x0c\x9b\xb9\xee0\x0c\x98\xcc\xff\
\x00\x95\xa3A\xff\x00\xbe\xb4\x86\xbb\x1f\x86\x0b\xb6\x1dg\
y~zx\xa7\x94X\x1c\xb3Y\xd2\xea\x8f?\xc2\xda\
\xef\xf8\xd8\x02\xe8-\x0c\x0e \xe5\xe3271\xf7X\
\x7f7v\xf9\xa0\xad*\xa6y\xeagt\xf53I4\
\xaf9\xb9\xefqs\x8fy+\xe6\x8b!UY5S\
\xb4\xa5u\xfd\x16\xae\x9a\x92*f\xe8\xc6,\x88\x88\xaa\
\xab\x08\x88\x88B\x22\x22\x10\x88\x88\x84\x22\x22!\x08\x88\
\x88B\x22\x22\x10\x88\x88\x84\x22\x22!\x08\x88\x88B\xf7\
p\xfe(\xb9ZK\x22\xdf54\xcd\xd0D\xf7j\xd1\
\xe8\xbb\xab\xafM[\xaey\x15\xbe\xdaqm\xa2\xbd\x80\
\x1a\xa6S\xcax\xc79\x0c#\xde|\x92=\xe0\xf2\x0a\
%D\xca\x8f\x15\xa8\xa5\x1a-7\x1c\x0a\xa7QC\x14\
\xf9\x9c\x8f\x10\xa7]\xf0X\xd7\x8c\xf7\x1d\xe6\xb8\x8d\x1d\
\xdcz\xd6\x1b\xed<\x1c\x0fqP\xad\x1dm]\x1b\xf7\
\xe9*e\x81\xd9\x11\x9b\x1eFy\xf1^\xac\x98\xbf\x11\
\xc9\x18\x8d\xf77\x96\x80\x00\xf96us\xc9<\x8b\xb4\
\xb1\xff\x00\xc8\xc3\xd0\xdf\xec\x93M\x81H~\x87\x8e\xbf\
\xa5Jnp\x1cH\x1d\xe5p\xe7\x06\xc6\xe9\x09\xc9\x8d\
\xf3\x9e|\xd6\xf7\x9e\x03\xde\xa2\xe6c\x0cH\xc8\xcb\x1b\
sxi\x19i\x1b3\xfcr^Eee]d\x9d\
%]L\xd3\xbb\xb6G\x97~k\xec\xbd\xa6`\x1f.\
3\xd4\xff\x00\xea\x8a>\xce\xbc\x9f\x98\xff\x00\x05%\xdd\
\xb1U\xa6\x85\xa46\xa0UJ8G\x01\x0f\xfc]\xe6\
\x81\xcc\x12Gb\xd1\xef\xd8\x92\xe3u\xde\x89\xcf\xf1z\
W\x7f\xa3\x199;\xb3x\xf1w\x01\xcb>\x00/\x15\
\x12*\xccZ\xa6\xaf'\x1b\x0e\x03g\xe5:\xa4\xc3)\
\xe9sh\xb9\xe2Q\x11\x12\xd4\xc1\x11\x11\x08DDB\
\x11\x11\x10\x84DD!\x11\x11\x08_\xff\xd9\
\x00\x00\x05\xa5\
<\
svg height=\x2248\x22 \
width=\x2248\x22 xmlns\
=\x22http://www.w3.\
org/2000/svg\x22 xm\
lns:xlink=\x22http:\
//www.w3.org/199\
9/xlink\x22><linear\
Gradient id=\x22a\x22 \
gradientUnits=\x22u\
serSpaceOnUse\x22 x\
1=\x22399.57144\x22 x2\
=\x22399.57144\x22 y1=\
\x22545.79797\x22 y2=\x22\
517.79797\x22><stop\
 offset=\x220\x22 stop\
-color=\x22#3889e9\x22\
/><stop offset=\x22\
1\x22 stop-color=\x22#\
3B82F6\x22/></linea\
rGradient><linea\
rGradient id=\x22b\x22\
 gradientUnits=\x22\
userSpaceOnUse\x22 \
x1=\x22399.9939\x22 x2\
=\x22399.9939\x22 y1=\x22\
545.13873\x22 y2=\x225\
18.13873\x22><stop \
offset=\x220\x22 stop-\
color=\x22#3B82F6\x22/\
><stop offset=\x221\
\x22 stop-color=\x22#3\
B82F6\x22/></linear\
Gradient><g stro\
ke-width=\x221.3\x22 t\
ransform=\x22matrix\
(1.64285852 0 0 \
1.64285852 -634.\
082154 -849.6687\
82)\x22><circle cx=\
\x22400.57138\x22 cy=\x22\
531.79791\x22 fill=\
\x22url(#b)\x22 r=\x2213.\
999958\x22/><circle\
 cx=\x22400.57144\x22 \
cy=\x22531.79797\x22 f\
ill=\x22none\x22 r=\x2213\
.999958\x22/><circl\
e cx=\x22400.57138\x22\
 cy=\x22531.79791\x22 \
fill=\x22url(#a)\x22 r\
=\x220\x22/></g><path \
d=\x22m121.35661 2.\
1136578-11.08-11\
.08c-1.52-1.5209\
998-3.368-2.2809\
998-5.54-2.28099\
98-2.173 0-4.021\
.76-5.540997 2.2\
809998l-53.446 5\
3.5280002-23.953\
-24.035c-1.521-1\
.521-3.368-2.281\
-5.54-2.281-2.17\
3 0-4.02.76-5.54\
1 2.281l-11.0799\
9967 11.08c-1.52\
100003 1.521-2.2\
8100003 3.368-2.\
28100003 5.541 0\
 2.172.76 4.02 2\
.28100003 5.54l2\
9.49299967 29.49\
3 11.081 11.08c1\
.52 1.521 3.367 \
2.281 5.54 2.281\
 2.172 0 4.019-.\
761 5.54-2.281l1\
1.081-11.08 58.9\
85997-58.986c1.5\
2-1.521 2.281-3.\
3680002 2.281-5.\
5410002.001-2.17\
2-.761-4.019-2.2\
81-5.54z\x22 fill=\x22\
#fff\x22 fill-opaci\
ty=\x22.850806\x22 tra\
nsform=\x22matrix(.\
22172423 0 0 .22\
172423 10.386547\
 17.296464)\x22/></\
svg>\
\x00\x00\x08\xdb\
\xff\
\xd8\xff\xe0\x00\x10JFIF\x00\x01\x01\x00\x00\x01\x00\
\x01\x00\x00\xff\xe2\x01\xd8ICC_PROFI\
LE\x00\x01\x01\x00\x00\x01\xc8\x00\x00\x00\x00\x040\x00\
\x00mntrRGB XYZ \x07\xe0\x00\
\x01\x00\x01\x00\x00\x00\x00\x00\x00acsp\x00\x00\x00\
\x00\x00\x00\x00\x00\x00\x00\x00\x00\x00\x00\x00\x00\x00\x00\x00\
\x00\x00\x00\x00\x00\x00\x00\x00\x01\x00\x00\xf6\xd6\x00\x01\x00\
\x00\x00\x00\xd3-\x00\x00\x00\x00\x00\x00\x00\x00\x00\x00\x00\
\x00\x00\x00\x00\x00\x00\x00\x00\x00\x00\x00\x00\x00\x00\x00\x00\
\x00\x00\x00\x00\x00\x00\x00\x00\x00\x00\x00\x00\x00\x00\x00\x00\
\x00\x00\x00\x00\x00\x00\x00\x00\x09desc\x00\x00\x00\
\xf0\x00\x00\x00$rXYZ\x00\x00\x01\x14\x00\x00\x00\
\x14gXYZ\x00\x00\x01(\x00\x00\x00\x14bXY\
Z\x00\x00\x01<\x00\x00\x00\x14wtpt\x00\x00\x01\
P\x00\x00\x00\x14rTRC\x00\x00\x01d\x00\x00\x00\
(gTRC\x00\x00\x01d\x00\x00\x00(bTR\
C\x00\x00\x01d\x00\x00\x00(cprt\x00\x00\x01\
\x8c\x00\x00\x00<mluc\x00\x00\x00\x00\x00\x00\x00\
\x01\x00\x00\x00\x0cenUS\x00\x00\x00\x08\x00\x00\x00\
\x1c\x00s\x00R\x00G\x00BXYZ \x00\x00\x00\
\x00\x00\x00o\xa2\x00\x008\xf5\x00\x00\x03\x90XYZ\
 \x00\x00\x00\x00\x00\x00b\x99\x00\x00\xb7\x85\x00\x00\x18\
\xdaXYZ \x00\x00\x00\x00\x00\x00$\xa0\x00\x00\x0f\
\x84\x00\x00\xb6\xcfXYZ \x00\x00\x00\x00\x00\x00\xf6\
\xd6\x00\x01\x00\x00\x00\x00\xd3-para\x00\x00\x00\
\x00\x00\x04\x00\x00\x00\x02ff\x00\x00\xf2\xa7\x00\x00\x0d\
Y\x00\x00\x13\xd0\x00\x00\x0a[\x00\x00\x00\x00\x00\x00\x00\
\x00mluc\x00\x00\x00\x00\x00\x00\x00\x01\x00\x00\x00\
\x0cenUS\x00\x00\x00 \x00\x00\x00\x1c\x00G\x00\
o\x00o\x00g\x00l\x00e\x00 \x00I\x00n\x00\
c\x00.\x00 \x002\x000\x001\x006\xff\xdb\x00\
C\x00\x05\x03\x04\x04\x04\x03\x05\x04\x04\x04\x05\x05\x05\x06\
\x07\x0c\x08\x07\x07\x07\x07\x0f\x0b\x0b\x09\x0c\x11\x0f\x12\x12\
\x11\x0f\x11\x11\x13\x16\x1c\x17\x13\x14\x1a\x15\x11\x11\x18!\
\x18\x1a\x1d\x1d\x1f\x1f\x1f\x13\x17\x22$\x22\x1e$\x1c\x1e\
\x1f\x1e\xff\xdb\x00C\x01\x05\x05\x05\x07\x06\x07\x0e\x08\x08\
\x0e\x1e\x14\x11\x14\x1e\x1e\x1e\x1e\x1e\x1e\x1e\x1e\x1e\x1e\x1e\
\x1e\x1e\x1e\x1e\x1e\x1e\x1e\x1e\x1e\x1e\x1e\x1e\x1e\x1e\x1e\x1e\
\x1e\x1e\x1e\x1e\x1e\x1e\x1e\x1e\x1e\x1e\x1e\x1e\x1e\x1e\x1e\x1e\
\x1e\x1e\x1e\x1e\x1e\x1e\x1e\xff\xc0\x00\x11\x08\x01\x00\x01\x00\
\x03\x01\x22\x00\x02\x11\x01\x03\x11\x01\xff\xc4\x00\x1a\x00\x01\
\x01\x00\x03\x01\x01\x00\x00\x00\x00\x00\x00\x00\x00\x00\x00\x00\
\x08\x05\x06\x07\x02\x04\xff\xc4\x009\x10\x01\x00\x01\x02\x03\
\x02\x09\x09\x08\x03\x00\x00\x00\x00\x00\x00\x00\x01\x02\x03\x04\
\x05\x06\x11A\x07\x12\x17!QRU\xa4\xd2\x14\x15\x22\
12b\x81\x91\xc1#$%aq\xb1\xd1\xe134\
\xa1\xff\xc4\x00\x19\x01\x01\x00\x03\x01\x01\x00\x00\x00\x00\x00\
\x00\x00\x00\x00\x00\x00\x00\x04\x05\x06\x07\x03\xff\xc4\x000\
\x11\x01\x00\x01\x03\x01\x05\x05\x06\x07\x00\x00\x00\x00\x00\x00\
\x00\x00\x01\x02\x03\x04\x05\x11!1Q\xa1\x12\x13R\x91\
\xd1\x15\x162Aq\xd2\x06\x14#a\xb1\xc1\xf0\xff\xda\
\x00\x0c\x03\x01\x00\x02\x11\x03\x11\x00?\x00\x8c\x80\x00\x00\
\x00\x00\x00\x00\x00\x00\x00\x00\x00\x00\x00\x00\x00\x00\x00\x00\
\x00\x00\x00\x00\x00\x00\x00\x00\x00\x00\x00\x00\x00\x00\x00\x00\
\x00\x00\x00\x00\x00\x00\x00\x00\x00\x00\x00\x00\x00\x00\x00\x00\
\x00\x00\x00\x00\x00\x00\x00\x00\x00\x00\x00\x00\x00\x00\x00\x00\
\x00\x00\x00\x00\x00\x00\x00\x00\x00\x00\x00\x00\x00\x00\x00\x00\
\x00\x00\x00\x00\x00\x00\x00\x00\x00\x00\x00\x00\x00\x00\x00\x00\
\x00\x00\x00\x00\x00\x00\x00\x00\x00\x00\x00\x00\x00\x00\x00\x00\
\x00\x00\x00\x00\x00\x00\x00\x00\x00\x00\x00\x00\x00\x00\x00\x00\
\x00\x00\x00\x00\x00\x00\x00\x00\x00\x00\x00\x00\x00\x00\x00\x00\
\x00\x00\x00\x00\x00\x00\x00\x00\x00\x00\x00\x00\x00\x00\x00\x00\
\x00\x00\x00\x00\x00\x00\x00\x00\x00\x00\x00\x00\x00o\x1c\x15\
\xd1\xa43\x0c\xc3\xcd\x1a\x97,\xa2\xbb\xd7\xea\xfb\xb6&\
q\x17(\x89\xab\xa9TSTG>\xe9\xf8t:\xdf\
&:\x1f\xb1;\xd5\xef\x1a\xf7\x03@\xbf\x9dk\xbd\xb5\
];9m\x9d\xb1\xf5\xdc\xac\xca\xd5-\xe3W\xd8\xb9\
L\xf4\xf5M\x82\x93\xe4\xc7C\xf6'z\xbd\xe391\
\xd0\xfd\x89\xde\xafx\xd3}\xd0\xcd\xf1S\xe7?j?\
\xb7\xb1\xfc5t\xf5M\x82\x93\xe4\xc7C\xf6'z\xbd\
\xe391\xd0\xfd\x89\xde\xafx\xcft3|T\xf9\xcf\
\xda{{\x1f\xc3WOT\xd8)>Lt?bw\
\xab\xde3\x93\x1d\x0f\xd8\x9d\xea\xf7\x8c\xf7C7\xc5O\
\x9c\xfd\xa7\xb7\xb1\xfc5t\xf5M\x82\x93\xe4\xc7C\xf6\
'z\xbd\xe391\xd0\xfd\x89\xde\xafx\xcft3|\
T\xf9\xcf\xda{{\x1f\xc3WOT\xd8)>Lt\
?bw\xab\xde7$\xe1R\x8d!\x97\xe6\x1eh\xd3\
Ye\x14^\xb1W\xdeq1\x88\xb9\x5cE]Jb\
\xaa\xa69\xb7\xcf\xc3\xa5\x0b?@\xbf\x83k\xbd\xbb]\
;9m\x9d\xb3\xf4\xdc\x91\x8b\xaa[\xc9\xaf\xb1n\x99\
\xe9\xea\xd1\xc0Q,\xc0\x00\x00\x00\x00\x00\x00\x00\x00\x00\
\x00\x00\x00\x00\x8ei\xdb\x0e\xef\xc0\xe6\xbc\xf3\xbd\x9a2\
\x1c\xde\xf7\xe2\x16\xa9\xd9b\xedS\xfezct\xfb\xd1\
\x1f8\xf8\xb8C\xde\x1e\xf5\xdc=\xfbw\xec\x5c\xaa\xdd\
\xdbuETWL\xec\x9af9\xe2bVZ^\xa5\
sO\xbd\x17(\xe1\xf3\x8eq\xfe\xe0\x89\x9b\x87FU\
\xbe\xc5\x5c~S\xc9`\x0d#\x82\xadqkTe\xfe\
I\x8c\xaa\x8a3l=?kO\xaa/S\xd7\xa6?\
x\xdd?\xabwul\x5c\xabyV\xa2\xed\xa9\xdb\x12\
\xc3\xde\xb3]\x8a\xe6\x8a\xe3|\x00$<\x80\x00\x06\x91\
\xc2\xae\xb8\xb5\xa5\xf2\xff\x00$\xc1\xd5Ey\xb6\x22\x9f\
\xb2\xa7\xd7\x16i\xeb\xd5\x1f\xb4o\x9f\xd1\x1f+*\xd6\
-\xa9\xbbvvD=l\xd9\xae\xfdqE\x11\xbeX\
\xae\x18\xb5\xe4d\xf6+\xc8\xb2\x8b\xdf\x88\xdd\xa7e\xfb\
\xb4O\xfa\xf4\xce\xe8\xf7\xa6>Q\xcf\xd0\xe1\x13\xcf;\
e\xef\x11z\xee\x22\xfd\xcb\xf7\xeeUr\xed\xca\xa6\xaa\
\xeb\xaav\xcdS<\xf33/\x0eS\xaajW5\x0b\
\xd3r\xbd\xd1\xf2\x8eQ\xfe\xe2\xdcaa\xd1\x8bo\xb1\
O\x1f\x9c\xf3\x00V\xa5\x80\x00\x00\x00\x00\x00\x00\x00\x00\
\x00\x00\x00\x00\x00\x00>\xac\xaf\x1f\x8b\xca\xf3\x0b8\xfc\
\x0d\xfa\xac\xe2lU\xc6\xa2\xbawO\xd6?%'\xc1\
\xe6\xae\xc2j\xcc\x9e/\xd1\xc5\xb5\x8d\xb5\x11N*\xc6\
\xdff\xae\x98\xf7gw\xcbrbd\xf4\xc6y\x8f\xd3\
\xd9\xc5\x9c\xcf/\xb9\xc5\xbbnvUL\xfb7)\xdf\
MQ\xbe'\xfb]\xe8\xba\xbdzu\xdd\xfb\xe8\x9e1\
\xfd\xc7\xef\xfc\xab\xb5\x1c\x0ar\xe8\xdd\xf1G\x0fE`\
0\xfaCP\xe056Ko2\xc0\xd5\xb3o\xa3v\
\xd4\xcf\xa5j\xbd\xf4\xcf\xf3\xbe\x19\x87R\xb5v\x8b\xb4\
EtN\xd8\x9e\x0cUtUESMQ\xb2`\x06\
#Wj\x1c\x06\x9a\xc9n\xe6X\xea\xb6\xc5>\x8d\xab\
Q>\x95\xda\xf7S\x1f\xce\xe8.\xdc\xa2\xd5\x13]s\
\xb2#\x89E\x15WTSLm\x99|<!j\xec\
&\x93\xc9\xe7\x11_\x16\xee6\xecM8k\x1b}\xaa\
\xbag\xdd\x8d\xff\x00$\xd7\x9a\xe6\x18\xbc\xd31\xbd\x98\
c\xefU{\x13~\xae5u\xd5\xbf\xf8\x8d\xd1\x0f\xa7\
S\xe7\x98\xfdC\x9c^\xcc\xf3\x0b\x9ck\xb7'e4\
\xc7\xb3n\x9d\xd4\xd3\x1b\xa2?\xb61\xcbu\xadb\xbd\
F\xee\xed\xd4G\x08\xfe\xe7\xf7\xfe\x1b];\x02\x9cJ\
7\xfcS\xc7\xd0\x01H\xb1\x00\x00\x00\x00\x00\x00\x00\x00\
\x00\x00\x00\x00\x00\x00\x00\x00\x00\x00l\x1a\x13T\xe3t\
\xa6uN7\x0f\xb6\xe5\x8a\xf6S\x89\xb1\xb7\x9a\xe5\x1f\
I\x8d\xd3\xf4\x99R\xd9&i\x82\xcer\xbb\x19\x96_\
z.\xe1\xefS\xb6\x99\xdf\x1d11\xbac\xd50\x92\
[\x87\x06Z\xd3\x11\xa53N%\xe9\xae\xeeY\x88\xaa\
<\xa2\xd4s\xf1g\xafO\xe7\x1f\xf6>\x1b4\xdf\x87\
\xf5\xb9\xc2\xaf\xb9\xbb?\xa7='\x9f\xd3\x9f\x9a\x9fT\
\xd3\xbf1OyG\xc5\x1dT6w\x9a`\xb2l\xae\
\xfee\x98^\x8bX{4\xed\xaaw\xcfDDo\x99\
\xf5D&\x9dw\xaaq\xba\xaf9\xab\x19\x88\xdbo\x0f\
F\xdap\xd66\xf3[\xa7\xeb3\xbe~\x91\x0c\x8f\x09\
\xfa\xd2\xfe\xab\xcd8\x96&\xbbY^\x1e\xa9\x8c=\xa9\
\xe6\xe3\xcf^\xaf\xcewtG\xc5\xa7\x1f\x885\xb9\xcd\
\xaf\xb9\xb5?\xa7\x1dg\xd3\x97\x99\xa5\xe9\xdf\x97\xa7\xbc\
\xb9\xf1O@\x06ep\x00\x00\x00\x00\x00\x00\x00\x00\x00\
\x00\x00\x00\x00\x00\x00\x00\x00\x00\x00\x00\x00\x00\x00\x00\x00\
\x00\x00\x00\x00\x00\x00\x00\x00\x00\x00\x00\x00\x00\x00\x00\x00\
\x00\x00\x00\x00\x00\x00\x00\x00\x00\x00\x00\x00\x00\x00\x00\x00\
\x00\x00\x00\x00\x00\x00\x00\x00\x00\x00\x00\x00\x00\x00\x00\x00\
\x00\x00\x00\x00\x00\x00\x00\x00\x00\x00\x00\x00\x00\x00\x00\x00\
\x00\x00\x00\x00\x00\x00\x00\x00\x00\x00\x00\x00\x00\x00\x00\x00\
\x00\x00\x00\x00\x00\x00\x00\x00\x00\x00\x00\x00\x00\x00\x00\x00\
\x00\x00\x00\x00\x00\x00\x00\x00\xff\xd9\
\x00\x00\x7f:\
\xff\
\xd8\xff\xe0\x00\x10JFIF\x00\x01\x01\x00\x00\x01\x00\
\x01\x00\x00\xff\xe2\x01\xd8ICC_PROFI\
LE\x00\x01\x01\x00\x00\x01\xc8\x00\x00\x00\x00\x040\x00\
\x00mntrRGB XYZ \x07\xe0\x00\
\x01\x00\x01\x00\x00\x00\x00\x00\x00acsp\x00\x00\x00\
\x00\x00\x00\x00\x00\x00\x00\x00\x00\x00\x00\x00\x00\x00\x00\x00\
\x00\x00\x00\x00\x00\x00\x00\x00\x01\x00\x00\xf6\xd6\x00\x01\x00\
\x00\x00\x00\xd3-\x00\x00\x00\x00\x00\x00\x00\x00\x00\x00\x00\
\x00\x00\x00\x00\x00\x00\x00\x00\x00\x00\x00\x00\x00\x00\x00\x00\
\x00\x00\x00\x00\x00\x00\x00\x00\x00\x00\x00\x00\x00\x00\x00\x00\
\x00\x00\x00\x00\x00\x00\x00\x00\x09desc\x00\x00\x00\
\xf0\x00\x00\x00$rXYZ\x00\x00\x01\x14\x00\x00\x00\
\x14gXYZ\x00\x00\x01(\x00\x00\x00\x14bXY\
Z\x00\x00\x01<\x00\x00\x00\x14wtpt\x00\x00\x01\
P\x00\x00\x00\x14rTRC\x00\x00\x01d\x00\x00\x00\
(gTRC\x00\x00\x01d\x00\x00\x00(bTR\
C\x00\x00\x01d\x00\x00\x00(cprt\x00\x00\x01\
\x8c\x00\x00\x00<mluc\x00\x00\x00\x00\x00\x00\x00\
\x01\x00\x00\x00\x0cenUS\x00\x00\x00\x08\x00\x00\x00\
\x1c\x00s\x00R\x00G\x00BXYZ \x00\x00\x00\
\x00\x00\x00o\xa2\x00\x008\xf5\x00\x00\x03\x90XYZ\
 \x00\x00\x00\x00\x00\x00b\x99\x00\x00\xb7\x85\x00\x00\x18\
\xdaXYZ \x00\x00\x00\x00\x00\x00$\xa0\x00\x00\x0f\
\x84\x00\x00\xb6\xcfXYZ \x00\x00\x00\x00\x00\x00\xf6\
\xd6\x00\x01\x00\x00\x00\x00\xd3-para\x00\x00\x00\
\x00\x00\x04\x00\x00\x00\x02ff\x00\x00\xf2\xa7\x00\x00\x0d\
Y\x00\x00\x13\xd0\x00\x00\x0a[\x00\x00\x00\x00\x00\x00\x00\
\x00mluc\x00\x00\x00\x00\x00\x00\x00\x01\x00\x00\x00\
\x0cenUS\x00\x00\x00 \x00\x00\x00\x1c\x00G\x00\
o\x00o\x00g\x00l\x00e\x00 \x00I\x00n\x00\
c\x00.\x00 \x002\x000\x001\x006\xff\xdb\x00\
C\x00\x05\x03\x04\x04\x04\x03\x05\x04\x04\x04\x05\x05\x05\x06\
\x07\x0c\x08\x07\x07\x07\x07\x0f\x0b\x0b\x09\x0c\x11\x0f\x12\x12\
\x11\x0f\x11\x11\x13\x16\x1c\x17\x13\x14\x1a\x15\x11\x11\x18!\
\x18\x1a\x1d\x1d\x1f\x1f\x1f\x13\x17\x22$\x22\x1e$\x1c\x1e\
\x1f\x1e\xff\xdb\x00C\x01\x05\x05\x05\x07\x06\x07\x0e\x08\x08\
\x0e\x1e\x14\x11\x14\x1e\x1e\x1e\x1e\x1e\x1e\x1e\x1e\x1e\x1e\x1e\
\x1e\x1e\x1e\x1e\x1e\x1e\x1e\x1e\x1e\x1e\x1e\x1e\x1e\x1e\x1e\x1e\
\x1e\x1e\x1e\x1e\x1e\x1e\x1e\x1e\x1e\x1e\x1e\x1e\x1e\x1e\x1e\x1e\
\x1e\x1e\x1e\x1e\x1e\x1e\x1e\xff\xc0\x00\x11\x08\x04\x00\x04\x00\
\x03\x01\x22\x00\x02\x11\x01\x03\x11\x01\xff\xc4\x00\x1c\x00\x01\
\x01\x00\x03\x00\x03\x01\x00\x00\x00\x00\x00\x00\x00\x00\x00\x00\
\x01\x06\x07\x08\x02\x04\x05\x03\xff\xc4\x00Z\x10\x01\x00\x01\
\x02\x04\x03\x04\x04\x06\x0b\x0c\x07\x06\x06\x03\x01\x00\x01\x02\
\x03\x04\x05\x06\x11\x07!A\x121Qa\x13\x22q\x81\
\x172\x91\x94\xa1\xb1\x08\x14#7BRTb\xb2\xd1\
\xd2\x15\x1634Srst\x82\x92\xc1\xe1CD\x84\
\x93\xa2\xb3\xc2$6Vc\x83\xf0%&Udeu\
5Ff\xa3\xff\xc4\x00\x1b\x01\x01\x00\x03\x00\x03\x01\x00\
\x00\x00\x00\x00\x00\x00\x00\x00\x00\x00\x01\x02\x03\x04\x05\x06\
\x07\xff\xc4\x00=\x11\x01\x00\x01\x02\x03\x03\x08\x07\x08\x03\
\x00\x02\x03\x01\x00\x00\x00\x01\x02\x03\x04\x05\x11\x06!1\
\x12AQaq\x91\xb1\xd1\x13\x14\x15\x22\x81\xa1\xc1\x16\
234RSr\xe1#B\xf0C\xf1$5b\xa2\
\xff\xda\x00\x0c\x03\x01\x00\x02\x11\x03\x11\x00?\x00\xe3 \
\x00\x00\x00\x00\x00\x00\x00\x00\x00\x00\x00\x00\x00\x00\x00\x00\
\x00\x00\x00\x00\x00\x00\x00\x00\x00\x00\x00\x00\x00\x00\x00\x00\
\x00\x00\x00\x00\x00\x00\x00\x00\x00\x00\x00\x00\x00\x00\x00\x00\
\x00\x00\x00\x00\x00\x00\x00\x00\x00\x00\x00\x00\x00\x00\x00\x00\
\x00\x00\x00\x00\x00\x00\x00\x00\x00\x00\x00\x00\x00\x00\x00\x00\
\x00\x00\x00\x00\x00\x00\x00\x00\x00\x00\x00\x00\x00\x00\x00\x00\
\x00\x00\x00\x00\x00\x00\x00\x00\x00\x00\x00\x00\x00\x00\x00\x00\
\x00\x00\x00\x00\x00\x00\x00\x00\x00\x00\x00\x00\x00\x00\x00\x00\
\x00\x00\x00\x00\x00\x00\x00\x00\x00\x00\x00\x00\x00\x00\x00\x00\
\x00\x00\x00\x00\x00\x00\x00\x00\x00\x00\x00\x00\x00\x00\x00\x00\
\x00\x00\x00\x00\x00\x00\x00\x00\x00\x00\x00\x00\x00\x00\x00\x00\
\x00\x00\x00\x00\x00\x00\x00\x00\x00\x00\x00\x00\x00\x00\x00\x00\
\x00\x00\x00\x00\x00\x00\x00\x00\x00\x00\x00\x00\x00\x00\x00\x00\
\x00\x00\x00\x00\x00\x00\x00\x00\x00\x00\x00\x00\x00\x00\x00\x00\
\x00\x00\x00\x00\x00\x00\x00\x00\x00\x00\x00\x00\x00\x00\x00\x00\
\x00\x00\x00\x00\x00\x00\x00\x00\x00\x00\x00\x00\x00\x00\x00\x00\
\x00\x00\x00\x00\x00\x00\x00\x00\x00\x00\x00\x00\x00\x00\x00\x00\
\x00\x00\x00\x00\x00\x00\x00\x00\x00\x00\x00\x00\x00\x00\x00\x00\
\x00\x00\x00\x00\x00\x00\x00\x00\x00\x00\x00\x00\x00\x00\x00\x00\
\x00\x00\x00\x00\x00\x00\x00\x00\x00\x00\x00\x00\x00\x00\x00\x00\
\x00\x00\x00\x00\x00\x00\x00\x00\x00\x00\x00\x00\x00\x00\x00\x00\
\x00\x00\x00\x00\x00\x00\x00\x00\x00\x00\x00\x00\x00\x00\x00\x00\
\x00\x00\x00\x00\x00\x00\x00\x00\x00\x00\x00\x00\x00\x00\x00\x00\
\x00\x00\x00\x00\x00\x00\x00\x00\x00\x00\x00\x00\x00\x00\x00\x00\
\x00\x00\x00\x00\x00\x00\x00\x00\x00\x00\x00\x00\x00\x00\x00\x00\
\x00\x00\x00\x00\x00\x00\x00\x00\x00\x00\x00\x00\x00\x00\x00\x00\
\x00\x00\x00\x00\x00\x00\x00\x00\x00\x00\x00\x00\x00\x00\x00\x00\
\x00\x00\x00\x00\x00\x00\x00\x00\x00\x00\x00\x00\x00\x00\x00\x00\
\x00\x00\x00\x00\x00\x00\x00\x00\x00\x00\x00\x00\x00\x00\x00\x00\
\x00\x00\x00\x00\x00\x00\x00\x00\x00\x00\x00\x00\x00\x00\x00\x00\
\x00\x00\x00\x00\x00\x00\x00\x00\x00\x00\x00\x00\x00\x00\x00\x00\
\x00\x00\x00\x00\x00\x00\x00\x00\x00\x00\x00\x00\x00\x00\x00\x00\
\x00\x00\x00\x00\x00\x00\x00\x00\x00\x00\x00\x00\x00\x00\x00\x00\
\x00\x00\x00\x00\x00\x00\x00\x00\x00\x00\x00\x00\x00\x00\x00\x00\
\x00\x00\x00\x00\x00\x00\x00\x00\x00\x00\x00\x00\x00\x00\x00\x00\
\x00\x00\x00\x00\x00\x00\x00\x00\x00\x00\x00\x00\x00\x00\x00\x00\
\x00\x00\x00\x00\x00\x00\x00\x00\x00\x00\x00\x00\x00\x00\x00\x00\
\x00\x00\x00\x00\x00\x00\x00\x00\x00\x00\x00\x00\x00\x00\x00\x00\
\x00\x00\x00\x00\x00\x00\x00\x00\x00\x00\x00\x00\x00\x00\x00\x00\
\x00\x00\x00\x00\x00\x00\x00\x00\x00\x00\x00\x00\x00\x00\x00\x00\
\x00\x00\x00\x00\x00\x00\x00\x00\x00\x00\x00\x00\x00\x00\x00\x00\
\x00\x00\x00\x00\x00\x00\x00\x00\x00\x00\x00\x00\x00\x00\x00\x00\
\x00\x00\x00\x00\x00\x00\x00\x00\x00\x00\x00\x00\x00\x00\x00\x00\
\x00\x00\x00\x00\x00\x00\x00\x00\x00\x00\x00\x00\x00\x00\x00\x00\
\x00\x00\x00\x00\x00\x00\x00\x00\x00\x00\x00\x00\x00\x00\x00\x00\
\x00\x00\x00\x00\x00\x00\x00\x00\x00\x00\x00\x00\x00\x00\x00\x00\
\x00\x00\x00\x00\x00\x00\x00\x00\x00\x00\x00\x00\x00\x00\x00\x00\
\x00\x00\x00\x00\x00\x00\x00\x00\x00\x00\x00\x00\x00\x00\x00\x00\
\x00\x00\x00\x00\x00\x00\x00\x00\x00\x00\x00\x00\x00\x00\x00\x00\
\x00\x00\x00\x00\x00\x00\x00\x00\x00\x00\x00\x00\x00\x00\x00\x00\
\x00\x00\x00\x00\x00\x00\x00}\xac\x9fJj\x5c\xde\xaa#\
.\xc8\xf1\xf7\xe9\xaf\x9d5\xc5\x99\x8a'\xfbS\xb4}\
+SMUN\x94\xc6\xad-Y\xb9z\xaeM\xbaf\
g\xaa5|Q\xb2\xb2\x9e\x0b\xea\xfc]4\xd7\x8c\x9c\
\x06]N\xfbUM\xeb\xdd\xaa\xe2<v\xa2&>\x96\
U\x96\xf0\x1f\x09M\xcd\xf3\x1dG~\xed\x1b|\x5c>\
\x16(\x9f\x96\xa9\x9f\xa9\xcc\xb7\x96b\xab\xe1G~\xef\
\x17qcf\xf3;\xdb\xe2\xd4\xc4u\xe9\x1f)\xdf\xf2\
h\xb1\xd2\xf9\x7f\x07tN\x16\xdcE\xfc.3\x1dT\
~\x15\xecL\xd3?%\x1bC!\xc2\xe8\x9d\x1f\x85\xa6\
\x9al\xe9\x9c\xab\xd5\xee\x9a\xf0\xf1\x5c\xfc\xb5o.e\
\x19\x1d\xf9\xfb\xd3\x10\xed\xadlN2\xad\xf7+\xa6;\
\xe7\xe8\xe4w\xb5\x87\xcb\xb3\x0cN\xdfk\xe0qW\xb7\
\xee\xf4v\xaa\xab\xea\x87d\xe1\xf0xL5\x11N\x1b\
\x09\x86\xb3LwE\xbb4\xd3\x11\xf4?h\xe5\xdd\xb4\
{#g&\x9c\x83\xa6\xe7\xcb\xfbs\xe8\xd8h\xff\x00\
k\xff\x00\xff\x00?\xdb\x8f\xadi]OwoG\xa7\
sz\xb7\xf0\xc1\xdc\xfdOr\xc6\x83\xd6W\xa3{z\
s0\xdb\xf3\xadv~\xb7Z\xefT\xfe\x15_*L\
o\xdf\xcd\xacd\x16\xf9\xeb\x96\xf4\xecN\x1a>\xf5\xca\
\xbeNT\xa3\x86\xba\xe6\xbf\x8b\xa71^\xfa\xa8\x8f\xae\
^_\x06Z\xeb\xff\x00\x0e\xe2?\xde[\xfd\xa7T\xf6\
c\xc1;1\xe1\x0d# \xb1\xfa\xa7\xe5\xe4\xd3\xec^\
\x0b\xf5\xd5\xdf\x1eNU\x9e\x1a\xeb\x98\xff\x00\xfa\xe6*\
v\xf0\xaa\x89\xfa\xa5\xea\xe246\xb0\xb1\x1374\xde\
e\xcb\xf1l\xcd_S\xad6\x89\xe8Dm\xe4N\xcf\
\xd9\x9e\x15O\xc9J\xb63\x07\xcd]_/'\x1f\xdc\
\xd2\xfa\x96\xdc\xed^\x9f\xcdi\xdb\xff\x00\xb3\xb9\xfa\x9e\
\x9e+,\xcc\xb0\xb1\xbe+/\xc5\xd8\xfe\x92\xcdT\xfd\
p\xec\xd8\xaa\xb8\xee\xae\xaf\xefI5W1\xce\xa9\x98\
\xf3\xe6\xa4\xec\xf5\x1c\xd7'\xbb\xfbq\xeb\xd8\xbb?\xeb\
v{\xa3\xce\x1cO<\xa7i\x1d\x9f\x8a\xc1`\xb1t\
M\x18\xac\x16\x16\xfd3\xdf\x17,\xd3W\xf8>&+\
Dh\xfcM3\x17t\xceW\xebw\xcd\xbb\x11D\xfc\
\xb1\xb3\x0a\xb6v\xbf\xf5\xae;\xbf\xf6\xe1\xdc\xd8\xcb\xb1\
\xf7.\xc4\xf6\xc6\x9fYrX\xe9\x9co\x09t6&\
\x9a\xa2\x8c\xb3\x11\x85\xaa\xaf\xc2\xb3\x8b\xaf\x97\xba\xad\xe1\
\x8ef\x5c\x0c\xca\xab\x8f\xfe\x1d\x9f\xe3,O\xff\x00q\
f\x9b\x91\xff\x00\x0e\xce5y\x16.\x9e\x11\x13\xd9>\
z:\xfb\xbb)\x8f\xb7\xf7t\xab\xb2|\xf4h\x91\xb4\
sN\x09\xeak\x13T\xe01\xd9n:\x88\x8eQ\xe9\
&\xdds\xee\xaa6\xfaX\x9eo\xa0\xf5\x86U\x1d\xac\
f\x9f\xc6\xc5?\x8dj\x8fK\x1f-\x1b\xec\xe0\xdd\xc0\
\xe2m}\xfa'\xb9\xd5_\xca\xb1\xb6>\xfd\xa9\xee\xd6\
;\xe1\x8d\x0f*\xe9\xaa\x8a\xe6\x8a\xe9\x9aj\x89\xdab\
ci\x87\x8b\x88\xeb\xc0\x00\x00\x00\x00\x00\x00\x00\x00\x00\
\x00\x00\x00\x00\x00\x00\x00\x00\x00\x00\x00\x00\x00\x00\x00\x00\
\x00\x00\x00\x00\x00\x00\x00\x00\x00\x00\x00\x00\x00\x00\x00\x00\
\x00\x00\x00\x00\x00\x00\x00\x00\x00\x00\x00\x00\x00\x00\x00\x00\
\x00\x00\x00\x00\x00\x00\x00\x00\x00\x00\x00\x00\x00\x00\x00\x00\
\x1f\xa6\x1a\xc5\xfcM\xfala\xac\xdc\xbdv\xb9\xda\x9a\
-\xd35UT\xf9D6\x06\x97\xe1\x0e\xa9\xcd\xbb\x17\
\xb1\xf4[\xca0\xd5m=\xacG;\x93\x1eTG?\
t\xcc5\xb5b\xe5\xe9\xd2\x8aur\xf0\x98\x0cN2\
\xaeM\x8a&\xae\xce\x1f\x19\xe1\x0dv\xf72\xac\xaf2\
\xcdq\x1fk\xe5\x98\x0cN2\xef/V\xcd\xb9\xabo\
n\xdd\xde\xf7D\xe9\xbe\x0f\xe9,\xaf\xb1w\x1bn\xf6\
m\x88\xa7i\x99\xc4U\xb5\xb8\x9f*)\xef\x8f)\xdd\
\xb00x|>\x0f\x0fN\x1f\x09b\xd6\x1a\xcd1\xd9\
\xa6\xdd\xaa\x22\x8ab=\x90\xed\xac\xe4\xb5\xce\xfb\x95i\
\xf3z\xfc\x16\xc3\xdf\xaf\xde\xc4\xd7\x14\xf5F\xf9\xef\xe1\
\x1f7:d<\x19\xd5X\xe9\xa6\xac\xca\xac.Sj\
gj\xa2\xed}\xbb\x9bx\xc54\xef\x1f,\xc3=\xc8\
x%\xa6\xf0\x91My\xae3\x19\x99\xdc\x8f\x8dLO\
\xa1\xb7>\xe8\xde\xaf\xf8\x9bOe\xd9\xdaZ\xca\xf0\xd6\
\xf9\xb5\xedz\x8c.\xcbe\xb8}\xfc\x8eT\xff\x00\xfa\
\xdf\xf2\xe1\xf2|l\x9bL\xe9\xdc\x9f\xb39fG\x80\
\xc2\xd7\x11\xd9\xf4\x94\xd9\x89\xafo:\xa7y\x97\xd9\x99\
\x99\x8d\xb7\x9d\xbc\x04v\x14S\x14F\x94\xc6\x90\xef\xad\
\xda\xa2\xd5<\x9a\x22\x22:\x97d\xdb\x98/\x0b\x08\xa9\
\xb75\x95\x92\x00YY\x13\xda\xa8\x98PM\x96;\x85\
\xd5\xd56:\x1d\xc7%\x95\x99\x13eM\x93\x0aL\x9b\
\x0a\x9b%Y\x93`\xdb\x98\x9d\x14\x99\x0af\xaay\xd3\
T\xd3\xec\x9d\x8d\xb9\x9bx\xad\x0a\xea\xf9\xf9\xa6K\x93\
\xe6\xd4E9\xa6U\x81\xc6Dwzk\x14\xcc\xc7\xb2\
v\xdd\x85\xe7\x5c \xd1\xb8\xfd\xea\xc2\xda\xc5\xe5\x977\
\xdf|=\xde\xdd;\xff\x006\xbd\xf9{6lM\x93\
f\x17p\x96/~%\x11?\x07\x0f\x11\x83\xc3\xe2?\
\x16\x88\x9e\xd8\xdf\xdf\xc5\xcf\xd9\xe7\x04\xf3\xec4U^\
Q\x98\xe0\xf3\x1ab7\xecW\xbd\x9b\x93\xe5\x11;\xc4\
\xfc\xac\x03>\xd3\x99\xeeErh\xcd\xf2\xacV\x13\xa7\
j\xba=I\xf6U\x1c\xa7\xe5v\x03\xc6\xa8\x8a\xa8\x9b\
u\xc4WD\xf7\xd1Tv\xa9\xf9%\xd4\xdf\xd9\xec=\
{\xed\xcc\xd3\xf3\x8f\xfb\xe2\xe81;-\x84\xb9\xbe\xd4\
\xcd3\xdf\x1f=\xff\x007\x16\x0e\xa3\xd4\x9c5\xd1\xf9\
\xe4U]\xdc\xb60\x18\x8a\xbf\xd3`\xa7\xd1\xce\xfb\xf7\
\xcd?\x16}\xf0\xd6:\x9f\x82\xb9\xd6\x0e*\xbd\x90\xe3\
l\xe6\x96\xe3y\x8b5\xfd\xca\xf4s\xe5\x1c\xfdZ\xbe\
Xt\x98\x9c\x8f\x15g}1\xca\x8e\xaf'\x9b\xc5\xec\
\xe62\xc6\xfac\x97\x1d\x5c{\xb8\xf7j\xd5C\xdc\xcd\
\xb2\xbc\xc7)\xc5N\x172\xc1b0\x97\xa3\x7fV\xed\
\x13N\xfbxo\xdf\x1ep\xf4\xdd=T\xcd3\xa4\xba\
:\xa9\x9agJ\xa3I\x00B\xa0\x00\x00\x00\x00\x00\x00\
\x00\x00\x00\x00\x00\x00\x00\x00\x00\x00\x00\x00\x00\x00\x00\x00\
\x00\x00\x00\x00\x00\x00\x00\x00\x00\x00\x00\x00\x00\x00\x00\x00\
\x00\x00\x00\x00\x00\x00\x00\x00\x00\x00\x00\x00\x00\x00\x00\x00\
\x00\x00\x00\x00\x00\x00\x00\x00\x00\x00\x0f\xad\xa6t\xdew\
\xa91\x9fj\xe4\xd9}\xecUq>\xb5T\xc6\xd4Q\
\xfc\xea\xa7\x9476\x8b\xe0\x9e_\x84\xecb\xb56/\
\xed\xeb\xd1\xcf\xed[\x134\xda\xa6|\xea\xf8\xd5t\xee\
\xdb\xde\xe5a\xf0W\xb1\x13\xeeF\xee\x9ego\x96\xe4\
x\xcc\xc6\x7f\xc3O\xbb\xd3;\xa3\xfb\xf8j\xd2\xda\x7f\
 \xceu\x06/\xed\x5c\x9f.\xbf\x8c\xb9\xd7\xb1O\xab\
O\xf3\xaa\x9eQ\xef\x96\xda\xd2\x5c\x0f\x88\xaa\x8cF\xa7\
\xcc\xa2b'y\xc2\xe0\xfa\xfbk\x98\xfa\x22=\xed\xcd\
\x80\xc1\xe12\xfc%\x18L\x06\x16\xce\x17\x0fDmM\
\xab4E4\xc7\xba\x1e\xc3\xbd\xc3\xe5\x16\xad\xef\xb9\xef\
O\xc9\xef\xf2\xed\x8d\xc2a\xf4\xab\x11<\xba\xbb\xa3\xbb\
\x9f\xe3\xdc\xf9Y\x06\x9f\xc92\x0c?\xa1\xc9\xf2\xcc6\
\x0e\x99\x88\x8a\xaa\xb7F\xf5\xd5\xb7wj\xa9\xe7>\xf9\
}P\xd9\xdbSLS\x1aDi\x0f[n\xdd\x16\xa9\
\x8ah\x8d\x229\xa0\xd8\xd8\x16[P:\x89\x84/\xb1\
\x01hWQ:\xaa&\x15\xd5S`Z\x15\xd4E\x16\
Ve\x00Z\x14\x99\x13eE\xa1Y\x90\x04\xc2\x93 \
l,\xa4\xcam\xf2\x1b,\xa6\xcb)2lI\xb0\x95\
&DSd\xab2\x93\x06\xca\x9b%Y\x94\xdb\x99\xde\
\xa9\xb2T\x99&\x13e\xd9%0\xa4\xcb\xd6\xcc\xf0\x18\
\x1c\xcf\x0b8\x5c\xcb\x05\x87\xc6X\xab\xbe\x8b\xd6\xe2\xa8\
\xfaZ\xbfV\xf0c)\xc6v\xef\xe9\xdcUYu\xee\
\xf8\xc3\xde\x99\xb9jg\xc2*\xf8\xd4\xfd-\xb3).\
>'\x05c\x15\x1a]\xa7_\x1e\xf7\x0b\x15\x83\xc3\xe2\
\xa3K\xb4\xc4\xf8\xf7\xb9'T\xe9-A\xa6\xafM\x19\
\xb6]v\xd5\xbd\xf6\xa6\xfd1\xda\xb5_\x86\xd5G/\
t\xf3|'h\xde\xb7n\xed\x9a\xac^\xb7E\xdbU\
\xc6\xd5[\xae\x98\xaa\x99\x8f8\x96\xb7\xd6\x1c\x22\xd3\xf9\
\xc55b2y\x8c\x9b\x17<\xe2\x9a#\xb5b\xa9\xf3\
\xa7\xbe\x9fw\xc8\xf38\xcd\x9b\xae\x9f{\x0f:\xf5O\
\x1e\xfe\x1e\x0f)\x8d\xd9\xba\xa9\xf7\xb0\xf5k\xd5<{\
\xf8x9\xd8}\xed]\xa43\xfd-\x88\xf4y\xb6\x0a\
\xaa-U;[\xc4[\xf5\xad\x5c\xf6U\x1fT\xed/\
\x82\xf3w-\xd7j\xa9\xa6\xb8\xd2^f\xe5\xaa\xedU\
4\xd7\x1aH\x02\x8a\x00\x00\x00\x00\x00\x00\x00\x00\x00\x00\
\x00\x00\x00\x00\x00\x00\x00\x00\x00\x00\x00\x00\x00\x00\x00\x00\
\x00\x00\x00\x00\x00\x00\x00\x00\x00\x00\x00\x00\x00\x00\x00\x00\
\x00\x00\x00\x00\x00\x00\x00\x00\x00\x00\x00\x00\x00\x00\x00\x00\
\x00\x0c\xeb\x87\x9c3\xce\xb5UV\xf1W\xa2r\xec\xae\
gy\xc4\xdd\xa7\xd6\xb9\x1f\x99O_ow\xb7\xb9\xa5\
\xabU\xdd\xab\x93Dk.N\x13\x07\x7f\x19r-X\
\xa7\x95?\xf7\x1e\x86\x1d\x96\xe0q\x99\x966\xd6\x0b/\
\xc2\xdd\xc5bn\xcff\x8bV\xa9\x9a\xaa\xaa}\x8d\xcb\
\xa18+LM\xbcn\xad\xbf\xbfX\xc0\xd8\xab\xe8\xae\
\xb8\xf7\xf2\xa7\xe5m\x0d!\xa5r=+\x82\xfb['\
\xc1\xc5\xba\xaa\x88\x8b\xb7\xeb\xf5\xae\xdd\x98\xebU_\xe1\
\x1c\xa3w\xddz\x1c.SE\x1e\xf5\xdd\xf3\xd1\xcd\xfd\
\xbe\x91\x94lu\x8c>\x971~\xfd]\x1f\xeb\x1e\x7f\
\x1d\xddO\xc3/\xc1`\xf2\xfc\x1d\x18<\x06\x16\xce\x17\
\x0dn6\xa2\xd5\xaa\x22\x9ac\xdd\x0f\xdcWq\x11\x11\
\xba\x1e\xd2\x9ab\x98\xd2#r\x1b\x0a\x94\xa0\xa2P\x82\
\x89B\x10\xa2P\x82\xa2\xca\x89\x0aBaQ\x14Z\x15\
\x94\x01hRN\xa8\xa7=\xf9\xad\x10\xa2{@Z\x14\
\x99AIZ\x15\x99AE\xa1\x9c\xc8\x81\xd5*I\xb0\
w\x8b)2\x82\xc0)2\x89\xb3\xc96J\xb3(\x8f\
$Y\x9c\xcaw\xc9\xb2\xecm\xbaT\x99x\xa7G\x90\
\x95&\xa7\x8e\xc2\x9b-\x0c\xe6\xa7\xe3\x88\xb3k\x11\x87\
\xaf\x0d\x88\xb3n\xfd\x8b\x91\xd9\xae\xd5\xcab\xaaj\x8f\
\x09\x89j\x9ds\xc1\xdc\x0e:k\xc6\xe9{\x94`o\
\xcf9\xc2]\x99\xf4U\xcf\xe6\xd5\xdfG\xb2w\x8e\xee\
\xe6\xdc\x98x\xb8\xd8\xac\x15\x9c]<\x9b\xb4\xeb\xe3\x0e\
\x16+\x0dg\x15O&\xed:\xf8\xb8\xef;\xca3<\
\x93\x1fV\x075\xc1^\xc2b)\xe74\x5c\x8e\xf8\xf1\
\x89\xee\x98\xf3\x87\xa2\xec\x0dA\x91\xe5Z\x83\x018\x1c\
\xe3\x03o\x17g\xf0{\x5c\xaa\xb7>4\xd5\x1c\xe9\x96\
\x88\xe2\x07\x0a3L\x8a.c\xf2Y\xb9\x9ae\xd1\xce\
b)\xfb\xbd\xa8\xfc\xeac\xe3G\x9c|\x90\xf1\xb9\x8e\
C{\x0d\xadv\xbd\xea~q\xff\x00u<\x8e;&\
\xb9c\xde\xb7\xefS\xf3\x86\xb6\x01\xd0:P\x00\x00\x00\
\x00\x00\x00\x00\x00\x00\x00\x00\x00\x00\x00\x00\x00\x00\x00\x00\
\x00\x00\x00\x00\x00\x00\x00\x00\x00\x00\x00\x00\x00\x00\x00\x00\
\x00\x00\x00\x00\x00\x00\x00\x00\x00\x00\x00\x00\x00\x00\x00\x00\
\x00\x00\x00\x00\x1e\xceY\x80\xc6fx\xfbX\x1c\xbf\x0d\
w\x13\x89\xbdWf\xdd\xbbt\xef5O\xfe\xfa\xbe\xd6\
\x85\xd1\xd9\xc6\xaf\xcc\xa3\x0d\x97\xda\xecX\xa2~\xef\x8a\
\xae>\xe7j<\xfcg\xc2\x98\xe7>\xcen\x93\xd0\xba\
3&\xd1\xf8\x0fA\x97\xda\xf4\x98\x9b\x91\xb5\xfc]\xc8\
\x8fIs\xcb\xf3i\xf2\x8f\xa6]\x86\x0f/\xaf\x13:\
\xf0\xa7\xa7\xc9\xe8\xf2M\x9c\xbf\x99\xcf.\xafv\xdfO\
Og\x9f\x0f\x06\x15\xc3~\x0f\xe0\xb2\xcfG\x99j\x88\
\xb5\x8e\xc6m\xbd88\xe7f\xd4\xfet\xfe\x1c\xf9w\
{{\xdbj\x22\x22\x98\x88\x88\x88\x88\xda\x22#\x94\x0b\
\xb3\xd3X\xc3\xdb\xb1O&\xdch\xfa\xae\x03.\xc3\xe0\
-z;\x14\xe9\x1f9\xed\x916Q\xbb\x9c\x00\x90\xda\
@J\x0d\x80H\x22\x89D\x82\x10\x98UQQ*\x81\
0B\xd0\xae\xa7\xb5\x16QhVN\xbe@-\x0aH\
\x8a\x8bB\x92u\x02\x16\x85&@\x13\x0aL\x80\x8b3\
\x99TTYI\x90\x0e\xa9g2\x00\x95&D\xd9v\
D\xa92\x22\x8b3\x99@:%\x9c\xc8\x8a\x89\x86s\
&\xc8\xa6\xcb2\x9a\x93d\xd9\xe5\xb7$\xd9fsR\
L\x11\xbcN\xf13\x12\xb3\x09\xb2a\x9c\xd4\xd7\xbcC\
\xe1\x86Q\xa9i\xb9\x8e\xcb}\x1eY\x9a\xccL\xf6\xe9\
\xa7kW\xa7\xf3\xe2;\xa7\xf3\xa3\xc7\x9b@\xeaL\x87\
5\xd3\xb9\x9dy~o\x83\xb9\x86\xbfOv\xf1\xea\xd7\
\x1e4\xcft\xc3\xb0\x1f/RdY^\xa2\xca\xeb\xcb\
s|-8\x8b5s\xa6\xae\xea\xedU\xf8\xd4\xcfI\
t9\x9eCk\x15\xad\xcb^\xed\x7f)\xed\xf3t\xd8\
\xec\xb2\xdd\xff\x00z\x8d\xd5|\xa7\xfe\xe9r\x00\xcd\xf8\
\x91\xc3\xbc\xcfI\x5c\xab\x17jj\xc6\xe5\x15W\xb5\x18\
\x9ai\xe7o~\xeanG\xe0\xcfM\xfb\xa7\xdf\xb3\x08\
x\x5cF\x1e\xe6\x1e\xb9\xb7v4\x98yk\xb6\xab\xb3\
W&\xb8\xd2@\x18\xb3\x00\x00\x00\x00\x00\x00\x00\x00\x00\
\x00\x00\x00\x00\x00\x00\x00\x00\x00\x00\x00\x00\x00\x00\x00\x00\
\x00\x00\x00\x00\x00\x00\x00\x00\x00\x00\x00\x00\x00\x00\x00\x00\
\x00\x00\x00\x00\x00\x00\x00\x00\x00\x00\x1b\x0b\x85\xbc4\xc7\
j\xbb\x94\xe6\x19\x84\xdc\xc1d\xd4\xcf\xf0\x9bz\xf7\xfc\
b\x88\x9e\x9e5w{y\xed\xf7\xb8?\xc2\xca\xb3\x0a\
\xac\xe7\xfa\x9a\xc4\xd1\x82\xf8\xf8|\x15q\xb4\xdf\xf0\xaa\
\xbf\x0a<\xbf\x0b\xd9\xdf\xbe\xad\xd1E\xba)\xb7n\x8a\
h\xa2\x8ab\x9ai\xa66\x8ab:D;\xac\x06Y\
\xcb\xd2\xe5\xde\x1d\x1d/u\xb3\xdb)7\xe21\x18\xc8\
\xd2\x9ejzz\xe7\xab\xab\x9f\xb3\x8f\xab\x94e\xb8\x0c\
\xa3.\xb3\x97e\x98[x\x5c%\x98\xda\x8btG(\
\xf3\x9f\x19\x9e\xb2\xf7\x08\x1e\x8a\x22\x224\x87\xd2\xa8\xa6\
)\x88\xa6\x98\xd2 \x01+\x10\x02@\x0e\xa9\x0e\xa1\xed\
\x04\x00$\x11z\x89BuP\x84\xc2\xa2*,\xa8G\
\x89\xd4Z\x15\x91\x15\x16R@\xf6\x8b)\x22)\xd5h\
RP\x05\xa1\x9c\xc8\x02\xd0\xa4\x80%\x9c\x84\x82\xcaL\
\x86\xc8,\xced\x011\x0aL\xac\xa0'Fs\x22/\
\xbd:\xa6!\x9c\xc8m\xcc\x16\x88e2\x82\xa2YM\
A\xb0\xbbsY\x95U&\xc9\xb3\xca;\x93d\xb2\x9a\
\x93ce\xd8\xd9,\xe6\xa7\x8c\xa6\xdc\xde[\x1b-\xa3\
)\xa9\xf9^\xb5n\xf5\x8b\x98{\xf6\xe8\xbbf\xe53\
Mv\xeb\x8d\xe9\xaa'\xbe&\x1a3\x8a\x9c*\xaf\x03\
\xe9s\xad-f\xbb\xb8O\x8d\x7f\x05N\xf5Wg\xce\
\x8f\xc6\xa7\xcb\xbe>\xad\xef0\xb13\x13\xbcL\xc4\xf8\
\xb8X\xec\xba\xce:\xdf\x22\xe4o\xe6\x9exp\xb16\
h\xc4S\xc9\xa9\xc5C~qc\x85\xd6\xf3j\xafg\
\x9an\xd5\x16\xb1\xf3\xbdx\x8c\x1d<\xa9\xbf=j\xa3\
\xc2\xaf\x18\xee\x96\x85\xb9Ev\xaeUn\xe5\x15Q]\
\x134\xd5MQ\xb4\xc4\xc7|L>u\x8f\xcb\xef`\
nr.F\xeei\xe6\x97\x98\xc4a\xeb\xb1V\x95<\
@p\x18\x00\x00\x00\x00\x00\x00\x00\x00\x00\x00\x00\x00\x00\
\x00\x00\x00\x00\x00\x00\x00\x00\x00\x00\x00\x00\x00\x00\x00\x00\
\x00\x00\x00\x00\x00\x00\x00\x00\x00\x00\x00\x00\x00\x00\x00\x00\
\x00\x00\x00\x0d\xe5\xc1\xce\x17Sj\x9b:\x8bS\xe1\xb7\
\xbb;W\x85\xc0\xdc\xa7\xe2\xf8Wr<|)\xe9\xdf\
>\x11\xfapc\x86Q\x83\x8b\x1a\x93Ra\xf7\xc4\xf2\
\xb9\x83\xc1\xdc\xa7\xf8/\x0b\x95\xc4\xfe\x17X\xa7\xa7|\
\xf3\xee\xdc\xdc\xf7w\xf9v[\xa6\x97n\xc7d}e\
\xf4m\x9a\xd9\x8eN\x98\xac\x5co\xe6\xa6|g\xaf\xa2\
9\xb9\xf7\xf0{@w\xcf\xa0\x01\xd4\xea\x01\x00\x90\x01\
\x22\xca\x00\x83\xa8'zE\x11R\x08\x1dVB\x88\x0a\
\xaa\x04\xad\x0a\xc8\x80\xb4)*\x81\xde\xb4) \x22\xd0\
\xa4\xaaH,\xa4\x87Q\x16\x86r\xa2\x1c\x96\x85%D\
:\xa6\x19\xca\xa0uY\x9c\x8b\xd5:\xa2\xd0\xceT\x04\
\xb3\x99$\x11,\xa6U:\xaaJ\xd0\xcad\x01,\xa6\
@\x16\x86s \x1dR\xc2\xa96\x03\xeaL2\x9a\x80\
\xd8Y\x8c\xd4\x82\xcam\xcd,\xaa\xa9\x0d\x96a\x12\xc6\
j<\xda\xd7\x8b|7\xb5\xa9m\x5c\xce2[V\xed\
g4F\xf7-\xc7\xabN*#\xea\xaf\xc2z\xf76\
P\xc3\x15\x84\xb5\x8b\xb56\xae\xc6\xb1?\xf6\xe7\x1a\xed\
4\xdc\xa7\x93S\x8b\xf1V/\xe1q70\xd8\x9bU\
\xd9\xbdj\xa9\xa6\xbbu\xd3\xb5T\xccw\xc4\xc3\xf2t\
\x97\x16\xf8ygUa\xea\xcc\xf2\xcah\xb3\x9dZ\xa7\
\xd9N*\x98\xfc\x1a\xbf;\xc2}\xd2\xe7\x1cU\x8b\xd8\
\x5cE\xcc6\x22\xd5v\xafZ\xaai\xae\x8a\xe3i\xa6\
c\xbe&\x1f5\xcc\xf2\xcb\xb8\x0b\xbc\x9a\xb7\xd3<'\
\xa7\xfbt7\xac\xcd\xaa\xb4\xe6~`:\xd6 \x00\x00\
\x00\x00\x00\x00>\xc6\x94\xd3y\xc6\xa7\xcc\xa3\x03\x94a\
f\xf5q\xb4\xdc\xb9<\xad\xda\x89\xebU]#\xe9\xf0\
^\xdd\xba\xaeU\x14Q\x1a\xcc\x93:>;\xf4\xb1f\
\xf5\xfb\x91n\xcd\xaa\xee\xd7=\xd4\xd1L\xcc\xcf\xba\x1d\
\x11\xa4xA\xa72\x9ah\xbd\x9b\xef\x9cb\xe3i\x9e\
\xde\xf4\xd9\xa6|\xa8\x8e\xff\x00\xedL\xfb\x1b\x0b\x07\x85\
\xc2\xe0\xacSc\x05\x86\xb1\x86\xb3LmM\x16\xad\xc5\
4\xc7\xba\x1e\xa7\x0b\xb2w\xeeS\xca\xbd\x5cS\xd5\xc6\
~\x91\xe2\xe2\xd7\x8a\xa6\x9e\x11\xab\x91cN\xea\x09\xa7\
\xb5\x19\x1eg1\xe3\xf6\xa5\x7f\xa9\xe8bp\xf8\x8c-\
\xd9\xb5\x89\xb1v\xc5\xc8\xef\xa2\xe5\x13L\xc7\xba]\x9d\
5W\xf8\xf5\xff\x00z^\xbe?\x07\x84\xc7\xd8\xaa\xc6\
?\x09\x87\xc5\xda\xaf\x95T^\xb7\x15\xc4\xfc\xaee{\
\x1fN\x9e\xe5\xdd\xfdq\xfd\xb3\xf5\xde\x98q\xa0\xe8}\
a\xc1\xfc\x875\x8a\xf1\x19-_\xb9\x18\xb9\xde{\x14\
\xc4\xd5b\xb9\xfeo}>\xeeQ\xe0\xd2:\xafL\xe7\
:_0\xfbK8\xc2M\x9a\xaa\xdem\xdc\xa6{V\
\xee\xc7\x8d5u\xfa\xdeo0\xc9\xf18\x1d\xf7#Z\
zc\x87\xf4\xe4\xdb\xbdE\xce\x0f\x8c\x03\xabj\x00\x00\
\x00\x00\x00\x00\x00\x00\x00\x00\x00\x00\x00\x00\x00\x00\x00\x00\
\x00\x00\x00\x00\x00\x00\x00\x00\x00\x00\x00\x00\x00\x03wp\
7\x87T\xc4X\xd5Y\xf5\x8d\xe7\x95x\x0c5\xca~\
K\xb5D\xff\x00\xc3\x1e\xff\x00\x07\xca\xe0\x7f\x0e\xe9\xce\
.\xdb\xd4\x99\xe5\x9d\xf2\xebU\xff\x00\xd9\xb0\xf5G,\
Eq?\x1a\x7f2'\xa7Y\xe5\xdd\x13\xbfA\xf5w\
\x99f\x03]/\x5c\x8d\xdc\xd1\xf5}\x07evw\x95\
\xc9\xc6\xe2cw\x1ac\xeb?N\xfe\x84\x99\x9d\xf7\xdf\
}\xd4\x1e\x81\xf4P\xea\x09\x03\xa8$\x00\x00\x04\xa0\x01\
 \x8a\x89\x00\x12\x12\x02UE\x05\x95!7Q0\xaa\
\x04\xa2\xd0\xaa\xa0,\xa4\x9b\x9d\xe2{\xd6\x85%D<\
V\x86rnnn\x9b\xa6\x14\x95\xdd\x01vr\xb0\x80\
\x95%P\x16g!\xb9\x22\xcceP>\xa4\xb3\x95B\
D\xb2\x99\x00\xea\xb41\xaaBA0\xcad\xfa\x80K\
\x19\x91AhaT\x80%\x8c\xd4\x82\x8b1\xaa\xa1%\
IL1\xaa\xa4G\x92JXURsE\xd8\xdb\x9a\
X\xcdH\xd6\xfc`\xe1\xed\x1a\x9f\x0dVo\x94\xdb\xa2\
\x8c\xe6\xcd>\xb5=\xd1\x8a\xa6:O\xe7\xc7I\xeb\xdd\
>-\x900\xc5a-b\xedM\xab\xb1\xacK\x0b\x9a\
W\x1aK\x8b.\xdb\xb9j\xedv\xae\xd1U\xbb\x94U\
4\xd5MQ\xb4\xd31\xdf\x13\x1d%\xe2\xdf\xdcm\xe1\
\xfc\xe7\x16.j<\x97\x0f\x13\x98\xda\xa7|U\x9bq\
\xcf\x11L~\x14GZ\xe2>Xh\x17\xccs,\xbe\
\xe6\x02\xf4\xdb\xaf\x874\xf4\xc3\xab\xb9nh\x9d\x00\x1d\
{0\x00\x00\x00\x00}\xed\x0b\xa61\xda\xb3PZ\xca\
\xb0s\x16\xe9\x9f^\xfd\xea\xa3\xd5\xb5n;\xea\x9f\x1f\
\x08\x8e\xb31\xedu\x1e\x98\xc8r\xcd7\x93\xda\xca\xf2\
\xab>\x8e\xcd\x1c\xeb\xaa~=\xda\xba\xd7T\xf5\x99\xfa\
;\x98\xdf\x054\xd5\x1awFX\xbfv\xdfg\x1f\x99\
Db/\xcc\xc6\xd3M3\xf1(\xee\xdf\x94N\xfbx\
\xcc\xb3}\x9fJ\xd9\xfc\xaa\x9c%\x98\xbb\x5c{\xf5|\
\xa3\xa3\xcd\xd7\xe2.\xeb:G\x02QSg\xa3p\xe6\
I\x84\xd9vM\x92\xa4\xca>n\xa5\xc8\xb2\xcdE\x94\
\x5c\xcb3L<]\xb1_:j\x8f\x8fj\xae\x95S\
=&?\xc9\xf4\xb6^\x8a\x5c\xb7M\xcaf\x8a\xe3X\
\x95b\xb9\xa6u\x87%\xeb\xbd1\x8d\xd2y\xfd\xdc\xb3\
\x17\xf7Ks\x1d\xbc=\xe8\x8fV\xed\xb9\xee\xab\xcaz\
Lt\x97\xc1t\xe7\x19\xf4\xc5\x1a\x8bG\xde\xb9f\xd4\
U\x8f\xcb\xe2q\x18y\x88\xde\xaa\xa2>=\x1e<\xe2\
7\x88\xf1\x88s\x1b\xe5y\xd6[\xea\x18\x99\xa6\x9f\xbb\
;\xe3\xcb\xe0\xee\xb0\xf7\xbd-\x1a\xf3\x80:\x86\xe0\x00\
\x00\x00\x00\x00\x00\x00\x00\x00\x00\x00\x00\x00\x00\x00\x00\x00\
\x00\x00\x00\x00\x00\x00\x00\x00\x00\x00\x003\x9e\x10\xe8{\
\x9a\xbb:\xf4\xd8\xca.S\x93\xe1*\x89\xc4\xdc\x8e^\
\x92z[\xa6|g\xae\xdd\xd1\xe1\xbc1\xfd\x19\xa7q\
\xda\xa7Pa\xf2\x8c\x04mU\xcfZ\xe5\xc9\x8d\xe9\xb5\
D|j\xe7\xca>\xb9\x88u\x8e\x9c\xc9\xb0\x1a\x7f%\
\xc3e\x19m\xb9\xa3\x0f\x87\xa7h\x99\xf8\xd5\xcfZ\xaa\
\xf3\x99\xe6\xec\xf2\xdc\x17\xa7\xab\x97_\xdd\x8f\x9fS\xd6\
l\xbeE\xeb\xf7}=\xe8\xff\x00\x1d?9\xe8\xec\xe9\
\xee{\xd8{Vp\xf6-\xe1\xf0\xf6\xa8\xb3b\xd5\x11\
E\xbbtF\xd4\xd1LG(\x88~\x9dA\xea_Y\
\x8d\xdb\xa1\x14\x12\x90\x10\x14\x90\xea\x94\x1bsED\xa5\
D\x12(\x82P\x00\x00\x82\xd0*\x02Q*\x80\x98T\
7A0\xa8\x09\xd5xRCsi\xec\xf6\xb6\xda\x9f\
\x19\xe5\x11\xef|\x0c\xe7X\xe9l\x9f\xb7\x19\x8e\x7f\x80\
\xb7]\x1d\xf6\xa8\xbb\xe9.G\xf6i\xdeQ]t\xdb\
\x8dj\x9d#\xad\x8d\xdb\xd6\xedS\xca\xb9TDu\xce\
\x8f\xbe\x8di\x9a\xf1\xa7H\xe1fh\xc1\xda\xccs\x09\
\xdb\x95TZ\x8bt\xff\x00\xc5;\xfd\x0cW0\xe3\xae\
:\xaa&\x9c\xbfN\xe1,\xce\xfc\xaa\xbf~\xab\x9c\xbd\
\x91\x14\xfdn\x15\xcc\xdb\x09o\x8dz\xf6ot\xd7\xf6\
\x87-\xb3\xban\xc4\xf6k>\x1b\x9b\xd7\xde\x9dyn\
\xe6\xccw\x18\xf5\xa6\x226\xb3{\x03\x83\xf3\xb1\x85\xa7\
\xfe\xad\xdf2\xf7\x13u\xdd\xd8\x98\xabQ\xe2\xa9\x89\xfe\
N\x9a(\xfd\x1aa\xc5\xabh0\xd1\xc2&{\xbc\xdd\
]\xcd\xaf\xc0\xd3\xba\x9aj\x9f\x84y\xba\xa2\x22\xaf\xc5\
\xaa}\xd2\x9d\x9a\xbf\x12\xbf\xee\xcb\x92/k]]z\
\xae\xd5\xcdK\x9a\xcc\xf9b\xab\x8f\xaa^\xb5Z\xa3R\
\xd5;\xce\xa1\xcd\xa7\xfd\xb2\xe7\xebg\xf6\x8e\xdcp\xa2\
{\xdci\xdb\x1b\x1c\xd6\xe7\xbe\x1d\x81\xd9\xab\xad\x15\xff\
\x00vRb\x7f\x16\xa8\xf6\xc3\x90i\xd5:\x9a\x99\xde\
\x9dC\x9bD\xff\x00\x5c\xb9\xfa\xde\xd6\x1b\x5c\xeb\x1c<\
\xefkR\xe6\x9b\xfev\x22\xaa\xbe\xbd\xd3\x1bIk\x9e\
\x89V6\xc3\x0f<m\xcf\xc9\xd6{\xc7\x8c\x0e^\xb1\
\xc5M}fbcP\xde\xae<+\xb5n\xa8\x9f\x96\
\x97\xd6\xc1\xf1\xa7WY\x8ab\xfd\x9c\xaf\x13\x11\xdf5\
\xe1\xa6\x99\x9f}3\x0eE\x1bC\x85\x9e11\xf0\xfe\
\xdbS\xb5X*\xb8\xc5Q\xf0\x8f\xa4\xba,il\xbb\
\x8e\x96\xaa\xaa)\xcct\xdc\xd1O\xe1U\x86\xc4\xcc\xcf\
\xc9T\x7f\x8b&\xcb8\xc1\xa2\xf1to\x88\xc4cr\
\xfa\xf7\xdb\xb3\x7f\x0f5G\xcbF\xeeu\xac\xdf\x07s\
\x85\xc8\xf8\xee\xf1s-\xe7X\x1b\xbfv\xe4|wx\
\xe8\xd8\x83\xe6e9\xe6I\x9b\x7f\xfc^q\x80\xc6\xcc\
G:m_\xa6j\x8f\xec\xcf7\xd1\x98\x9ayUL\
\xc7\xb66v4WMq\xad3\xac9\xb1TW\x1a\
\xd3:\xc3\xc8x\xabHR^H\x82X\xd4\xf2\x10\xea\
\xb3\x1a\xa5D\x13\x0cj\x95\x01haT\xa9\x02%\xc7\
\xaa^H\x1eIa5\x00uZ\x18UR\xcfz\x1d\
D\xb0\xaa\xa1\x15\x12\xc2\xaa\x84TY\x84\xd4\x22\xec\x9b\
%\x94\xd4D\xed;\xc7&\x8b\xe3\xa6\x81\xfbZ\xed\xed\
W\x92\xd8\x8f\xb5\xab\xab\xb5\x8e\xb1E?\xc1U?\xe9\
\x22?\x16z\xf8Kzl\xf0\xbbn\xdd\xdbU\xd9\xbd\
n\x9b\x96\xaeS4WEQ\xbd5S=\xf10\xe0\
\xe69}\xbcu\x99\xb7_\xc2z%\x85s\x15F\x92\
\xe2\xd1\x9eq\x83C\xd5\xa53x\xc5`\xa2\xaa\xf2\x9c\
eS6fc\xf8*\xbb\xe6\xdc\xcf\xd3\x1e^\xc6\x06\
\xf9f'\x0ds\x0dvm\x5c\x8d\xf0\xe2\xcci:\x00\
0@\x00\x0f\xab\xa42\xc9\xceuF[\x95\xf6fi\
\xc4\xe2h\xa2\xbd\xbb\xfb;\xfa\xdfF\xef\x94\xcd\xb8\x19\
\x1b\xf1S%\xf2\xae\xec\xff\x00\xff\x00*\xdc\x9c\x1d\xb8\
\xbb\x88\xb7D\xf0\x99\x88\xef\x95j\x9d)\x99t\xf4\xc5\
1;S\x1bS\x1c\xa2<\x22\x04\x88\xe5\xe6\xbb>\xc8\
\xe9&CcdJ\x93!&\xc9\xb0\xcedIT\x98\
J\xb3+\x1bo\xebF\xf1\xddTyur.\xb5\xcb\
c'\xd5\xd9\xaeYM\x1d\x8a,b\xab\xa6\xdcxQ\
\xbe\xf4\xfd\x13\x0e\xb9\x98s?\x1d-E\xae%\xe63\
\x1f\xe9)\xb5\x5c\xfb}\x1d?\xa9\xe4v\xbe\xd4N\x1a\
\x8b\x9c\xf1:w\xc7\xf4\xe7\xe5\xd5{\xf3K\x06\x01\xf3\
\xe7n\x00\x00\x00\x00\x00\x00\x00\x00\x00\x00\x00\x00\x00\x00\
\x00\x00\x00\x00\x00\x00\x00\x00\x00\x00\x00\x00\x00<\xec\xdb\
\xb9z\xf5\x16l\xdb\xaa\xe5\xca\xea\x8ah\xa2\x98\xdej\
\x99\xe5\x11\x11\xd6^\x0d\xcf\xf6=h\xa8\xbdv5~\
gf&\xd5\xba\xa6\x9c\xbe\x8a\xbf\x0a\xb8\xe5U\xcd\xbc\
#\xba<\xf7\x9e\x91-\xf0\xd6*\xbfr(\xa5\xd8e\
yu\xcc\xc7\x13M\x8b|\xfcg\xa29\xe7\xfe\xe7l\
\x1e\x11\xe8\xbbz?OE7\xe2*\xcd1q\x15\xe2\
\xea\x8f\xc0\xf0\xb7\x1eQ\xbf\xbewf\x88\xbd^\xc6\xd5\
\xbamQ\x14S\xc2\x1fn\xc2\xe1m\xe1l\xd3f\xd4\
iM \x0d[\x81\xd4\x12\x00\x94\x12u\x04\x80\x82E\
@JU\x01 \x00\x84\x01`\x10J\x17\xaa\x0fK8\
\xcdr\xcc\x9f\x058\xcc\xd7\x1d\x87\xc1\xd8\x8f\xc2\xbb^\
\xdb\xcf\x84G|\xcf\x94\x131Lk,\xeb\xae\x9a)\
\xe5U:C\xddx\x5c\xae\x8bV\xea\xbbr\xbam\xdb\
\xa6&j\xae\xba\xb6\xa6#\xdb-;\xabx\xdf\x85\xb3\
5\xe1\xf4\xce_8\x9a\xbb\xa3\x15\x8b\x89\xa6\x8flQ\
\x1c\xe7\xdf1\xecj]I\xaa\xb5\x06\xa2\xb9\xda\xce3\
LF&\x9d\xf7\x8b[\xf6m\xd3\xec\xa26\x8f~\xdb\
\xba\x9cFub\xd6\xea=\xe9\xf9w\xbc\xa6a\xb5\xf8\
<6\xb4\xd9\xff\x00$\xf5n\x8e\xff\x00-]\x09\xa8\
\xf8\xab\xa3\xb2i\xaa\xdd\x18\xea\xf3K\xf1\xfe\x8f\x05O\
n\x9f\xef\xce\xd4\xfc\x9b\xb5\xc6}\xc6\xec\xf3\x13\xda\xb7\
\x93\xe5\xb8<\xba\x89\x8d\xa2\xbb\x9b\xde\xb9\x1eq3\xb4\
G\xc9-P:[\xf9\xc6&\xef\x09\xe4\xc7W\x9f\x17\
\x8e\xc6mVa\x88\xddM\x5c\x88\xea\xf3\xe3\xdd\xa3\xed\
g\x9a\xafRgsW\xee\xaeu\x8d\xc4\xd3TmU\
\xb9\xbb1D\xff\x00f6\xa7\xe8|Pu\x95WU\
s\xadS\xac\xbc\xfd\xcb\xb7.\xd5\xca\xb9T\xcc\xf5\xef\
\x00U\x98\x00\x00\x00\x00\x00\x00\x00-5UMQU\
34\xd5\x13\xbcLO8e\x19\x1f\x10u\x8eM1\
\x18L\xf7\x15]\xbd\xe2f\xd6\x22\xafKL\xf9mV\
\xfb{\xb6b\xc3Kw\xaeZ\x9dh\xaabz\x9a\xda\
\xbdr\xd4\xebn\xa9\x89\xea\x9d\x1b\xafN\xf1\xc6\x89\x8a\
mj\x1c\x97\xa7;\xd8\x1a\xb6\xe7\xfc\xca\xb9|\x92\xd9\
zsXi\x8dA\xb59Vq\x87\xb9vb~\xe1\
v}\x1d\xde_\x9bV\xdb\xfb\x9c\x92G)\xde\x1d\xd6\
\x1bhq6\xb7\x5c\xf7\xa3\xba{\xdd\xd6\x1bh\xb1V\
\xb7\x5c\xd2\xa8\xee\x9e\xf8\xf2v\xadQ4\xd5\xb5Q1\
>h\xe6-)\xc5\x0dW\x90\xcd\x16\xaa\xc6Ne\x83\
\x89\xe7\x87\xc6L\xd7\xcb\xf3j\xf8\xd1\xf2\xed\xe4\xdb\xba\
;\x8b\x1ak<\xec\xe1\xf1\xd5\xfe\xe3\xe3'\xf01\x15\
oj\xa9\xfc\xdb\x9f\xafg\xa5\xc1\xe7x\x5cN\x94\xcc\
\xf2g\xa2|\xf8=\x06\x1b:\xc3bwk\xc9\x9e\x89\
\xf3\xe0\xd8*\xf1\xe9\x15F\xd3\x13\x1b\xc4\xc4\xef\x13\xec\
\x9e\xa3\xb9s\xeay\x08\xabC\x0a\x94Ahq\xea\x97\
\x90\x82a\xc6\xaaT\x08Z\x1cz\xa4_j\x09q\xea\
\x90\x0e\xa9aUA\xb0%\xc7\xaa\xa4\x15\x13\x0cf\xa1\
\x15\x16c5!0\xa9\xb2X\xcdOCPe\x18\x1c\
\xf7%\xc4\xe5\x19\x95\xbfI\x86\xc4S\xb5^4U\xd2\
\xaa|&'\x9b\x94\xf5\xa6\x9c\xc7imA\x7f(\xc7\
mUV\xfdkw)\x8fV\xed\x13\xddT\x7f\xef\xbf\
w]\xcb\x0e\xe2\xae\x8d\xb5\xab\xb4\xf4\xdb\xb3\x14\xd3\x99\
\xe1bk\xc1\xd7\xf8\xd3\xd6\xdc\xcf\x84\xfd\x13\xb3\xcf\xe7\
\xd9LcmzKq\xef\xd3\xf3\x8e\x8f&s:\xb9\
ly\xdf\xb5r\xc5\xfb\x96/[\xaa\xdd\xdbuM\x15\
\xd1Tm4\xccN\xd3\x13\x1e/\x07\xcdf4@\x00\
\x0c\xdb\x81\x91\xbf\x14\xb2\x7fm\xdf\xf9U\xb0\x96m\xc0\
\xdf\xbe\x96O\xfc\xeb\x9f\xf2\xabsr\xdf\xceZ\xfeT\
\xf8\xc2\x97>\xe4\xbaz#\x94{\x04\xe8\xaf\xb0\xba)\
\x93\xaa*\x0c\xe6DT\xe6\x95&O4\x92I\x14\x99\
I\xeesg\x1e\xe3n$\xe3?\xa1\xb5\xfa\x10\xe99\
so\x1f9q#\x17\xfd\x0d\xaf\xd0\x87\x97\xda\xdf\xc9\
S\xfc\xa3\xc2\x5c\xec\xb6\x7f\xcb=\x8c\x04\x07\xce\x1d\xe0\
\x00\x00\x00\x00\x00\x00\x00\x00\x00\x00\x00\x00\x00\x00\x00\x00\
\x00\x00\x00\x00\x00\x00\x00\x00\x00\x00\x03\x22\xe1\xde\x98\xbf\
\xab5N\x1f*\xb7\xda\xa6\xc7\xf0\xb8\xab\x91\xfe\x8e\xd4\
|i\xf6\xf7Dy\xcc:\xd3\x07\x86\xc3\xe0\xb0\x960\
xKT\xd9\xc3\xd8\xb7M\xabV\xe9\xee\xa6\x98\x8d\xa2\
\x18w\x07t\x84iM-Dbm\xc4fx\xdd\xae\
\xe2\xe7\x96\xf4r\xf5m\xef\xf9\xb1<\xfc\xe6Y\xbb\xd5\
\xe5\xb8OAkZ\xbe\xf4\xff\x00\xda>\xc3\xb3\x19G\
\xb3\xf0\xbc\xaa\xe3\xdf\xaf|\xf5tG\x9fX\x07Wb\
\xf4\xa0\x1dR\x80\x04\x80\x09\x0f4TH\x00\x94\x80$\
\x04\x01z\xa0\x89B\x9fR\x1eI\x07\xaf\x8f\xc6a2\
\xfc\x1d\xccf;\x13g\x0b\x87\xb7\x1b\xd7v\xedqM\
4\xfb\xe5\x86q\x07\x89\x99&\x95\x8a\xf0\x96\xa63,\
\xd69}\xadn\xbd\xa9\xb7\xfc\xfa\xba{#\x9fww\
{\x9fuf\xaa\xcf5F/\xd3\xe6\xf8\xda\xaeSL\
\xcc\xdb\xb1G\xabj\xdf\x7f\xc5\xa7\xdf\xb6\xf3\xbc\xf9\xba\
\xccnkk\x0f\xee\xd3\xefU\xe1\xda\xf2\xf9\xc6\xd4a\
\xb0\x1a\xdb\xa3\xdf\xaf\xa28Gl\xfd8\xf66\xa6\xb9\
\xe3U\xabss\x07\xa4\xecE\xda\xbb\xa7\x1b\x88\xa3\xd5\
\xfe\xc5\x13\xf5\xd5\xe1\xdc\xd3\x99\xcem\x99g8\xda\xb1\
\xb9\xae:\xfe2\xfd[\xfa\xf7j\xdfn{\xed\x11\xdd\
\x11\xe5\x1c\x9e\x90\xf3\x18\x9cm\xecL\xebr~\x1c\xcf\
\x9a\xe69\xbe/0\xab[\xd5n\xe8\x8d\xd1\x1f\x0f=\
\xe0\x0e+\xac\x00\x00\x00\x00\x00\x00\x00\x00\x00\x00\x00\x00\
\x00\x00\x00\x00\x06Q\xa3u\xde\xa2\xd2\xd5\xd3F\x07\x17\
7\xb0{\xfa\xd8K\xfe\xb5\xa9\xf6G\xe0\xcf>\x9by\
\xee\xde\xfa\x13\x89\x1a\x7fT\xf60\xde\x922\xec\xca\xa8\
\xfe+~\xbeU\xcf\xe6W\xdd>\xceR\xe6\x01\xdb`\
3\x8cF\x0ftO*\x9e\x89\xfat;<\x1ek\x7f\
\x0b\xbb]i\xe8\x9f\xa7C\xb5f&'i\x89\x83\x9b\
\x9dt\x0f\x16\xb3l\x96-\xe03\xcfI\x9a\xe5\xd1\xca\
*\xaa\xaf\xbb\xda\x8f*\xa7\xe3G\x94\xfc\xad\xf3\x90g\
9V\x7f\x96\xd3\x98d\xf8\xdbx\xbc<\xf2\xaai\x9d\
\xaa\xa2|*\xa6y\xc4\xfb^\xdf\x01\x9aX\xc6\xc7\xb9\
:OD\xf1\xfe\xde\x9b\x0d\x8f\xb5\x8a\x8frw\xf4s\
\xbe\x90\x0e\xce\x1aU*\x02\xce-r\xa4\x82\xda8\xb5\
T\x00\x97\x1e\xa9\x01\x12\xc2\xaa\x97\xb8:\x09q\xaa\xa8\
ED\xc3\x19\xa8E\x12\xc6jIED\xb1\xaa\xa1\x15\
\x12\xcaji\x7f\xb2\x07Ev\xa2\xad_\x96Z\x9d\xf9\
S\x98[\xa6=\xd1wo\xa2}\xd3\xe2\xd2n\xd2\xbd\
j\xd5\xfb\x170\xf8\x8bt\xde\xb3v\x99\xa2\xe5\xba\xa3\
zj\xa6yLK\x96\xf8\xa9\xa4.i-GU\x8b\
]\xaa\xf2\xecN\xf7pw'\x7f\x8b\xbf:'\xce\x9e\
\xef\x93\xc5\xe0v\x9b*\xf45\xfa\xd5\xb8\xdd<z\xa7\
\xa7\xe3\xe3\xda\xb5\x15\xf2\xb71\x10\x1eI\xa0\xcd\xb8\x1b\
\xf7\xd1\xc9\xff\x00\x9ds\xfeUL%\x9bp7\xef\xa5\
\x93\x7f>\xe7\xfc\xaa\xdc\xdc\xb7\xf3\x96\xbf\x95>0\xa5\
\xcf\xb9=\x8e\x9e\x8e\xe8@}\x85\xe7fD]\x91*\
L\x88\xa9\x22\x93\x22*%I\x92\x5c\xd9\xc7\xaf\xbe>\
+\xfa\x0b?\xa1\x0e\x93\x976q\xee6\xe2>.?\
\xf2m~\x84<\xbe\xd6\xfeJ?\x94xK\x9f\x95\xce\
\xb7\xa7\xb1\x81\x00\xf9\xbb\xbf\x00\x00\x00\x00\x00\x00\x00\x00\
\x00\x00\x00\x00\x00\x00\x00\x00\x00\x00\x00\x00\x00\x00\x00\x00\
\x00\x01\xb2\xf8\x05\xa4\xbfw5/\xee\xce2\xd7k\x01\
\x96U\x15\xc4LN\xd7/w\xd3\x1e{|i\xf7x\
\xb5\xd6\x0b\x0d\x7f\x1b\x8c\xb3\x83\xc3[\x9b\x97\xef\xdc\xa6\
\xdd\xba#\xbe\xaa\xaa\x9d\xa2>Yu\xd6\x86\xd3\xd8m\
/\xa60yE\x8e\xcc\xd5n\x9e\xd5\xfb\x91\x1bzK\
\xb3\xce\xaa\xbe^Q\xe5\x11\x0e\xcb,\xc3zk\xbc\xaa\
\xb8R\xf5[)\x95z\xee/\xd2\xd7\x1e\xe5\x1b\xfbg\
\x9a>\xbf\xfb}\xce\xbb\xc9\x00\xf5O\xae\x00uH\x00\
\x94\x1d\xe0$\x00H J@\x10H\x02@\x11 \x0f\
\x91\xaa3\xfc\xafM\xe55\xe6y\xb6\x22-Y\xa7\x95\
4\xc7:\xee\xd5\xd2\x9ac\xac\xfd]\xf2\x8a\xaa\x8ab\
j\xaat\x85.\x5c\xa2\xd5\x13]s\xa4G\x19}\x0c\
f+\x0d\x83\xc2\x5c\xc5b\xf1\x16\xb0\xf8{T\xf6\xae\
]\xb9TSM1\xe33-\x15\xc4\xbe.\xe21\xfe\
\x93+\xd2\x97.\xe1p\x9c\xe9\xb9\x8c\xdb\xb3v\xefO\
S\xad\x14\xf9\xfcog\x5cG\x88\xba\xf74\xd5\xf8\xbe\
\xc5SV\x13,\xb7?q\xc2SW/\xe7W?\x85\
W\xd1\x1d:\xcc\xe2\x0f3\x8f\xcd\xea\xb9\xad\xbb;\xa3\
\xa7\x9e|\x9f2\xcfv\xb2\xbcD\xcd\x9c\x1c\xf2h\xe7\
\x9ey\xec\xe8\x8f\x9fb\xcc\xcc\xcc\xcc\xce\xf3(\x0e\x8d\
\xe2@\x00\x00\x00\x00\x00\x00\x00\x00\x00\x00\x00\x00\x00\x00\
\x00\x00\x00\x00\x00\x00\x07\xd4\xd39\xfem\xa73:3\
\x0c\xa3\x17^\x1e\xf5?\x1a;\xe9\xb9\x1f\x8bTu\x87\
\xcb\x16\xa2\xba\xa8\xaa*\xa6t\x98Z\x9a\xa6\x99\xe5S\
:K\xa7xk\xc4\x5c\xafV\xd8\xa3\x09\x7f\xb1\x82\xce\
)\x8f_\x0f3\xea\xdd\xdb\xf0\xad\xcf\xf8w\xc7\xd2\xce\
;\xa7iqe\xab\x97-]\xa2\xed\xaa\xea\xb7r\x8a\
\xa2\xaaj\xa6v\x9af;\xa6'\xa4\xb7\xaf\x09\xf8\xa9\
F>mdz\xa2\xfd6\xf1<\xa9\xc3\xe3\xaa\x9d\xa9\
\xb9\xe1M\xcf\x09\xf0\xab\xaft\xf9\xfbl\xa3h\x22\xec\
\xc5\x9cF\xea\xb9\xa7\xa7\xb7\xad\xdf\xe0\xf38\xb9\xa5\x17\
x\xf4\xf4\xb6\xfa\xa4\xef\x13\xb4\x90\xf5p\xe7W/!\
\x08Y\xc5\xaaT\x81\x12\xe3WR\x9dz\x82\x5cz\xea\
\x08\x04\xb8\xf5TH'zXUP\x90\xa8\x96\x13P\
\x02X\xd5R'UD\xb1\xaa\xa1\x8f\xeb\xed5\x86\xd5\
\x9ak\x11\x94\xde\xda\x8b\xdf\xc2an\xcf\xfa;\xb1\x1c\
\xa7\xd9=\xd3\xe5,\x80gz\xcd\x17\xad\xcd\xba\xe3X\
\x96\x5c\xb9\x89\xd6\x1ce\x8e\xc2\xe208\xdb\xd8<]\
\xaa\xad_\xb1\x5c\xdb\xb9E]\xf4\xd5\x13\xb4\xc3\xf0o\
\x0f\xb2\x1bGz[Q\xab\xb2\xfb^\xbd;[\xc7\xd1\
Lw\xc7u7~\xaag\xdd\xe0\xd1\xef\x93fX\x1a\
\xf08\x8a\xadU\xc3\x9aza\xd8Q\x5cWN\xb03\
n\x06\xfd\xf4r\x7f\xe7\x5c\xff\x00\x97S\x09f\xdc\x0d\
\xfb\xe8\xe4\xff\x00\xce\xb9\xff\x00*\xa5r\xdf\xceZ\xfe\
T\xf8\xc2.\xfd\xc9\xect\xecw\x02>\xc4\xf3s*\
\x92\x03)\x91\x01*L\x88\x02\xb3$\xb9\xb3\x8fq\xb7\
\x121q\xff\x00\x93k\xf4!\xd2R\xe6\xde=}\xf1\
\xf1\x7f\xd0\xda\xfd\x18y}\xad\xfc\x94\x7f(\xf0\x97c\
\x95O\xf9\xa7\xb3\xc9\x81\x00\xf9\xbb\xd0\x80\x00\x00\x00\x00\
\x00\x00\x00\x00\x00\x00\x00\x00\x00\x00\x00\x00\x00\x00\x00\x00\
\x00\x00\x00\x00\xfd\xb0Xk\xf8\xcce\x9c&\x1a\xdc\xdc\
\xbf~\xe56\xed\xd1\x1f\x85US\xb4G\xcb'\x14\xc4\
MS\xa46\xc7\xd8\xdd\xa6>\xdc\xce/\xea|]\xbd\
\xec`w\xb5\x86\xdf\xf0\xafU\x1c\xe7\xfb4\xcf\xfcQ\
\xe0\xdf\xd0\xf9\x1a;$\xb1\xa74\xc6\x07&\xc3\xccU\
\x18{{W^\xdf\x1e\xb9\xe7]^\xf9\x99}w\xb1\
\xc1\xe1\xfd^\xd4Q\xcf\xcf\xda\xfbvG\x96\xc6]\x83\
\xa6\xcf\xfbq\x9e\xd9\xe3\xdd\xc3\xb2\x01Q\xcbv\xea\x81\
\xd5(T\x04\x81 \x90@\xdd`\x00\x0e\xa8\x09H\x12\
\x89\x157\x18\xee\xbb\xd59v\x92\xc8\xeb\xccq\xd3\xe9\
.U=\x8c>\x1e\x99\xda\xab\xd5\xf8yG\x8c\xf4E\
u\xd3E3US\xa4C+\xf7\xad\xd8\xb77.N\
\x94\xc7\x195\xce\xac\xca\xb4\x96Q\xf6\xeecs\xb7r\
\xbd\xe3\x0f\x87\xa2}{\xd5xG\x84x\xcfO\x91\xcc\
\x9a\xd3T\xe6\xba\xaf6\x9c~gw\x95;\xc5\x8b4\
\xfcK4\xf8S\x1f\x5c\xf7\xcb\xd7\xd5\x19\xf6e\xa93\
\x8b\xb9\xa6i\x7f\xd2^\xb9\xca\x9ac\x956\xe9\xe9E\
1\xd2#\xfc\xe7y\x99\x97\xcbx\xfc\xc31\xab\x15<\
\x9awS\xff\x00q|\x8b>\xda\x1b\xb9\x9d|\x8a7\
[\x8e\x11\xd3\xd7>\x5c\xc0\x0e\xb5\xe6\xc0\x00\x00\x00\x00\
\x00\x00\x00\x00\x00\x00\x00\x00\x00\x00\x00\x00\x00\x00\x00\x00\
\x00\x00\x00\x00\x01\xb7\xf8A\xc4\xfa\xb0SgO\xeal\
D\xd5\x82\x99\x8a0\xd8\xca\xe7y\xb1\xe1Ms\xd6\x8f\
>\x9e\xce\xed\xef\x1bm\x13\xbcLLo\x13\x13\xbcL\
x\xc3\x8a[o\x83\x5cL\x9c\xaf\xd0\xe9\xddC~g\
/\x99\xec\xe1qU\xce\xf3\x86\x99\xfc\x1a\xbf3\xf4}\
\x9d\xde\xbb#\xcf9\x1aa\xf1\x13\xbb\x9az:\xa5\xda\
\xe11\xbc-\xdc\x9e\xc9o\xc8;\xd3m\xbc<cn\
\xbec\xdc9\x95\xcb\xc9\x01.%U\x0a\x9dNiq\
\xea\xa9`:\x89q\xea\xa8ED\xb0\xaa\xa0\x81\x12\xc2\
\xaa\x84YD\xb1\xaa\xa1\x15\x12\xc2\xaa\x84_$\x94\xb1\
\xaa\xa7\xe7~\xcd\x9cN\x1e\xee\x1b\x13n\x9b\xd6/Q\
4\x5c\xb7To\x15S1\xb4\xc4\xb9[\x89:Z\xf6\
\x93\xd4\xd7\xb0\x1e\xb5xK\x9fu\xc2]\x98\xf8\xf6\xe6\
yG\xb6;\xa7\xd9\xe6\xea\xd6#\xc5m'oVi\
{\x96mQ\x1f\xba8X\x9b\xd8:\xb6\x8d\xe6v\xe7\
o\x7f\x0a\xa3\xe9\xda]\x0e\xd0e\x9e\xbb\x87\xe5Q\x1e\
\xfd;\xe3\xaf\xa6\x1aa\xaf\xf2*\xd2xK\x96\x99\xaf\
\x03\xfe\xfa97\xf3\xae\x7f\xcb\xa9\x86\x5c\xa2\xbbu\xd5\
n\xe55Q]31U5F\xd3\x13\x1d%\x9ap\
3\xef\xa5\x93G\xe7\x5c\xff\x00\x97S\xe7\xb9o\xe7m\
\x7f*|a\xd9\xde\xfc:\xbb\x1d8\x03\xec/-2\
uED\xb3\x99\x11PSQ%Q*\xcc\xac\xb9\xb7\
\x8f\x7f||_\xf46\xbfE\xd22\xe6\xde=}\xf1\
\xf1\x7f\xd0\xda\xfd\x08ym\xad\xfc\x8c\x7f(\xf0\x97e\
\x94N\xb7\xa7\xb3\xc9\x81\x00\xf9\xbb\xd2\x00\x00\x00\x00\x00\
\x00\x00\x00\x00\x00\x00\x00\x00\x00\x00\x00\x00\x00\x00\x00\x00\
\x00\x00\x00\x0d\xa9\xf69i\xbf\xdd-Ow?\xc4\xdb\
\xdf\x0d\x96S\xf7-\xe3\x95W\xea\x8d\xa9\xf6\xf6cy\
\xf2\x9e\xcbU\xba\xd3\x85\xbaw\xf7\xb3\xa2\xb09}\xca\
\x22\x9cUt\xfa|W.~\x92\xaes\x13\xb7~\xd1\
\xb5>\xe7e\x95\xe1\xfd-\xeeT\xf0\xa7\x7f\x93\xd4l\
\x9e]\xebx\xe8\xb9T{\xb4o\xf8\xf3y\xfc\x19D\
w\x0a\x8fU\x0f\xaf\x04\x0a\x94 \xa8\x90\x01 \x02D\
\x01!\xd4A \x8a\x9e\xd4\x82+\xf1\xc4\xdf\xb3\x87\xc3\
\x5c\xc4b.\xd1j\xcd\xaaf\xbb\x97+\x9d\xa9\xa2\x98\
\xef\x99\x94\x931\x11\xac\xbe~\xa7\xcf2\xed9\x92\xdf\
\xcd\xb3;\xb3E\x8b1\xca\x9ay\xd5r\xa9\xee\xa2\x98\
\xeb3\xfenY\xd7\x1a\xa30\xd5\x99\xe5\xcc\xcb\x1d=\
\x8a~-\x8b\x14\xce\xf4\xd9\xa3~T\xc7\x8f\x9c\xf5\x9f\
\x91\xf5\xb8\xad\xad\xaf\xea\xec\xee\xa8\xb3]V\xf2\x9c5\
SN\x12\xd7wk\xc6\xe5Q\xf8\xd3\xf4G/\x1d\xf0\
\xc7\x91\xcc\xf3\x09\xc4U\xc8\xa3\xee\xc7\xcf\xaf\xc9\xf2]\
\xa6\xcf\xe70\xbb\xe8l\xcf\xf8\xe9\xf9\xcfOgG\x7f\
`\x07R\xf2\x80\x00\x00\x00\x00\x00\x00\x00\x00\x00\x00\x00\
\x00\x00\x00\x00\x00\x00\x00\x00\x00\x00\x00\x00\x00\x00\x00\x00\
\x00\xdd\x5c\x0b\xe2\x14S\x16t\xa6y\x88\xf5w\xece\
\xf7\xeeU\xf1\x7f\xf2\xa6|?\x17\xe4\xf0n\xd9\x8d\xa7\
i\xefqDr\x9d\xe1\xd1<\x12\xd7\xbf\xbe\x0c\x059\
\x0emzj\xcdp\xd4}\xca\xe5s\xcf\x13n>\xba\
\xe3\xe9\x8e~/m\xb3\xd9\xc7+L-\xe9\xdf\xcd?\
O'c\x86\xc4r\xa3\x91W\xc1\xb3\x82\x08{$\xd7\
 \x09q\xeb\x95\x84\x80K\x8dU@\x09q\xea\xa8E\
D\xb8\xf5T$\xaa%\x8dU\x08\xa8\x965T\x22\xa2\
X\xcdBG\x7f%A\x8c\xcbA}\x90\x1aB2\xdc\
\xde5&\x02\xd6\xd8<u{b)\xa69Z\xbd\xe3\
\xec\xab\xbf\xdb\xbf\x8b\xe0p3\xef\xa5\x93\xff\x00:\xe7\
\xfc\xba\x9d\x1f\x9e\xe5x<\xeb'\xc5e8\xfa\x22\xbc\
>*\xdc\xd1W.t\xcfJ\xa3\xce'\x9bAp\xd3\
&\xc5\xe9\xfe6\xe0\xf2\x8clmw\x0dv\xed3=\
*\xa7\xd1U1TyLm/\x09\x99\xe5~\xad\x99\
\xd9\xbfD{\xb5\xd5\x1f\x09\xd7\xeb\xc7\xbd\xdaX\xc4z\
K\x15S<b\x1d\x15\xd0\xea\x83\xde:\x19\x95@\x14\
\x99DY\x12\xa6\xa9\xf5\x12s\x05&Isg\x1ec\
n#b\xff\x00\xa1\xb5\xfa\x10\xe99so\x1e\xb9q\
\x1f\x17\x1e\x16m~\x84<\xb6\xd7~J\x9f\xe5\x1e\x12\
\xed2y\xff\x00<\xf6y0 \x1f7z`\x00\x00\
\x00\x00\x00\x00\x00\x00\x00\x00\x00\x00\x00\x00\x00\x00\x00\x00\
\x00\x00\x00\x00\x00\x06i\xc1m?\x1a\x83_`\xad\xdd\
\xa7\xb5\x85\xc1\xcf\xdbw\xfc\xe2\x89\x8d\xa3\xdfT\xd3\xcb\
\xc3wTo\xbc\xef\xe2\xd5\xff\x00c\x8eC\xfb\x9d\xa3\
\xefg\x17h\xda\xfegw\xd4\xef\xde-Q\xbcG\xcb\
Wj}\x9b6\x83\xd5ev}\x15\x88\x99\xe3;\xfc\
\x9f`\xd9L\x07\xaae\xf4\xd5?z\xbfz{9\xbe\
^ u%\xd9C\xd3\x00,\x80\x04\x80@\x90:\xa0\
\x98\x00D\x84\x80\x91%\x16S\x92A\xa2\xfe\xc8\x0dm\
\xe9\xae\xce\x93\xca\xefG\xa1\xb71V>\xba'\xe3W\
\xdf\x16\xf7\xf0\x8e\xf9\xf3\xda:KcqOW[\xd2\
:b\xbcU\xa9\xa6\xac\xc3\x13\xbd\xac\x1d\xb9\x9e\xea\xb6\
\xe7\x5c\xc7\x85?^\xd1\xd5\xcb\x17\xae\x5c\xbdz\xbb\xd7\
\xab\xaa\xe5\xca\xea\x9a\xab\xae\xa9\xdej\x99\xe733\xd6\
]\x16s\x8d\xe4S\xe8(\x9d\xf3\xc7\xb3\xa3\xe2\xf0\xdb\
a\x9dz\x1a=N\xd4\xfb\xd5}\xee\xa8\xe8\xf8\xf8v\
\xbc\x00y\x87\xcc\xc0\x00\x00\x00\x00\x00\x00\x00\x00\x00\x00\
\x00\x00\x00\x00\x00\x00\x00\x00\x00\x00\x00\x00\x00\x00\x00\x00\
\x00\x00\x00\x07\xb1\x97cqYv>\xce;\x03~\xbb\
\x18\x9b\x15\xc5v\xeeQ;M3\x0f\x5cLL\xc4\xeb\
\x07\x07Xp\xdfVa\xb5\x86\x9c\xb7\x8e\xa2h\xa3\x1b\
kj1\xb6)\xfc\x0a\xff\x00\x1a#\xf1j\xef\x8f|\
td\xf0\xe4\xae\x1e\xea\xac^\x92\xd4V\xb3\x1b\x13U\
xz\xb6\xa3\x15c\xa5\xdb}c\xdb\x1d\xf1>>\xf7\
Ve\xb8\xdc&e\x97\xe1\xf3\x0c\x0d\xe8\xbd\x86\xc4[\
\x8b\x96\xab\x8e\xb1?\xfb\xee}/#\xcd#\x1dg\x93\
_\xdf\xa7\x8f__\x9f[\x99\x179q\xbf\x8b\xd9\x01\
\xdfC\x8f\x5c\x80%\xc6\xaa\xa0!\x07\x1e\xaa\x80\x12\xc6\
\xaa\x84T\xe8\x96\x15T\x80%\x85U!\x22%\x94\xc8\
\x02YL\xa3\xe0f\xdan\xd63Y\xe4\xba\x9a\xddT\
\xdb\xc4`}%\xab\xfb\xff\x00\xa4\xb7U\x15E>\xf8\
\xaa~I\x97\xdf\x19^\xb3E\xd8\x88\xaa8LO\xc6\
'XR\x9b\x93L\xeb\x01(5c2\xbc\x90\x06s\
&\xc8\xa8\x95fD]\x89\x81I\x92{\x9c\xdb\xc7\x98\
\xdb\x88\xd8\xb8\xff\x00\xc9\xb5\xfa.\x92\x9e\xe76\xf1\xea\
6\xe2>/\xfa\x1b_\xa2\xf2\xdb]\xf9(\xfeQ\xe1\
.\xd7&\x9f\xf3\xcfg\x93\x02\x01\xf3w\xa8\x00\x00\x00\
\x00\x00\x00\x00\x00\x00\x00\x00\x00\x00\x00\x00\x00\x00\x00\x00\
\x00\x00\x00\x01\xede\x18\x0b\xf9\xa6k\x84\xcbp\xd1\xbd\
\xecU\xeamQ\xe1\xbdS\xb7?'\xaa\xd9\x9fc\x9e\
M9\x86\xb9\xab3\xae\x99\x9bYe\x8a\xaeD\xf4\xf4\
\x95\xfa\x94\xc4\xfb\xa6\xa9\xf76\xc3\xda\x9b\xd7i\xa3\xa6\
\x5c\xdc\xb7\x098\xcc]\xbb\x11\xfe\xd3\xf2\xe7\xf9:\x1f\
*\xc0\xd8\xcbr\xcc.[\x86\x89\x8b8[4\xd9\xb7\
\x13\xdf\xb51\xb3\xd9\x07\xb5\x88\x88\xdd\x0f\xbb\xd3LS\
\x11\x11\xc0\x01hX\x02\x12\x80\x04\xc0'^j,!\
\xde\x09\x04TJ\x04T\x94\xa5\x1f\x9d\xeb\x96\xacY\xae\
\xfd\xeb\x94\xdb\xb5n\x99\xae\xba\xea\x9d\xa2\x9ab7\x99\
\x97\xe8\xd5\x1fd>\xaa\x9c\xbb#\xb5\xa70\x97f\x9c\
NaOo\x114\xcf:,D\xf7\x7fjcod\
L1\xc4\xdf\xa7\x0fjnU\xcc\xe0\xe68\xea0\x18\
j\xaf\xd7\xcd\xf3\x9ehjn&\xea\x9b\xba\xb3T\xdf\
\xc6\xd3UQ\x82\xb53k\x07n{\xa9\xb7\x13\xdf\xb7\
\x8d]\xf3\xed\xdb\xa3\x17\x07\x84\xb9r\xab\x95\xcduq\
\x97\xc3\xb1\x18\x8b\x98\x8b\xb5]\xb9:\xd5T\xeb \x0a\
1\x00\x00\x00\x00\x00\x00\x00\x00\x00\x00\x00\x00\x00\x00\x00\
\x00\x00\x00\x00\x00\x00\x00\x00\x00\x00\x00\x00\x00\x00\x00\x00\
\x01\xb6\xb8\x01\xac\xe3/\xc7\xc6\x97\xcc\xae\xed\x83\xc5\xdc\
\xdf\x09]ur\xb5v\x7f\x07\xd9W\xd7\xedjU\xa2\
\xaa\xa8\xae+\xa2\xa9\xa6\xaagx\x98\x9d\xa6%\xcb\xc1\
c+\xc1\xde\xa6\xed\x1c\xdf8\xe8Z\x9a\xb93\xab\xb5\
F\x11\xc1\xfd_\xfb\xeb\xd3\x11\x18\xbb\x919\x9e\x07k\
X\x9e\x93\x5c~\x0d\xcf|F\xd3\xe7\x12\xcd\xfa\xbe\xb3\
\x85\xc4Q\x89\xb5M\xdb|$\xadP!\xc8p\xea\x93\
\xa9\x22%\xc7\xaaU%e\x06\x13\x22,\x22X\xd5P\
\x8a\x9eIc2 {\xc6S\x22*%\x94\xc8\x8a\x83\
)\x90\x10g2\xa8\xa8\x95&@\x84\x15\x99T\x01I\
\x92\x5c\xdb\xc7\x9f\xbe6+\xfa\x1b_\xa2\xe9)sw\
\x1e~\xf8\xd8\xaf\xe8m~\x8b\xcb\xedw\xe4\xa3\xf9G\
\x84\xbb|\x93\xf1\xe7\xb3\xc9\x81\x00\xf9\xb3\xd4\x80\x00\x00\
\x00\x00\x00\x00\x00\x00\x00\x00\x00\x00\x00\x00\x00\x00\x00\x00\
\x00\x00\x00\x00\xe9/\xb1\xd3(\xfd\xcf\xd0uf5\xd1\
\x11w2\xc4U\x5cN\xdc\xfd\x1d\x1e\xad1\xf2\xf6\xa7\
\xde\xe7\x1c=\x9b\x98\x8cE\xbb\x16h\x9a\xee\xdc\xae(\
\xa2\x98\xef\x99\x99\xda!\xd9y\x0e_o)\xc8\xf0\x19\
]\xaeta0\xd6\xec\xc4\xcf^\xcd1\x13.\xe3'\
\xb5\xca\xbb5\xf4G\x8b\xdblF\x13\xd2b\xab\xbf<\
)\x8d>3\xfdD\xf7\xbd\xd0\x1e\x92\x1fP:\x80\x98\
\x00\x12\x80\x05\x81\x14J\x10$Z\x01\x15\x12!\xd4\x94\
\x94\x8f\xc3\x1f\x8a\xc3\xe0p8\x8cn.\xe4[\xc3\xe1\
\xed\xd5v\xeds\xf84\xd3\x1b\xcb\x90\xf5vw\x89\xd4\
Z\x8b\x1b\x9cb\xb7\x8a\xb1\x17&i\xa3\x7f\x89Dr\
\xa6\x9ftDCv}\x91\x9a\x8ep\x1a{\x0f\xa7\xf0\
\xd7v\xbf\x98U\xe9/\xed<\xe2\xcd3\xca'\xacv\
\xaa\xf9b\x99s\xf3\xcb\xe7x\x9e]\xc8\xb3\x1c#\x8f\
k\xe6[i\x99z[\xf4\xe1(\x9d\xd4\xef\x9e\xd9\xf2\
\x8f\x10\x07D\xf1\x00\x00\x00\x00\x00\x00\x00\x00\x00\x00\x00\
\x00\x00\x00\x00\x00\x00\x00\x00\x00\x00\x00\x00\x00\x00\x00\x00\
\x00G9\xda\x1b\xaf\x86\x5c\x1f\xa2\xf6\x1e\xcem\xab\xa8\
\xb9LW\x1d\xabY|L\xd3;t\x9b\x93\xdf\x1e=\
\x98\xe7\xe3\xd6\x1c\xcc\x16\x02\xf66\xe7\x22\xd4v\xcf4\
4\xb7n\xab\x93\xa456G\x90\xe7Y\xe5\xff\x00C\
\x94ex\xbcm{\xed>\x8a\xdc\xccS>s\xdd\x1e\
\xf6[\x83\xe1\x0e\xb7\xbfN\xf7pXl$\xfe-\xfc\
M\x11?F\xee\x95\xc1\xe1\xb0\xd8\x1c%\x18L\x0e\x1e\
\xd6\x17\x0dDmE\xab4E4\xd3\x1e\xc8y\xed\x0f\
ace,D\x7f\x96\xb9\x99\xea\xdd\x1fW#\xd5\xe9\
\x8e.n\xf8\x19\xd6_\xfe3\xe7_\xe4\x9f\x03z\xcb\
\xc3-\xf9\xd4~\xa7I\xa6\xceO\xd9l\x17_\x7f\xf4\
\xa4\xdb\xa2\x1c\xdd\xf05\xac\xfc2\xdf\x9d\xc7\xeaO\x81\
\xade\xe1\x96\xfc\xee?S\xa4\xb66O\xd9l\x17_\
\x7f\xf4\xceb\x976\xfc\x0d\xeb/\xc5\xcb~w\x1f\xa8\
\xf8\x1a\xd6^\x19o\xce\xa3\xf5:Ja\x0f\xb2\xd8.\
\xbe\xff\x00\xe9\x9c\xccG3Gp\xff\x00\x87\xfa\xebJ\
j|6kf\xde]r\xccO\xa3\xc4[\x8c\x5cm\
r\xdc\xcf\xad\x1d\xde\xff\x00sx(\xed\xf2\xfc\xbe\xde\
\x06\x89\xa2\xdc\xce\x93\xd2\xca\xaa\xc9N\x8a;\x07\x12\xaa\
\x84T\xf7\x8e=R\x22\x89a2$\x80\xc2\xa9I\x04\
K)\x90'\x9a%\x94\xc8*\x0c\xe6P$\x94\xb2\x99\
\x11Pg2\x00)2'EI\x15\xd4:\xecl\x0a\
\xcc\x92\xe6\xee=F\xdcG\xc5\x7fCk\xf4]#.\
n\xe3\xccm\xc4lW\xf46\xbfE\xe5\xf6\xbb\xf2Q\
\xfc\xa3\xc2]\xc6G?\xfc\x89\xec\xf2`@>l\xf5\
`\x00\x00\x00\x00\x00\x00\x00\x00\x00\x00\x00\x00\x00\x00\x00\
\x00\x00\x00\x00\x00\x00\x00\xcc\xb8/\x94~\xec\xf1\x1f*\
\xb3]36p\xf7>\xda\xbb\xb7H\xb7\xebG\xfc]\
\x98\xf7\xba\xa9\xa2\xfe\xc6\x0c\xae*\xc6g\x19\xcdtO\
\xdc\xed\xd1\x86\xb5WM\xea\x9e\xd5q\xf2SO\xca\xde\
\x8fQ\x94\xdb\xe4X\xe5t\xcb\xeb{\x1b\x85\xf49t\
\x5c\x9e5\xcc\xcf\xd3\xe8\x00\xed\x1e\xac\x01h@\x1dD\
\x80\x09\x80\x04Y\x01'TX\x00H\x92\x93\xb7Y\xda\
:\xf9,\xb0\xfe0g\xdf\xb8\x1a\x0b\x1f\x88\xb7s\xb1\
\x89\xc4\xc7\xda\xb8}\xa6b{U\xc4\xef11\xd6)\
\xedO\xb9K\xb7\x22\xd5\x13]\x5c!\x86+\x11F\x1a\
\xcdW\xab\xe1LL\xf79\xef\x89\xd9\xff\x00\xef\x8fZ\
\xe6\x19\x85\x15\xf6\xb0\xd4\xd7\xe8p\xdc\xf7\x88\xb5G*\
f=\xbc\xea\xfe\xd3\x1a\x07\x80\xb9\x5c\xdc\xaek\xab\x8c\
\xbe\x11\x88\xbf]\xfb\xb5]\xaf\x8dS3\xde\x00\xa3\x10\
\x00\x00\x00\x00\x00\x00\x00\x00\x00\x00\x00\x00\x00\x00\x00\x00\
\x00\x00\x00\x00\x00\x00\x00\x00\x00\x01\xefd9m\xec\xe3\
;\xc1eX}\xfd..\xfd\x16i\x9d\xb7\xdb\xb5;\
o\xec\x8e\xf4\xd3L\xd51Lq\x94\xc4k\xb9\xb5\xfe\
\xc7\xdd\x11k\x13\x5cj\xec\xda\xc57-Z\xaei\xc0\
Z\xae7\x8a\xab\x8e\xfb\x93\x1e\x14\xcf(\xf3\xe7\xd2%\
\xbc\xe7y\x99\x99\x9eo\xc7\x05\x84\xc3`08|\x06\
\x0e\x88\xb7\x86\xc2\xda\xa6\xcd\xaac\xa54\xc6\xd1\xf5?\
g\xd5\xb2\xcc\x0d\x18+\x11n\x9e<\xf3\xd3.\xca\x9a\
b\x8ay0 K\xb1ReP\x13\x0c*\x91\x15\x12\
\xc2e|\x90\x12\xc2\xa9<\x83\xc5\x12\xe3\xd5*\x80\x96\
\x15T\x04\x22XU*\x808\xf5H\x92\xa81\xaaP\
\x90Y\x94\xc9=\xe9\x22u\x19L\xaa*\x0c\xe6D\x04\
\xb2\x99\x00\x19\xcc\x88\x02\xb3$\x80+\xa8H\x92+\xaa\
\xcb\x9bx\xf1\x1bq\x17\x15\x1f\xf96\xbfE\xd2R\xe6\
\xee<\xc6\xdcF\xc5\x7fCk\xf4^[k\x7f%\x1f\
\xca<%\xdc\xe4_\x98\x9e\xcf&\x04\x03\xe6\xefZ\x00\
\x00\x00\x00\x00\x00\x00\x00\x00\x00\x00\x00\x00\x00\x00\x00\x00\
\x00\x00\x00\x00\x00\x0e\x9d\xe0\x16]\x18\x0e\x1b\xe1.\xcd\
\x13M\xccm\xdb\x98\x8a\xf7\xf6\xf6i\x9f\xee\xd3\x12\xcf\
\xa3\xb9\xf3t\xb6\x0b\xf77L\xe5Y\x7f\x7f\xda\xd8;\
V\xe7\xdb\x14\xc6\xef\xa4\xf6\xd8z=\x1d\xaai\xe8\x88\
}\xeb.\xc3\xfa\xbe\x16\xdd\xaf\xd3\x11\x1f%\x01\xbc9\
\x80\x09\x84\x00,\x08\xa8\x98@\x08\xb0\x01)\x10\x04\xa1\
%\xa0\xbe\xc9\x5c\xeb\xed\x8c\xfb\x01\x91Z\xafz0V\
}-\xd8\x8a\xb9zJ\xfb\xa2c\xc6)\x88\xfe\xf3~\
U4\xd3\x13Us\xb54\xc4\xcdS\xbftG9q\
\xf6\xb0\xcd\xab\xcfuFc\x9b\xd7US\xf6\xce\x22\xaa\
\xe8\xedF\xd3\x14o\xb51\xee\xa6\x22=\xce\x9b;\xbd\
\xc8\xb1\x16\xe3\xfd\xa7\xe5\x1f\xf4<~\xdac=\x0e\x0e\
\x9b1\xc6\xb9\xf9F\xff\x00\x1d\x1f$\x07\x93|\xb0\x00\
\x00\x00\x00\x00\x00\x00\x00\x00\x00\x00\x00\x00\x00\x00\x00\x00\
\x00\x00\x00\x00\x00\x00\x00\x00\x00\x00l/\xb1\xf3\x07\x18\
\xae%a\xafO\xfa\x9e\x1e\xee\x22=\xb1Of?I\
\xaf[3\xeco\xb9\x14q\x0a\xe5\x131\xf7L\xbe\xf5\
1\xed\xf5g\xfc\x1d\x86ULU\x8d\xb5\x13\xd3\x0d-\
}\xf8t\x5c\x0b\x1eH\xfa\xbc9\xb3 \x0bC\x19\x91\
\x15\x12\xc6\xa9\x0e\xf2\x04\xb0\xaaD\x04\xc3\x0a\xa4:\x88\
\x97\x1e\xa9YE\xf2A\x85R\x10\x09aT\x80H\xc2\
\xa9DTK\x0a\xa4EN\xa9e2\x22\xa0\xcad\x04\
\xdaFs s\x91,\xe6DT\xea3\x99\x0f`\x0a\
\xcc\xa2\x86\xc2\x9a\x88\xa8#Uso\x1e#n#b\
\xff\x00\xa1\xb5\xfa0\xe9)sg\x1d\xfe\xf8\xd8\xc8\xf0\
\xb5k\xf4!\xe5\xb6\xbb\xf2Q\xfc\xa3\xc2]\xd6C?\
\xfc\x89\xec\xfa\xc3\x04\x01\xf3w\xaf\x00\x00\x00\x00\x00\x00\
\x00\x00\x00\x00\x00\x00\x00\x00\x00\x00\x00\x00\x00\x00\x00\x00\
\x07lX\xaa\x9a\xac\xda\xaa\x99\x89\xa6\xaa)\x98\x98\xf0\
\xec\xc3\xcf\xab\x13\xe1&uo<\xe1\xfeW\x88\x8a\xe2\
\xab\xd8{Q\x85\xbf\x1b\xef1]\x1c\xb7\x9flm>\
\xf6Y\xbb\xdcZ\xae+\xa2*\x8ew\xdf\xf0\xb7\xe9\xc4\
Y\xa6\xed<*\x88\x9e\xf5\x0e\xa3Xn\x08,\x85\x0e\
\xa8\x91e\x04\xea\xb4\x0a\x86\xe2P\x12\x82\xc0\x80!\x87\
\xf1\x8b9\x8c\x93\x87\xb9\x95\xdak\x88\xbd\x8a\xa3\xedK\
1\xbe\xd33_*\xb6\xf3\x8a{S\xeer\xbbi\xfd\
\x91:\x8e\x8c\xc7P\xe1\xf2\x1c-\xde\xd6\x1f-\xa6f\
\xeffyM\xea\xbb\xe3\xcf\xb3\x1bG\xbea\xab\x1e;\
7\xc4zlD\xc4p\xa7w\x9b\xe4[W\x8f\x8cV\
>i\xa6wQ\xbb\xe3\xcf\xf3\xdd\xf0\x00uo2\x00\
\x00\x00\x00\x00\x00\x00\x00\x00\x00\x00\x00\x00\x00\x00\x00\x00\
\x00\x00\x00\x00\x00\x00\x00\x00\x00\x002n\x16\xe6\xf6\xf2\
M\x7f\x93\xe6\x17\xaa\xec\xd9\xa7\x11\x16\xee\xcc\xce\xd1\x14\
\xd7\xea\xcc\xcf\x94o\xbf\xb9\x8c\x8d,\xdc\x9bW)\xb9\
O\x18\x9d{\x93\x13\xa4\xea\xed\x89\x89\x89\x9ag\xa20\
\xbe\x0fj\xca5N\x92\xb3\xe9\xeeEY\x96\x02)\xb1\
\x8a\x89\x9fZ\xa8\xdb\xd4\xb9\xef\x88\xe7\xe7\x12\xcd\x1f\x5c\
\xc2\xe2(\xc4Z\xa6\xed\x1c%\xcd\xd7X\xd6\x0d\xd1Q\
\xc9cT\x9dOhBa\x85R %\x8c\x81\xbf4\
\xdd,*^\xa9\xba\xee\x89q\xea\x95@\x18\xd5'Q\
\x15.=R \x0c*\x91\x01,*\x92RU7K\
\x19\x917T\xea3\x99\x03\xc8\x19\xcc\xa0\x09e2$\
\x80\xa4\xc8\x08+2\xa8\x02\xba\x84\x80\x8dM\xb7\x9d\xba\
\xcb\x97\xf8\xc3\x8c\xb7\x8e\xe2Fqv\xd5]\xabv\xee\
\xc5\x98\x9f\xe6S\x14\xcf\xd3\x12\xe8\xcd]\x9d\xd8\xd3\xba\
s\x1b\x9cb6\x98\xc3\xdb\x9fGL\xfe\x1d\xc9\xe5M\
?,\xc3\x92o\xdd\xb9~\xfd\xcb\xf7\xab\x9a\xee\x5c\xaa\
k\xae\xa9\xef\x99\x99\xdee\xe2v\xc3\x15\x1c\x8bxx\
\xe3\xae\xb3\xe1\x1fW\xa3\xd9\xeb33U\xd9\xe1\xc1\xe0\
\x03\xc2=@\x00\x00\x00\x00\x00\x00\x00\x00\x00\x00\x00\x00\
\x00\x00\x00\x00\x00\x00\x00\x00\x00\x003\x9e\x0f\xeb\x7f\xde\
\x86uU\xbcl\xd7VU\x8c\xda\x9cDS\x1b\xcd\xba\
\xa3\xba\xe4G\x97X\x8e\xf8\xf1\xda\x1d9\x84\xc4a\xf1\
x[x\xac-\xebw\xf0\xf7i\x8a\xad\xdc\xb7Wj\
\x9a\xa2{\xa6&\x1cT\xc9tf\xb8\xd4:N\xe4\xc6\
Y\x8b\xeda\xaa\x9d\xeb\xc2\xde\x8e\xdd\xaa\xa7\xc7n\xf8\
\x9f8\x98\xf3\xdd\xda\xe03\x1fA\x1c\x8a\xf7\xd3\xe0\xf6\
\x1b=\xb4\xf3\x97\xd3\xea\xf7\xe3Z9\xb4\xe3\x1ep\xeb\
a\xa7\xb2\x8e:\xe5W-m\x9bd\x98\xcb\x17;\xb7\
\xc3WM\xcag\xcf\xd6\xec\xcc}/\xb5G\x19\xb4\x5c\
\xc7;\x99\x8c{p\xdf\xe6\xefi\xc7\xe1\xaa\x8dyp\
\xf7\xb6\xf6\x87,\xb9\x1a\xc5\xe8\xf8\xee\xf1lx\xef7\
k\x8f\x86m\x17\xfc\xaea\xf3o\xf3'\x8c\xda/\xf9\
\x5c\xc3\xe6\xbf\xe6\xbf\xafa\xff\x00\x5cw\xaf\xed\xdc\xbb\
\xf7\xe9\xef\x86\xc8F\xb8\xf8f\xd1\x7f\xcaf\x1f6\xff\
\x003\xe1\x9bE\xff\x00+\x98|\xdb\xfc\xd3\xeb\xd8o\
\xd7\x07\xb7r\xef\xdf\xa7\xbd\xb1\xd1\xae>\x19\xb4^\xff\
\x00\xc2f\x1f6\xff\x004\xf8g\xd1\x9f\x8f\x98\xfc\xda\
?Z}{\x0d\xfa\xe1\x1e\xdd\xcb\xbfz\x9e\xf6\xc8N\
\xads\xf0\xcf\xa3?\x94\xcc'\xfd\x9b\xfc\xd3\xe1\x9bF\
\x7f)\x98|\xdb\xfc\xd6\xf5\xfc7\xeb\x83\xdb\x99w\xef\
\xd3\xdf\x0d\x8e5\xcf\xc3.\x8b\x88\xfe\x170\x9f\xf6o\
\xf3z\xb8\xde6\xe9K4\xcf\xda\xd8L\xd3\x15WH\
\x8btQ\x1f,\xd5\xfe\x04\xe6\x18h\xff\x00xV\xac\
\xfb-\xa65\x9b\xd4\xf7\xb6\x7f\x93\x03\xe2\xa7\x10\xb0:\
O\x01w\x05\x83\xbbE\xfc\xee\xe5;[\xb5\x1c\xe3\x0f\
\xbc|z\xfe\xb8\xa7\xaf\xb1\xab\xf5g\x195\x0ekj\
\xac6Sf\xdeOb\xa8\xdaj\xb7Wn\xf4\xf7\xfe\
\x1c\xc4m\xee\x88\x9f6\xb5\xbbr\xbb\xb7j\xbbv\xba\
\xab\xb9\x5c\xcdUUT\xef5L\xf7\xcc\xcfYuX\
\xcc\xea\x9eL\xd3c\x8fO\x93\xcb\xe7\x1bcD\xd16\
\xb0[\xe6\x7f\xdawi\xd9\x1c{\xd6\xf5\xcb\x97\xafW\
z\xf5u\x5c\xb9]SUu\xd5;\xcdS<\xe6f\
z\xcb\xc0\x1em\xf3\xa9\x9d@\x00\x00\x00\x00\x00\x00\x00\
\x00\x00\x00\x00\x00\x00\x00\x00\x00\x00\x00\x00\x00\x00\x00\x00\
\x00\x00\x00\x00\x00\x00\x1fgGj<\xc3Kg\xb6s\
l\xba\xbf^\x8fV\xe5\xb9\x9fV\xed\x13\xdfM^S\
\xf5\xed.\x9f\xd1Z\xb3'\xd5\xb9db\xf2\xcb\xd1\x17\
i\x88\xf4\xf8j\xe7\xee\x96g\xce:\xc7\x84\xc3\x91\xde\
\xd6W\x98\xe3\xb2\xacu\xbcv]\x8b\xbd\x85\xc4\xdb\x9d\
\xe9\xb9j\xae\xcc\xc7\xeb\x8f'u\x94\xe772\xf9\xe4\
\xcckD\xf3}a\xa5\x17&\x9d\xce\xcc\xdd\x1a\x17N\
q\xbb4\xc3\xdb\xa6\xce}\x96Y\xcc\x226\x8fOf\
\xafEsn\xb31\xb4\xd33\xf22\xec'\x1at\x8d\
\xd8\xfb\xb5\x8c\xd3\x0f?\x9df\x9a\xa3\xe8\xa9\xed\xacg\
\xf8\x1b\xb1\xaf/N\xdd\xcbMQ-\x985\xecq\x83\
D\xfeU\x8e\xf9\xa4\xfe\xb3\xe1\x83D\xfeU\x8e\xf9\xa4\
\xfe\xb7'\xda\xf8\x1f\xdd\xa7\xbd\x8dM\x85\x03_|/\
\xe8\x8f\xcbq\x9f4\xab\xf5\x91\xc5\xfd\x13\xf9f3\xe6\
\x95'\xda\xf8/\xdd\xa7\xbe\x19LK`n5\xff\x00\
\xc2\xfe\x89\xdb\xf8\xee3\xe6\x95'\xc2\xf6\x89\xfc\xb3\x19\
\xf3J\xbfZ}\xaf\x81\xfd\xda{\xe1\x8c\xd1WC`\
nn\xd7\xff\x00\x0b\xda'\xf2\xccg\xcd'\xf5\xaf\xc2\
\xfe\x89\xfc\xb3\x19\xf3J\x93\xed|\x0f\xee\xd3\xdf\x0cj\
\xb7_C?\xe85\xfc\xf1{D\xfeY\x8c\x9f\xf6J\
\x8f\x85\xed\x13\xf9^7\xe6\xb2{_\x03\xfb\xb4\xf7\xc3\
\x19\xb3_C`\x1b\xb5\xf4\xf1{D\xfeW\x8d\xf9\xa4\
\x91\xc5\xed\x13\x1f\xebx\xdf\x9a\xca}\xb1\x81\xfd\xda{\
\xe1\x85V.\xcf\xfa\xcb`\xee\x8d\x7f\xf0\xbd\xa2c\xfd\
o\x1b\xf3Y_\x85\xed\x13\xb7\xf1\xcco\xcd'\xf5\x9e\
\xd8\xc0\xfe\xed=\xf0\xc6p\xd7\x7fL\xb3\xf4`?\x0b\
\xda&?\xd71\x9f4\x94\xf8]\xd1?\x96c>i\
W\xebO\xb60?\xbbO|1\x9c-\xef\xd3=\xcc\
\xfc`\x13\xc5\xed\x13\xd3\x19\x8c\xf9\xa4\x93\xc5\xed\x13\xf9\
f3\xe6\x95~\xb3\xdb\x18\x1f\xdd\xa7\xbe\x19N\x12\xff\
\x00\xe8\x9e\xe6|0\x0f\x85\xdd\x13\xb7\xf1\xcco\xcd'\
\xf5\xa7\xc2\xee\x8a\xfc\xaf\x1b\xf3I\xfdg\xb60?\xbb\
O|3\x9c\x1e#\xf4Os`#\x00\xf8]\xd1[\
\x7f\x1c\xc6\xfc\xd2\x7fZO\x17tg\xe5X\xd9\xff\x00\
e\x9f\xd6\x9fl`\x7fv\x9e\xf8RpX\x8f\xd1=\
\xcc\xff\x00\xa8\xc0c\x8b\xba/\xf2\xbco\xcde>\x17\
t_\xe58\xdf\x9a\xcf\xeb=\xb1\x80\xfd\xda{\xe1\x9c\
\xe0q?\xa2{\x99\xf8\xc0>\x17t_\xe5x\xdf\x9a\
\xcf\xeb'\x8b\x9a.;\xb1x\xc9\xff\x00e\x93\xdb\x18\
\x1f\xdd\xa7\xbe\x15\x9c\x06'\xf6\xe7\xb9\x9f\xa7\x93\x02\x9e\
.h\xaf\xca\xf1\x9f5\x94\x9e.\xe8\xbf\xca\xf1\x93\xec\
\xc2\xc9\xed\x8c\x07\xee\xd3\xdf\x0a\xfa\x86+\xf6\xe7\xb9\x9f\
\x0c\x06x\xb9\xa2\xe2?\x8d\xe3g\xd9\x85\x9f\xd6\xf0\xbb\
\xc5\xdd\x19DL\xd3\x7f\x1dr|)\xc2\xcc}rN\
q\x80\xfd\xda{\xd1\xec\xfcW\xed\xcfs`\xbd|\xc3\
\x19\x84\xcb\xf0w1\xb8\xecE\xbc6\x1a\xd4o]\xcb\
\x95m\x10\xd5Y\xbf\x1b\xb2\xfbtM9FK\x89\xbd\
_\xe3bnE\x14\xc7\x9e\xd4\xef3\xf2\xc3V\xea\xdd\
]\x9e\xea\x8b\xf1s5\xc6MV\xa9\x9d\xed\xe1\xed\xc7\
f\xd5\x1e\xca|y\xf7\xce\xf2\xea\xb1\xdbQ\x84\xb1L\
\xc5\x9f~\xaf\x97\x7f\x93\x9b\x85\xc9/\xdd\xab[\xbe\xec\
|\xdfo\x8bZ\xe2\xadW\x99\xd3\x86\xc1v\xed\xe58\
Z\xa7\xd0\xd3<\xa6\xed]\xde\x92c\xea\x8e\x91\xed`\
\xc0\xf9\xe6+\x13s\x15vn\xdc\x9df^\xb6\xcd\x9a\
,Q\x16\xe8\x8d\xd0\x00\xc1\xa8\x00\x00\x00\x00\x00\x00\x00\
\x00\x00\x00\x00\x00\x00\x00\x00\x00\x00\x00\x00\x00\x00\x00\x00\
\x00\x00\x00\x00\x00\x00\x00\x00\x00\x00\x00\x00\x00\x00\x00\x00\
\x00\x00\x00\x00\x00\x00\x00\x00\x00\x00\x00\x00\x00\x00\x00\x00\
\x00\x00\x00\x00\x00\x00\x00\x00\x00\x00\x00\x00\x00\x00\x00\x00\
\x00\x00\x00\x00\x00\x00\x00\x00\x00\x00\x00\x00\x00\x00\x00\x00\
\x00\x00\x00\x00\x00\x00\x00\x00\x00\x00\x00\x00\x00\x00\x00\x00\
\x00\x00\x00\x00\x00\x00\x00\x00\x00\x00\x00\x00\x00\x00\x00\x00\
\x00\x00\x00\x00\x00\x00\x00\x00\x00\x00\x00\x00\x00\x00\x00\x00\
\x00\x00\x00\x00\x00\x00\x00\x00\x00\x00\x00\x00\x00\x00\x00\x00\
\x00\x00\x00\x00\x00\x00\x00\x00\x00\x00\x00\x00\x00\x00\x00\x00\
\x00\x00\x00\x00\x00\x00\x00\x00\x00\x00\x00\x00\x00\x00\x00\x00\
\x00\x00\x00\x00\x00\x00\x00\x00\x00\x00\x00\x00\x00\x00\x00\x00\
\x00\x00\x00\x00\x00\x00\x00\x00\x00\x00\x00\x00\x00\x00\x00\x00\
\x00\x00\x00\x00\x00\x00\x00\x00\x00\x00\x00\x00\x00\x00\x00\x00\
\x00\x00\x00\x00\x00\x00\x00\x00\x00\x00\x00\x00\x00\x00\x00\x00\
\x00\x00\x00\x00\x00\x00\x00\x00\x00\x00\x00\x00\x00\x00\x00\x00\
\x00\x00\x00\x00\x00\x00\x00\x00\x00\x00\x00\x00\x00\x00\x00\x00\
\x00\x00\x00\x00\x00\x00\x00\x00\x00\x00\x00\x00\x00\x00\x00\x00\
\x00\x00\x00\x00\x00\x00\x00\x00\x00\x00\x00\x00\x00\x00\x00\x00\
\x00\x00\x00\x00\x00\x00\x00\x00\x00\x00\x00\x00\x00\x00\x00\x00\
\x00\x00\x00\x00\x00\x00\x00\x00\x00\x00\x00\x00\x00\x00\x00\x00\
\x00\x00\x00\x00\x00\x00\x00\x00\x00\x00\x00\x00\x00\x00\x00\x00\
\x00\x00\x00\x00\x00\x00\x00\x00\x00\x00\x00\x00\x00\x00\x00\x00\
\x00\x00\x00\x00\x00\x00\x00\x00\x00\x00\x00\x00\x00\x00\x00\x00\
\x00\x00\x00\x00\x00\x00\x00\x00\x00\x00\x00\x00\x0f;6\xee\
^\xbbM\xabV\xea\xb9r\xb9\x8ai\xa6\x98\xdej\x99\
\xe9\x11\xd5\xf5t\x86\x9d\xccuFyg)\xcbm\xf6\
\xae\xd7\xebW\x5c\xfc[TG}UyG\xea\x87M\
\xe8-\x09\x91i\x0c%\x11\x82\xb1N#\x1f4\xedw\
\x1bv\x98\x9b\x95OX\xa7\xf1i\xf2\x8f~\xeev\x0f\
\x01s\x15:\xc6\xe8\xe9w\xf9.\xcf\xdf\xcd'\x95\x13\
\xc9\xa28\xcf\xd2:Z\x0f%\xe1V\xb6\xcd-\xd1v\
2\xa8\xc1\xda\xae7\x8a\xb1w\x22\xdc\xff\x00w\xe3G\
\xc8\xfb\x11\xc1\x0d_\xb7<^O\x1f\xed\x15\xfe\xc3\xa3\
\xfa\xf9\x8e\xee\x9c\x9b\x0f\x11\xbef^\xde\xde\xc6e\xf4\
S\xa5ST\xcfo\x949\xc3\xe0CWm\xfco'\
\xf9\xc5_\xb0|\x08k\x0f\xca\xb2\x7f\x9cU\xfb.\x90\
\xe6/\xecl7_z\xff\x00c\xf2\xde\x89\xefsw\
\xc0\x86\xaf\xfc\xab'\xf9\xcd_\xb2|\x08\xeb\x0d\xbf\x8c\
\xe4\xff\x009\xab\xf6] -\x19.\x1b\xaf\xbdY\xd9\
\x0c\xb7\xa2{\xdc\xdf\xf0#\xac?)\xc9\xfesW\xec\
\x9f\x02\x1a\xc3\xf2\x9c\x9f\xe75~\xcb\xa4\x111\x92a\
\xba\xfb\xd1\xf6C-\xe8\x9e\xf77\xcf\x04u\x87\xe5\x19\
?\xcej\xfd\x93\xe0GX~Q\x93\xfc\xe6\xaf\xd9t\
\x8aB\xde\xc3\xc2\xf5\xf7\xab\xf6K-\xe8\x9e\xf77\xfc\
\x08\xeb\x1f\xca2\x7f\x9c\xd5\xfb'\xc0\x8e\xb1\xfc\xa3'\
\xf9\xd4\xfe\xcb\xa4\x0e\xa9\xf6\x16\x17\xaf\xbdI\xd9<\xbb\
\xa2{\xdc\xdf\xf0#\xac\x7f\x97\xca>s?\xb2O\x04\
\xb5\x8c\x7f\xace\x1f:\x9f\xd9t\x82l\xb7\xb0p\xbd\
}\xea\xce\xca\xe5\xdd\x13\xde\xe7\x0f\x81-c\xfc\xbeQ\
\xf3\xa9\xfd\x93\xe0KX\xfeQ\x93\xfc\xea\x7fe\xd1\xe4\
\xa7\xd8\x18^\xbe\xf5'e\xb2\xfe\x89\xefs\x7f\xc0\x96\
\xb1\xfe_(\xf9\xd4\xfe\xca\xfc\x09k\x0f\xca2\x7f\x9d\
O\xec\xba=\x16\xf6\x06\x13\xaf\xbd\x9c\xec\xc6\x03\xa2{\
\xdc\xe1\xf0%\xac?(\xc9\xfeu?\xb2|\x09k\x1f\
\xe5\xf2\x8f\x9dO\xec\xba=%?g\xf0\x9d}\xeaN\
\xcd`:'\xbd\xce\x1f\x02z\xc3\xf9|\xa3\xe7S\xfb\
+\xf0'\xac?\x97\xc9\xfeu?\xb2\xe8\xe4O\xd9\xfc\
'_z\x93\xb3x\x1e\x89\xefs\x97\xc0\x9e\xb0\xfe_\
(\xf9\xd4\xfe\xca|\x0ak\x0f\xca2\x8f\x9dO\xec\xba\
8\xdb\x9a~\xcf`\xfa\xfb\xd5\x9d\x9d\xc0\xf4O{\x9c\
\xa7\x82z\xbe?\xd6r\x8f\x9c\xcf\xec\xbc~\x05u\x7f\
\xf2\xf9G\xce\xa7\xf6]\x1c'\xec\xf6\x0f\xaf\xbdI\xd9\
\xec\x17D\xf7\xb9\xcax)\xab\xb6\xfe3\x94|\xe6\x7f\
ek\xe0\xa6\xae\x88\xde\x9cNO_\x94b\xa6>\xba\
]\x16\x1fgp}}\xea\xceA\x82\xe8\x9e\xf7*\xe7\
\x1c7\xd6\x99]\xba\xee\xdf\xc8\xef\xdd\xb5O\xe1\xe1\xea\
\xa6\xecO\xba\x99\x99\xfa\x18\x9dT\xcd5M5D\xc5\
Q;LLs\x87kF\xf4\xf3\x89\x98\xf61mi\
\xa14\xee\xaa\xb5T\xe3\xf0\x91c\x19\xf88\xcc<E\
7#\xdb\xd2\xa8\xf2\x9fs\x83\x8a\xd9\xa8\x88\xd6\xc5[\
\xfa'\xcd\xd7b\xb6v4\xd6\xc5[\xfa'\xcd\xca#\
!\xd7ZK4\xd29\xb7\xday\x85\x11]\xaa\xf7\xab\
\x0f\x89\xa2=K\xd4\xf8\xc7\x84\xc7X\xe9\xf2K\x1ey\
[\x96\xeb\xb5\x5c\xd1\x5ci0\xf3\x17-\xd7j\xa9\xa2\
\xb8\xd2`\x01E\x00\x00\x00\x00\x00\x00\x00\x00\x00\x00\x00\
\x00\x00\x00\x00\x00\x00\x00\x00\x00\x00\x00\x00\x00\x00\x00\x00\
\x00\x00\x00\x00}]+\x90\xe6:\x93:\xb3\x94\xe5\x96\
\xbbw\xee\xf3\x9a\xa7\xe2\xdb\xa6;\xea\xaazD-E\
\x15\x5c\xaa)\xa65\x99EUE1\xac\xf0|\xcbt\
Wv\xe56\xed\xd1Uu\xd5;SM1\xbc\xcc\xf8\
D3,\x8b\x85\xda\xd36\xa2\x9b\xb4e5a,\xd5\
\x1b\xc5\xcc]Qj>I\xf5\xbe\x86\xf9\xd0\x9a\x13\x22\
\xd2X[\x7fkX\xa3\x13\x98D}\xd7\x1bv\x88\x9a\
\xe6g\xbf\xb3\xf8\xb1\xe5\x1e\xfd\xd9D\xf3\xe733/\
k\x81\xd9(\x9ab\xacM[\xfa#\xcd\xd0b3\xbd\
'KQ\xf1\x97<Q\xc1=U?\x1f\x1b\x94S\xff\
\x00\xaf\x5c\xff\x00\xd2\xbf\x02z\xa7\xf2\xdc\xa7\xfd\xf5_\
\xb2\xe8cgi\xf6[\x01\xd1=\xee\x0c\xe7X\x9e\xae\
\xe7<|\x09\xea\xaf\xcbr\xaf\xf7\xd5~\xca\xfc\x09\xea\
\x9f\xcbr\xaf\xf7\xd5~\xcb\xa1|Sc\xec\xb6\x03\xa2\
{\xd5\xf6\xde'\xab\xb9\xcf\x7f\x02z\xa3\xf2\xdc\xab\xfd\
\xf5_\xb2O\x055?\xe5\xd9W\xfb\xda\xbfe\xd0\x9b\
&\xdd\x13\xf6[\x01\xd1=\xe8\xf6\xe6+\xab\xb9\xcfs\
\xc1MO\xb7\xf1\xec\xaf\xfd\xed_\xb2O\x055?L\
nW?\xfa\xb5~\xa7B!\xf6[\x01\xd1=\xea\xfb\
w\x15\xd5\xdc\xe7\xc9\xe0\xa6\xa6\x8f\xf5\xfc\xab\xfd\xed_\
\xb2O\x05u6\xdc\xb1\xd9\x5c\xff\x00\xea\xd5\xfa\x9d\x04\
'\xec\xb6\x03\xa2{\xd1\xed\xecWWs\x9e\xaep[\
VDL\xdb\xc4\xe5W<\xa3\x1113\xf2\xd2\xc5\xf5\
\x0e\x87\xd5Y\x15\x15]\xcc2|DX\xa7}\xefZ\
\x88\xb9oh\xeb3N\xfbG\xb7gVI\xbc\xed1\
\xbf)\xe51\xdf\x0c/l\x96\x12\xba\x7f\xc7T\xd3=\
\xeb\xdb\xda\x1b\xf4\xcf\xbd\x111\xdc\xe3\x01\xd1<L\xe1\
\x8e_\x9f\xda\xbb\x99d\xb6\xad`snuUM1\
\xb5\xacD\xf8L~\x0d^\x7f/\x97=\xe2\xf0\xf7\xf0\
\x98\xab\xb8\x5cM\xaa\xad_\xb5\x5c\xd1r\x8a\xa3i\xa6\
\xa8\xe51/\x19\x99\xe5W\xb2\xfb\x9c\x9b\x9b\xe2xO\
4\xbd&\x0b\x1fk\x19G*\x8e<\xf0\xfc\x80u\x8e\
h\x00\x00\x00\x00\x00\x00\x00\x00\x00\x00\x00\x00\x00\x00\x00\
\x00\x00\x00\x00\x00\x00\x00\x00\xf7\xf4\xee\x0a\x9c\xcbPe\
\xd9us1N+\x15j\xcdS\x1d\x22\xaa\xa2'\xeb\
LF\xb3\xa4/n\x89\xb9TSO\x19\xdc\xe9>\x09\
ij4\xe6\x8d\xb1~\xf5\xad\xb3\x0c\xc6)\xc4b&\
ci\xa6\x99\x8fR\x8f\x1eQ;\xed\xe32\xcf\x12\x22\
#\x951\xb4G(\x8f!\xee\xac\xda\xa6\xcd\x11E<\
!\xf7\x8c\x1e\x16\x8c%\x8al\xdb\xe1Lh\xb0\x07\x9b\
hr\x00\xea-\x0a\xcc\x84\x07]\xd7\x85&A\x05\xa1\
I\x95N\xf3\xda,\xa4\xca\xa7Q\x17\x88e2\xbdP\
\x16\x86s \x22\xd0\xcad\x01fS$\xa7P\x95\x99\
\xcc\x88\x09g2\x04\x89g2 uJ\x93(\x06\xc9\
g2\x02JU\xd5\xf2uv\x9f\xc0jl\x86\xfeQ\
\x98Q\x13E\xd8\xde\xd5\xcd\xbdk7#\xe2\xd7\x1f\xfb\
\xe7\x1b\xc3\x93s\xec\xaf\x17\x92\xe78\xac\xab\x1dGc\
\x11\x85\xb96\xeb\x8e\x93\xe11\xe51\xb4\xc7\x94\xbb&\
Z7\xec\x97\xc8\xe9\xb5\x8b\xcbu\x0d\xaa6\xf4\xf4\xce\
\x1b\x11>5S\xce\x89\xf6\xcco\xf2C\xcd\xed\x16\x0a\
.Y\xf4\xf4\xc6\xfax\xf6\x7fO=\x9e\xe1\x22\xe5\xaf\
M\x11\xbe\x9f\x0f\xe9\xa6\x80x\x97\x90\x00\x00\x00\x00\x00\
\x00\x00\x00\x00\x00\x00\x00\x00\x00\x00\x00\x00\x00\x00\x00\x00\
\x00\x00\x00\x00\x00\x00\x00\x00\x00\x1d/\xc0\xcd3o!\
\xd1\xf6\xb1\xf7\xad\xed\x8f\xcc\xe2/\x5c\xaac\x9d6\xff\
\x00\x02\x9f\x93\x9c\xf9\xcb\x9e\xb4\xb6YVs\xa92\xec\
\xae\x98\xaa~\xda\xc4\xd1n\xae\xcf|S3\xebO\xba\
7\x97a\xc54Q\x11n\xdcmE\x11\x14\xd3\x1e\x11\
\x11\xb4=\x86\xc9`\xe2\xbb\xb5\xe2*\x8f\xbb\xba;g\
\x8f\xcb\xc5\xd2gW\xe6\x9a)\xb7\x1c\xfcT\x13\xe9{\
\xd7\x98\x91\x15\x12\xa4\x88\xa8\x95$M\x97d\x14\x91\x15\
\x12\xae\xa9\xb0L\x22U\x12aRD+L}\x91Z\
b\x8ah\xc3\xea\x9c-\xad\xab\x9a\xa3\x0f\x8c\xec\xc7|\
\xed\xeaW?'fg\xf9\xad\xcf0\xc6\xb8\xa3\x82\xb7\
\x8f\xe1\xeeyf\xe4r\xa3\x097\xe3\xf9\xd6\xe6*\x8f\
\xa9\xd5\xe78ZqX*\xe8\x9e1\x1a\xc7l9\xb9\
n\x22lbh\x98\xe7\x9d'\xb2\x5c\xaa\x03\xe4O\xa1\
\x80\x00\x00\x00\x00\x00\x00\x00\x00\x00\x00\x00\x00\x00\x00\x00\
\x00\x00\x00\x00\x00\x00\x00\xc8\xb8g\x1b\xf1\x03\x22\x8f\xfe\
\xf6\xdf\xd6\xc7Y'\x0c>\xf8Y\x17\xf5\xca>\xb6\x96\
\x7f\x12\x9e\xd8r\xf2\xff\x00\xcd\xda\xfeQ\xe3\x0e\xb9\x8e\
bG\xf8\xab\xde\xbe\xf2Gz\x88\xb4+2\xa1\xd4Z\
\x14\x91\x15\x16\x85&C\xa8\x93\xde\xbc3\x95 \x16\x85\
&@\x16\x86S(\x1e\xd1xe2\x07\xb5\x16e2\
\x00\x96s(\x04\xac\xcae6\x15\x06s \x0b)2\
\x80%I\x94:\x80\xa4\xca\x0b\xe4\x89WRZ\xf7\xec\
\x81\xc2Q\x89\xe1\xb6\x22\xf5]\xf8LU\x9b\xb4\xfb\xe6\
h\x9f\xd2l&\xbf\xe3\xee&\xdd\x8e\x1ab\xedUW\
\xad\x88\xc4Y\xb7Dx\xccU\xda\x9f\xa2\x97\x073\xd3\
\xd5.k\xd1>\x0e\x0ea\xa7\xab\x5c\xd7\xa2|\x1c\xd2\
\x03\xe6o\x9f\x80\x00\x00\x00\x00\x00\x00\x00\x00\x00\x00\x00\
\x00\x00\x00\x00\x00\x00\x00\x00\x00\x00\x00\x00\x00\x00\x00\x00\
\x00\x006o\xd8\xe5\x94\xce7[\xdc\xcc\xeb\xa3{Y\
n\x1e\xaa\xe2w\xee\xb9_\xabO\xd1\xda\xf9\x1d\x10\xd7\
?c\xe6M9n\x85\xfd\xd0\xbbOf\xf6ez\xab\
\xb1\xbd;L[\xa7\xd5\xa6<\xe2y\xcf\xbd\xb1\xdfR\
\xd9\xdc/\xab\xe0i\xd7\x8d[\xfb\xf8|\xb4x\xec\xd6\
\xf7\xa4\xc4N\x9c\xdb\x90$w\x8e\xb2dNk\xc9:\
w\x8aL\x88\x09VDTJ\x92\x22\xcb\xc4PED\
\xa0\x04\x15Y|=}r,\xe8l\xfa\xe5]\xd1\x80\
\xbb\x1f-;C\xeeK\x0a\xe3~60\x5c7\xcc)\
\x8a\xe2\x9a\xf15[\xb1Lx\xefV\xf3\x1f$K\x87\
\x98\xdc\x8bx[\x95\xcf53\xe0\xe4\xe0\xe8\x9a\xf1\x16\
\xe9\x8e\x98\xf1s(\x0f\x8d>\x92\x00\x00\x00\x00\x00\x00\
\x00\x00\x00\x00\x00\x00\x00\x00\x00\x00\x00\x00\x00\x00\x00\x00\
\x03$\xe1\x7f\xdf\x0b#\xfe\xb9G\xd6\xc6\xd9'\x0b\xfe\
\xf8Y\x1f\xf5\xca>\xb6\xb6\x7f\x12\x9e\xd8s2\xff\x00\
\xcd\xda\xfeT\xf8\xc3\xae\x15!^\xf2\x1fw\x90\xea\x0b\
\xc2\x93 \x10\xb4)2\x02/\x0aL\x8a\x82\xd0\xcee\
P\x16g2\x01\xe2\xbc2\x99\x01\x16\x86S \x13\xe6\
\xb42\x99\x01\x12\xced\xeal}BYL\xa7\xb4\x04\
\xa92{\xc0J\x93(\x8a\x89\x85$\x90N\xa9P\x94\
\x90J\x0e\xad'\xf6Lf\xf4\xcdYNAn\xb8\x99\
\xa2*\xc5\xde\xa7n\xe9\x9fV\x8e~\xce\xd3p\xe7y\
\x9e\x0b&\xcaq\x19\xa6cz\x9b8\x5c=\x1d\xaa\xea\
\x9e\xf9\xf0\xa6<fg\x94C\x92uVu\x89\xd4:\
\x83\x19\x9cb\xf9\x5c\xc4\xdc\x9a\xa2\x9d\xf9QOu4\
\xc7\xb2\x22#\xdc\xf3\xbbE\x8c\x8bv=\x0cq\xab\xc3\
\xfe\xfa\xba\x1c\xf3\x15\x16\xec\xfa(\xe3W\x83\xe5\x80\xf0\
\xcf \x00\x00\x00\x00\x00\x00\x00\x00\x00\x00\x00\x00\x00\x00\
\x00\x00\x00\x00\x00\x00\x00\x00\x00\x00\x00\x00\x00\x00\x03\xdb\
\xc9\xf0\x17\xf3L\xdb\x09\x96\xe1\xa3{\xb8\x9b\xd4\xda\xa3\
\x96\xfbMS\xb6\xfe\xc7\xa8\xda\xbfc\x8eA\xf6\xee\xa5\
\xc4g\xd7\xed\xefg.\xb7\xd9\xb53\x13\xb4\xdd\xaf\x94\
m\xec\xa7\x7f\x96\x1c\xcc\x06\x16qx\x9a,\xc7<\xfc\
\xb9\xfeLq7\xa2\xcd\xaa\xab\x9ef\xfa\xcb\xb0V2\
\xec\xbb\x0b\x97a\xa3k8[4\xd9\xb7\x1eT\xc6\xcf\
\xd8\x1f`\xa6\x98\xa6\x22!\xe0\xea\xaafu\x93hE\
E\x99\xea\x12\x22U\x916T\x14\x99%\x159\xa5I\
\x91\x15\x12\xaa\x02\x0a\xaa\x02P\xb2\xd3\xdfd\xbe?\xb1\
\x80\xc9\xb2\xaaf&.\x5c\xb9\x89\xaf\x9f8\xda\x22\x9a\
~\xba\x9b\x81\xce\x1c{\xcc>\xdd\xe2\x1e\x22\xc53=\
\x9c\x15\x9bxx\xe7\xcb}\xbbS?\xf1<\xe6\xd4_\
\xf4X\x09\xa7\xf5LG\xd7\xe8\xeer\x1b>\x93\x17\x15\
~\x98\x99\xfa}X\x00\x0f\x98=\xd0\x00\x00\x00\x00\x00\
\x00\x00\x00\x00\x00\x00\x00\x00\x00\x00\x00\x00\x00\x00\x00\x00\
\x00\x0c\x93\x86\x1f|,\x8f\xfa\xe5\x1f[\x1bd\xbc.\
\xfb\xe1\xe4_\xd7h\xfa\xda\xd8\xfcJ{a\xcc\xcb\xff\
\x007k\xf9S\xe3\x0e\xb7\x80\x8e\xf1\xef\xa1\xf7i^\
\xa1\x02\xd0\xa4\x84\x88\xb43\x95\x0e\xa8\xbc) \x1dV\
\x86s!\x00\xbb)\x93\xbc\x05\xa1\x94\xc9\x1d\xe0-\x0c\
\xa6QS\xa8\xb39 \x90K)BA*J\x07w\
6\xac\xd7\x1cS\xcc4\xa6\xa1\xbf\x93\xe3\xf4\xcd\x15\xcd\
\x1e\xb5\x9b\xb4\xe3&\x22\xed\xb9\xee\xabn\xcf.\xe9\xe5\
\xe3\x0c18\xabXjywgH\xec\x9f\xa3\x89\x89\
\xc5Z\xc3S\xcb\xbb:Gd\xcf\x83i+I|<\
G\xfe\x16\x8f\x9fO\xec'\xc3\xcc\xff\x00\xe1j>{\
?\xb0\xe0\xfbw\x03\xfa\xfeS\xe4\xe0{k\x05\xfa\xfe\
S\xe4\xdd\xa8\xd2\x7f\x0f\x13\xb7\xfd\xd6\xa3\xe7\xd3\xfb\x04\
\xf1\xe6\x7f\xf0\xb5\x1f>\x9f\xd8O\xb7p?\xaf\xe5>\
J\xceu\x82\xfd\x7f)\xf2n\xb1\xa5>\x1e?\xff\x00\
-O\xcfg\xf6\x1e\x13\xc7\x8a\xf6\xf5t\xb5\xad\xfc\xf1\
\xb5~\xc9\xed\xdc\x0f\xeb\xf9O\x92\x93\x9c\xe0\xbf_\xca\
|\x9b\xbay>V\xa5\xcf\xb2\x8d;\x80\x9cns\x8e\
\xb7\x86\xb7\xb7\xa9L\xce\xf5\xdc\x9f\x0ai\xef\x96\x89\xce\
\xb8\xcf\xaaq\x94\xd5o/\xb3\x82\xcb)\x99\xe5U\xab\
}\xbb\x91\xef\xabx\xfa\x1a\xf72\xc7\xe3\xb3,]X\
\xbc\xc3\x17\x7f\x15~\xae\xfb\x97k\x9a\xa7\xd9\xcf\xa7\x93\
\x81\x8a\xda[T\xc6\x96)\xd6zgty\xf888\
\x9c\xfe\xd51\xa5\x98\xd6z\xf82~%\xeb\xbcv\xb1\
\xc7\xc51MX\x5c\xae\xc5S\xf6\xbe\x1b\x7f\xf8\xeb\xf1\
\xaa~\x8e\xe8\xeb3\x87\x83\xc8^\xbd]\xfa\xe6\xe5\xc9\
\xd6e\xe5\xef^\xae\xf5s]s\xac\xc8\x03&`\x00\
\x00\x00\x00\x00\x00\x00\x00\x00\x00\x00\x00\x00\x00\x00\x00\x00\
\x00\x00\x00\x00\x00\x00\x00\x00\x00\x00\x00:\xbb\x85\xbaw\
\xf7\xb3\xa2\xb08\x0b\x94vqwi\xfbc\x15\xcb\x9f\
\xa4\xae;\xa7\xd9\x1bG\xb9\xa2\xb8)\xa6\x7f|Z\xce\
\xcdw\xed\xf6\xb08\x0d\xb1\x18\x8f\x09\x98\x9fV\x9f|\
\xfd\x11.\x9d\x99\x99\x99\xaa{\xfa\xbd\xc6\xc9\xe0t\x8a\
\xb1UvG\xd6~\x9d\xef;\x9ebxY\x8e\xd9\xfa\
 H\xf6\xcf92 \x0aL\x88\x12\x95&N\x88\x12\
\x955@AY\x90\x11*\xea\x02%\x1a\xac\xa2\xa0\x8d\
R\xe5\xca,\xda\xae\xfd\xc9\x88\xa2\xdd3][\xf8D\
n\xe3\xec\xeb\x1b^e\x9cc3\x0a\xf7\x8a\xb17\xeb\
\xbb13\xbe\xdd\xa9\x99\xd9\xd2\x9cb\xcd#)\xe1\xe6\
e\x5cU\x11s\x15Lam\xc4\xce\xd3=\xb9\xe7\xb7\
\xb2\x22e\xcb\xef\x9f\xed\x86'\x95v\xdd\x98\xe6\x8d{\
\xff\x00\xf4\xf5\xdb7gKu\xdd\x9ey\xd3\xbb\xff\x00\
`\x0f\x1a\xf4\xc0\x00\x00\x00\x00\x00\x00\x00\x00\x00\x00\x00\
\x00\x00\x00\x00\x00\x00\x00\x00\x00\x00\x002N\x17\xfd\xf0\
\xf2/\xeb\x94}lm\x92p\xbf\xef\x85\x91\xff\x00\x5c\
\xa1\xad\x8f\xc5\xa7\xb6\x1c\xcc\xbf\xf3v\xbf\x95>0\xeb\
\x88\xefW\x8c/\x7fW\xbe\x87\xddfW\xda \xbc3\
\x99R\x04Z\x14\x99\x03\xa8\xb43\x99\x0e\xa8\xab\xc39\
\x92\x08\xe7\xde\x0bC)\x95@^\x19U!\x04\x0bC\
)\x90\x0fz\xcc\xa6PXN\xa9g2'\xb4T\xb3\
\x99F\x0b\xc6M\x1f\x1a\xafL\xcdxKq9\xa6\x02\
&\xee\x1bn\xfb\x94\xfe\x15\xbf~\xdb\xc7\x9c{Y\xd2\
\xc4\xf5\x8d\xe2X\xe2,Q~\xdc\xdb\xaf\x84\xb8\xf8\x8b\
4_\xb76\xeb\xe1.%\x98\x98\x9d\xa66\x98F\xd9\
\xfb t_\xeefe\xfb\xe7\xcbmm\x82\xc6\xdc\xdb\
\x15E\x14\xf2\xb3zz\xfb*\xef\xf6\xef\xe2\xd4\xcf\x9b\
b\xf0\xb5\xe1n\xcd\xaa\xf9\xbe}o\x9c\xe2\xb0\xd5\xe1\
\xae\xcd\xba\xb9\x80\x1cg\x1c\x00\x00\x00\x00\x00\x00\x00\x00\
\x00\x00\x00\x00\x00\x00\x00\x00\x00\x00\x00\x00\x00\x00\x00\x00\
\x00\x00\x00\x00\x00\x00\x00\x00\x00\x22&gh\xe7#c\
p#I\xce{\xa9\xa35\xc5\xda\xdf/\xcbj\x8b\x93\
\xbcN\xd7.\xf7\xd1O\xbb\xbe}\x91\xe2\xe4\xe10\xb5\
\xe2\xafSf\x8e2\xca\xf5\xdal\xdb\x9a\xea\xe1\x0d\xbd\
\xc2\x1d-:[HY\xb5\x88\xb7\xd9\xcc1\x9b_\xc5\
r\xe7L\xccz\xb4{\xa3\xe9\xdd\x98\xec\xb3\xbc\xce\xfd\
e6}{\x0b\x87\xa3\x0dj\x9bTp\x87\x84\xbdz\
\xab\xd5\xcduq\x91=\xa0\xdd\xc7\x99\x01\x05&D\x95\
N\x89Rd\x04J\xb3'\xbd\x17\xbf\xaa&\x15\x99:\
 \x0a\xea\x80%\x01\x22L\xd3\x1b\xd5\x5c\xc54Dv\
\xaa\x9f\x08\x8es\xf4#\x80\xd2\x7fd\xa6m5cr\
\xbc\x8a\xddS\xd9\xb5nqW\xa9\xe9\xda\xab\xd5\xa7\xe4\
\x88\x9f\x95\xa7\x9fo]g\x15g\xfa\xb71\xcdfb\
h\xbdz}\x1e\xdd\xdd\x88\xe5O\xd1\x10\xf8\x8f\x8ff\
\xb8\xaf[\xc5\xd7w\x9agwdn\x87\xd2p\x18\x7f\
V\xc3\xd1o\x9e#\x7fo8\x03\xafs\x00\x00\x00\x00\
\x00\x00\x00\x00\x00\x00\x00\x00\x00\x00\x00\x00\x00\x00\x00\x00\
\x00\x00\x00d\x9c/\xfb\xe1d_\xd7(\xfa\xd8\xdb%\
\xe1w\xdf\x0f\x22\xfe\xb9G\xd6\xd6\xc7\xe2S\xdb\x0e^\
_\xf9\xbb_\xca\x9f\x18u\xbc\x1eD\x0f\x7f\x0f\xba\xca\
\xa0/\x0c\xe6W\xaa\x12}KC9\x90\x11hRE\
\x97\x8a\xad\x0c\xa5@^\x19L\xafD\x05\xa1\x8c\xaa\x02\
\xd0\xcad\x01fS r\x12\xcee:\xa8%\x9c\xca\
\x00\x95&^\xa6q\x97`\xf3|\xab\x13\x96f\x16b\
\xf6\x13\x13D\xd1r\x99\xf0\xe91\xe11<\xe2\x5c\x9d\
\xaf4\xc67Ij+\xd9V.;TG\xaf\x87\xbd\
\x1d\xd7m\xcfu^\xdf\x18\xf1u\xe3\x11\xe2~\x8e\xc3\
\xeb\x1d=8Z}\x1d\x19\x8e\x1fz\xf0W\xaa\x8e\xea\
\xba\xd13\xf8\xb5}{K\xa7\xcer\xdf\x5c\xb5\xca\xa3\
\xef\xd3\xc3\xaf\xab\xc9\xd3f\xd8\x0fZ\xb7\xca\xa7\xefG\
\x0e\xbe\xa7)\x0f\xdb\x1d\x85\xc4`q\x97\xb0x\xbb5\
Y\xbff\xb9\xa2\xe5\x15G:f;\xe1\xf8\xbe\x7f1\
1:K\xc4\xcci:H\x02\x10\x00\x00\x00\x00\x00\x00\
\x00\x00\x00\x00\x00\x00\x00\x00\x00\x00\x00\x00\x00\x00\x00\x00\
\x00\x00\x00\x00\x00\x00\x00\x00\x00\x0fo&\xcb\xb1y\xbe\
k\x86\xcb06\xa6\xee'\x13r-\xdb\xa6#\xac\xf5\
\x9f(\xef\x9f'Y\xe8\xfd?\x85\xd3\x1aw\x0b\x93a\
v\xab\xd1S\xbd\xdb\x91\x1c\xee\xdc\x9f\x8dW\xca\xc0x\
\x01\xa3?r\xf2\xdf\xdf>cglf2\x8d\xb0\x94\
\xd5\xdfj\xd4\xfe\x17\xb6\xaf\xab\xde\xda\xcf\xa2l\xd6W\
\xea\xf6\xbdb\xe4{\xd5p\xea\x8f\xed\xe5s\x8co\xa5\
\xaf\xd1S\xc2<D\x07\xaatS(\x08)2\xa8\x09\
g2$\x88\x95&@I\x15\xd4\x04\xea\x95uT\x12\
R\x8d@\x03RX\x87\x18s\xaf\xdcM\x07\x8e\xb9E\
}\x9cF/\xfe\xcbg\x9e\xd3\xbd_\x1ac\xd9LL\
\xb2\xf9\xeeh\x1f\xb2#<\xfbwTY\xc9l\xd7\x13\
g.\xb7\xf7H\x89\xff\x00KW9\xf9#o\x96]\
6}\x8d\xf5L\x15UG\x19\xdd\x1f\x1f\xeb{\xb3\xca\
0\xde\xb1\x8a\xa6'\x84o\x9f\x87\xf6\xd5\xe0>L\xfa\
\x18\x00\x00\x00\x00\x00\x00\x00\x00\x00\x00\x00\x00\x00\x00\x00\
\x00\x00\x00\x00\x00\x00\x00\x00\x00\xc98]\xf7\xc3\xc8\xbf\
\xaeQ\xf5\xb1\xb6K\xc2\xef\xbe\x1eE\xfdv\x8f\xad\xad\
\x8f\xc5\xa7\xb6\x1c\xbc\xbf\xf3v\xbf\x94x\xc3\xad\xa1H\
\xefG\xd0!\xf79\x95N\xa0\xbc3\x959!\xd5f\
r{\xc1\x16\x85%\x8fU\xa8\xadZ\xd7\xff\x00\xbd[\
\xdd\x9aj\xbf\x80\xa3\x15\x85\xaeg\xe3\xd7\xda\xaa*\xa3\
\xdb\xb4D\xc7\xb2Y\x14\xb4\x0f\x1f\xb1\xf8\xac\xa3\x89\x99\
Ni\x81\xbb6\xb18l\x1d\xab\x96\xea\x8e\x93\x15\xd7\
\xcb\xd9\xd1\xbat\xa6w\x86\xd4zw\x05\x9dav\x8a\
16\xf7\xaa\x8d\xff\x00\x83\xae9UO\xbawpp\
\x98\xbfIz\xe5\x9a\xb8\xd3;\xbb?\xa7M\x82\xcc}\
6&\xf6\x1a\xaf\xbdD\xee\xec\xfe\xa7\xe8\xfa\xc7T\x1d\
\x9c9\xf5(\x1dV\x865H{\xc1f3 u\x16\
eT\x80%\x94\xca(%\x9c\xca\x01\xd5*L\x87\xbd\
\x04\xa92\xd5\x9cr\xd01\x9e`\xab\xd4YE\x89\x9c\
\xd3\x0fG\xfd\xa2\xd5\x11\xcf\x11n:\xed\xd6\xb8\xf9f\
<y9\xe1\xdbq\xbcN\xf1;Lw4_\x1d\xb8\
{\xe8*\xbd\xab2+\x1fp\xaaf\xac\xc3\x0fn?\
\x82\xaa{\xee\xc4~,\xf5\xf0\x9e~/'\x9fe<\
\xadq6c\xb6>\xbe}\xef7\x9b\xe5\xfc\xado\xdb\
\x8d\xfc\xf1\xf5\xf3i\x80\x1eA\xe6\x80\x00\x00\x00\x00\x00\
\x00\x00\x00\x00\x00\x00\x00\x00\x00\x00\x00\x00\x00\x00\x00\x00\
\x00\x00\x00\x00\x00\x00\x00\x00\x06\xc5\xe0\xae\x86\xabSg\
\x1f\xbay\x85\xaf\xfe\x11\x82\xae&\xb8\x98\xfe\x1e\xe7|\
[\x8f.\xb3\xe5\xcb\xab\x1c\xd0\x1aS\x1d\xabs\xeby\
~\x16&\x8b\x14\xedV&\xfc\xc7\xabj\x8f\x1fl\xf4\
\x8e\xbf+\xaar|\xb7\x05\x93\xe5x|\xb3.\xb1\x16\
p\x98z;\x16\xe9\x8f\xa6g\xc6fy\xcc\xbd6\xcf\
d\xf3\x8b\xb9\xe9\xee\xc7\xb9\x1f9\xf2\x8f\xe9\xd4f\x98\
\xff\x00AO\xa3\xa3\xefO\xc9\xeexDDDDm\
\x11\x11\xca!\xe2\xb2\x8f\xa3\xc3\xc7\xcc\x9b\x22\xa2Y\xcc\
\x88\x09RdN\x82JT\x99^\xa8 \xa4\xc9=\xc4\
\x92\x89WR@J5C\xa8\x08\xd4E@\xd5\xeag\
\xd9\x9e\x1f%\xc91\x99\xb6*v\xb5\x85\xb57&<\
g\xa4G\x9c\xce\xceE\xcc\xb1\x97\xf3\x0c\xc7\x11\x8f\xc4\
\xd5\xda\xbd\x88\xbbU\xda\xe7\xce\xa9\xde[\x97\xec\x8e\xcf\
\xfd\x1e\x1b\x05\xa6\xacW1U\xcd\xb18\xa8\x89\xfc\x1e\
\xea)\x9fl\xef>\xe8i'\xcd\xb6\xab\x1d\xe9\xb11\
b\x9e\x14x\xcb\xdcl\xf6\x13\xd1a\xfd,\xf1\xab\xc0\
\x01\xe5\x9e\x80\x00\x00\x00\x00\x00\x00\x00\x00\x00\x00\x00\x00\
\x00\x00\x00\x00\x00\x00\x00\x00\x00\x00\x00\x00d\x9c/\xfb\
\xe1\xe4_\xd7h\xfa\xd8\xdb$\xe1\x87\xdf\x0b#\xfe\xb9\
G\xd6\xd6\xc7\xe2\xd3\xdb\x0e^_\xf9\xbb_\xca<a\
\xd6\xe2GU}\x06\x1fr\x99\x0e\x82/\x0c\xa5c\xbc\
\x05\xa1I\x1e*\x8b+.y\xfb%\xbf\xef\xae\x0b\xff\
\x00\xd7\xd1\xfaU?_\xb1\xdfU\xd3\x97g74\xd6\
6\xe6\xd8l\xc2\xae\xd6\x1ej\x9eT^\x88\xee\xfe\xd4\
r\xf6\xc4x\xbf?\xb2^6\xd6x\x1f\xea\x14~\x95\
M]b\xed\xcb\x17\xa8\xbdf\xba\xad\xdc\xb7TUE\
T\xce\xd3L\xc4\xef\x13\x0f\x13\x89\xc4U\x86\xcc*\xb9\
O4\xbe]\x8e\xc6W\x83\xce+\xbdO4\xf7\xc6\x9b\
\xe1\xdb\x1b\x91,g\x86\xda\x9e\xd6\xad\xd2xl\xce&\
\x98\xc5\xd1\xf7\x1ce\x11\xf87c\xbe}\x93\x1bL{\
Y4=\xb5\xab\x94\xdd\xa2+\xa7\x84\xbe\x85n\xf5\x17\
\xa8\x8b\x94N\xb1;\xe1P:\xb6\x85*\x95 \x17\x86\
5\x00%\x8c\xc8\x02\xcc\xa6@:\xa5\x94\xca\x0a\x0aL\
\xa0\x0b3\x99Bb&&\x9a\xa2&\x99\x89\x89\xa6y\
\xc4\xc4\xf7\xc4\xaa\x0a\xcc\xb9\xe7\x8c\xfc8\x9c\x92\xed\xcc\
\xff\x00!\xb35eW*\xde\xfd\x9acy\xc2\xd5?\
\xf4O\xd1\xf5j\xb7l]\xa2\x8b\x96\xeb\xb5v\xdd7\
-WL\xd3]\x15F\xf4\xd5\x13\xdf\x13\x1e\x0e}\xe3\
\x17\x0ck\xc9f\xf6\x7f\xa7\xedUs+\x99\xedb0\
\xf4\xf3\xab\x0b3\xd6<h\xfa\xbd\x9d\xde3:\xc9f\
\xde\xb7\xecF\xeex\xe8\xeb\x8e\xaf\x07\x99\xcc\xb2\xdeN\
\xb7mF\xeexj\x90\x1eY\xd1\x80\x00\x00\x00\x00\x00\
\x00\x00\x00\x00\x00\x00\x00\x00\x00\x00\x00\x00\x00\x00\x00\x00\
\x00\x00\x00\x00\x00\x0f\xaf\xa4\xb4\xf6c\xa9\xb3\xabY^\
[o\xb5r\xbeu\xd7?\x16\xdd=j\xaazB\xe9\
-9\x9aj|\xde\x8c\xb7+\xb3\xdb\xb9<\xeb\xae\xae\
T[\xa7\xf1\xaa\x9e\x90\xe9\xdd\x05\xa4\xb2\xed!\x92\xc6\
\x07\x07\xf7[\xf76\xab\x13\x89\x9a}k\xb5\x7f\x851\
\xd2\x1d\xe6M\x93W\x8f\xaf\x95V\xea#\x8c\xf4\xf5C\
\xaf\xc7\xe3\xe9\xc3S\xa4o\xaa^\xc6\x8c\xd3Y~\x94\
\xc8\xedeY}\x1b\xed\xeb^\xbd1\xeb^\xaf\xadS\
\xfe\x11\xd1\xf6D}:\xd5\xaa-Q\x14Q\x1aD<\
e\xcb\x95WT\xd5T\xef\x95A\x1a0\x99T\x10R\
dED\xb3\x99\x03dJ\x93\x22/D\xd8Rd\xf6\
$\xf7\xaa%\x1a\x92\x8a\x89@\x00\x81\xeb\xe6X\xdc6\
]\x97\xe21\xf8\xba\xe2\x8c>\x1a\xd5WnO\x851\
\x1b\xbd\x86\xa2\xfb\x22\xb5'\xa0\xc1a\xb4\xc6\x16\xe7\xdd\
/\xed\x88\xc5\xed\xd2\x98\x9fR\x9f|\xf3\xf7C\x81\x99\
\xe3i\xc1a\xaa\xbd<\xdc;y\x9c\xcc\x06\x16qx\
\x8amG\xc7\xb1\xa7\xf5&m\x88\xcf3\xdcfm\x8a\
\x99\xf4\xb8\x9b\xb3^\xdf\x8b\x1d)\xf7F\xd1\xee|\xe0\
|z\xba\xea\xae\xa9\xaa\xa9\xd6e\xf4\xdai\x8ab)\
\x8e\x10\x00\xaa@\x00\x00\x00\x00\x00\x00\x00\x00\x00\x00\x00\
\x00\x00\x00\x00\x00\x00\x00\x00\x00\x00\x00\x00\x06I\xc3\x0f\
\xbe\x16G\xfdr\x8f\xad\x8d\xb2N\x18}\xf0\xb2?\xeb\
\x94}ml~-=\xb0\xe5\xe0?5k\xf9G\x8c\
:\xdb\xac\xfbN\x84\x0f\xa1C\xee\x12\x00\xbc2\x99:\
\x07\xbcZ\x14\x99@E\xa1Y\x97=}\x92\xbf\xf7\xd3\
\x05\xfdB\x8f\xd2\xa9\xab\x1bO\xec\x96\xdb\xf7\xe9\x81\xdb\
\xff\x00\xa7\xd1\xfaU5c\xc0f\x7f\x9b\xb9\xda\xf9&\
y\xff\x00\xd8]\xed\xfa3~\x0ej\xe9\xd2\xda\xa6\x8a\
q5\xed\x96c\xb6\xb3\x8a\x89\xee\xa7\xf1k\xf7L\xfc\
\x9b\xba\x8f\xdf\xbcx\xb8\x95\xd1\xfc\x06\xd6\x1f\xbb\xda~\
rl}\xf9\xab2\xcb\xa8\x88\xa6j\xab\xd6\xbdg\xa4\
\xf9\xcd=\xd3\xee\x9e\xae\xe3g\xf1\xdaO\xab\xd7<x\
}a\xdd\xec\xc6e\xa6\xb8J\xe7\xae\x9f\xac}{\xdb\
0\x07\xad\x87\xae\xaaTAhaT\xa8\x9d\x15f3\
$B*,\xcadPK)\x91\x01,\xe6H6\xe4\
w\x89g2@\x02\x9c\xa1;\xe2i\x98\x89\x8a\xa3i\
\x89\x8d\xe2c\xacJ\x89\xd1NSEq_\x84\xd5X\
\x9b\xd9\xe6\x93\xb15\xd8\xe7^#\x01G:\xad\xf8\xcd\
\xbf\x1a\x7f7\xa7O\x06\x99\x9eS\xb4\xbbo\xbb\xb9\xac\
x\xa3\xc2\xdc\x1e\xa2\xf4\x99\xa6GM\xac\x16m;\xd5\
]\xbd\xbb6\xb1\x1e\xdf\xc5\xab\xcf\xaf_/'\x9bl\
\xff\x00+[\xb8h\xdf\xcf\x1e^N\x8b\x1b\x97E^\
\xfd\xa8\xf8y9\xc8{y\xb6]\x8e\xcaq\xf7p\x19\
\x8e\x16\xee\x17\x13j\xae\xcdv\xeeS\xb4\xc7\xeb\x8f7\
\xa8\xf1\xd5S4\xce\x93\xc5\xd1\xccLN\x92\x00\x84\x00\
\x00\x00\x00\x00\x00\x00\x00\x00\x00\x00\x00\x00\x00\x00\x00\x00\
\x00\x00\x00\x00\x00\x00\xc8\xb4.\x8f\xcd\xb5ve\x18l\
\x05\xbfG\x87\xa2c\xd3\xe2\xab\x8fR\xd4\x7f\x8c\xf8D\
w\xb2\x1e\x19\xf0\xcb0\xd4\xd5Q\x98f^\x93\x01\x94\
r\x98\xaec\xee\x97\xfc\xa8\x8f\x0f\xce\x9fv\xee\x89\xca\
2\xdc\x06Q\x97Y\xcb\xb2\xcc-\xbc.\x16\xd4mE\
\xba#\xe9\x99\xeb3\xe2\xf4\xd9>\xcfW\x8b\x98\xbb\x7f\
u\x1f9\xf2\x8e\xbe\xe7U\x8e\xcc\xa9\xb1\xeeQ\xbe\xaf\
\x07\xa1\xa44\xceU\xa5\xb2\x9ar\xec\xaa\xcff9M\
\xdb\xd5G\xdd/U\xf8\xd5O\xf8wC\xec.\xc8\xfa\
%\xabtZ\xa2(\xa24\x88y;\x97*\xae\xaeU\
S\xac\x90\x08\xd1\x84\xaf\xd4\xf1\xf7\xaa\x0c\xe6D\x95D\
\xc39\x906IK9\x90\xef\x0e\x82\x92\x89*\x9br\
J\xba\x80O\x92P\x81\xd0\x10\x22\xa0j\xf53\xbc\xcf\
\x09\x93e\x18\xac\xd7\x1d\x5cS\x87\xc2\xdb\x9a\xeb\xe7\xdf\
\xe1Ly\xcc\xed\x0eL\xd4\x19\xa6+:\xce\xb1y\xae\
2\xae\xd5\xfcM\xc9\xae\xaf/\x08\x8f(\x8d\xa3\xdc\xd9\
\xdfd&\xaa\x9cN:\xde\x96\xc1]\xde\xce\x1ab\xe6\
2i\x9f\x8fw\xa53\xe5L}3\xe4\xd4O\x9a\xed\
Fe\xeb8\x8fAD\xfb\xb4x\xff\x00\x5c;\xde\xef\
g\xf0>\x82\xcf\xa5\xaa=\xea\xbc?\xb0\x07\x97z\x00\
\x00\x00\x00\x00\x00\x00\x00\x00\x00\x00\x00\x00\x00\x00\x00\x00\
\x00\x00\x00\x00\x00\x00\x00\x00\x00\x19'\x0c>\xf8Y\x17\
\xf5\xca>\xb66\xc8\xf8c\xcb\x889\x1f\xf5\xca>\xb6\
\xb6?\x16\x9e\xd8r\xf0\x1f\x9a\xb5\xfc\xa3\xc6\x1dm\x1f\
\xfb\xe6\xa9\xd6G\xd1!\xf6\xe9\x95\xea\x80\xb42\x99T\
\x05\x94\x93\xaa\x02aI\x97<\xfd\x92\xb1\xff\x00\xce\xd8\
?\xff\x00_G\xe9T\xd5\xad\xa7\xf6KG\xff\x00:\
`\x7f\xfd}\x1f\xa5SV<\x06g\xf9\xbb\x9d\xaf\x93\
g\x9f\xfd\x85\xde\xd1\xf54\xa6y\x8d\xd3\x99\xfe\x178\
\xc0W1{\x0f^\xf3N\xfc\xab\xa7\xad3\xe50\xf9\
c\x85ESEQU3\xbe\x1de\x15\xd5n\xa8\xaa\
\x99\xd2a\xd9Zs7\xc1\xe7\xd9&\x138\xcb\xeb\xed\
a\xf1Tv\xa2&y\xd1?\x85L\xf9\xc4\xef\x0f\xa0\
\xe6\xfe\x05\xebX\xd3\xd9\xcc\xe4\xf9\x8d\xde\xceU\x8f\xae\
\x22j\xab\xba\xcd\xde\xe8\xab\xd9<\xa2}\xd3\xd1\xd2\x13\
\xde\xfa\x1e[\x8d\xa7\x19f+\xe7\x8e=\xaf\xa5e\xd9\
\x858\xeb\x11s\x9e7Lu\xff\x00k\xdeu\x07e\
\x0eMR\x10\x0b1\x99 \xf7\x90%\x94\xc8(\xb41\
\x99N\xa0\x0c\xe6AD\xb2\x99AQ*MA\x00\x96\
SP\x02aI\xa9\x8f\xebM!\x91\xea\xdc\x0ca\xf3\
\x5c>\xd7h\x89\x8b8\x9b|\xae\xda\xf6OX\xf2\x9e\
Nv\xd7\xfc:\xcft\x95ub.Q\xf6\xee[3\
\xeac,\xd3=\x98\xf2\xae;\xe9\x9f\xa3\xcd\xd5O\x1a\
\xa9\xa6\xba*\xb7r\x9ak\xa2\xb8\xda\xaa*\x8d\xe2\xa8\
\xf0\x98u9\x8eMc\x1b\x1c\xa9\xddWL}z\x5c\
\x0cN\x1a\xdd\xed\xf3\xbaz\x5cJ:\x13^\xf0o,\
\xcd\x22\xe6;MUo-\xc6L\xef8j\xbf\x80\xae\
|\xba\xd1?G\x93Gj,\x837\xd3\xd8\xea\xb0Y\
\xbe\x06\xee\x16\xecN\xd1\xda\x8fV\xaf:j\x8eS\xee\
xlvW\x88\xc1O\xf9#wLpt\x97\xb0\xf5\
\xda\x9d\xfc\x1f0\x07\x5c\xc4\x00\x00\x00\x00\x00\x00\x00\x00\
\x00\x00\x00\x00\x00\x00\x00\x00\x00\x00\x06{\xa1x]\x9f\
\xea9\xb7\x8a\xc4\xd19^]W?M~\x99\xedW\
\x1f\x99O|\xfbgh\xe7\xd5\xbe\x1b\x0b{\x13_\x22\
\xd5:\xca\x97.Qn9UN\x8c'\x01\x83\xc5c\
\xf1\x96\xf0x,=\xccF\x22\xec\xf6h\xb7n\x9d\xea\
\xaa}\x8d\xe1\xc3\x8e\x10X\xc1Uo3\xd5qo\x11\
\x7fh\xaa\xde\x06\x99\xde\x8a'\xbf\xd7\x98\xf8\xd3\xe5\x1c\
\xbd\xad\x87\xa44\x9eI\xa5ps\x87\xcap\xbd\x9b\x95\
DE\xdcE\xcewnLx\xcfH\xf2\x8eO\xb6\xf7\
yV\xcc\xdb\xb1\xa5\xccG\xbdWG4y\xbc\xfe3\
5\xaa\xbfv\xd6\xe8\xf9\x91\x11\x11\x11\x11\x11\x11\x1bD\
Dm\x10\x03\xd6:\x19\x016\x19H\x083\x99:\x9d\
A,\xa6D\xd8\x12\xcedM\x8f$\x14\x996'\xc8\
\x12\xcee\x00\x15\xd5\x00J\x00:\x80\xc6\xb8\x93\xa9\xed\
iM1{\x1f\xbd5b\xee\xefk\x09D\xc7}\xc9\
\x8e\xf9\xf2\x88\xe6\xc8\xb1\x17ma\xec\x5c\xc4b.S\
j\xcd\xaaf\xbb\x97*\x9d\xa2\x8ac\xbee\xcc\x1cQ\
\xd5\x95\xea\xcdI^\x22\xd6\xf4`0\xfb\xda\xc2[\x9f\
\xc5\xdf\xe3O\x9d]\xff\x00#\xa1\xcf\xf3H\xc0\xe1\xf4\
\xa6}\xfa\xb7G\x9f\xc1\xdcd\xb9|\xe3/\xebT{\
\xb4\xf1\xf2b\xd7\xae\xdc\xbdz\xbb\xd7k\xaa\xbb\x97*\
\x9a\xab\xaa\xa9\xdej\x99\xe73/\x00|\xaew\xbe\x8a\
\x00\x00\x00\x00\x00\x00\x00\x00\x00\x00\x00\x00\x00\x00\x00\x00\
\x00\x00\x00\x00\x00\x00\x00\x00\x00\x00\x002>\x18\xfd\xf0\
\xb2/\xeb\xb6\xfe\xb68\xc88q\x5c[\xd7\xd9\x15S\
;G\xdb\xd6\xa3\xe5\xaa!\xad\x8f\xc5\xa7\xb6\x1c\xac\x0c\
\xe9\x8a\xb7?\xfe\xa3\xc5\xd7\x1dg\xdb!?\x1a}\xb2\
>\x89\x0f\xb6\xcc\xa8\x82\xcc\xa6U\x01xRe\x03\xaa\
&\x15\x99s\xe7\xd9+\xff\x00}01\xff\x00\xe3\xe8\
\xfd*\x9a\xb1\xb4>\xc9I\x8f\xdf\xd6\x12\x98\xe9\x97[\
\xdf\xfb\xd5\xb5{\xe7\xf9\x9f\xe6\xeev\xbeM\x9d\xfe~\
\xefh\x03\x80\xea\xc7Ep'[\xfe\xefe_\xb89\
\x9d\xfa\xaa\xcc\xf0T}\xca\xba\xe7y\xbfj<\xfa\xd5\
Ot\xf8\xf2\x9e|\xdc\xea\xf6\xb2\x8c\xc3\x17\x94\xe6x\
|\xcb\x01z\xab8\x9c=q]\xba\xe9\x9e\xe9\x8f\xf0\
\xe8\xe7\xe5\xd8\xea\xb0w\xa2\xb8\xe1\xcf\x1dN\xc3-\xc7\
\xd5\x82\xbd\xcb\x8e\x13\xc6:\x9d\xa1\x03\x1d\xd0\x1a\xa7\x07\
\xab\xf4\xed\xac\xd3\x0f\xb5\xbb\xf4\xfa\x98\xab\x1b\xf3\xb5s\
\xaf\xba{\xe2Y\x0c>\x8bj\xe57h\x8a\xe8\x9db\
_@\xa6\xed7)\x8a\xe8\x9db^B\x0d\x99\xd5*\
$*YL\xaa\x02XL\xa8\x9dD\xb2\x99Sd\x12\
\xcad\x08!,\xe6\xa5@K)\x906\x16e5/\
S\xaa\x1e\xf1\x95U+\xd3\xcd\xf2\xcc\xbf7\xc0\xd5\x81\
\xcd0Vq\x98j\xbb\xe8\xbbN\xfby\xc4\xf4\x97\xb6\
\xa5T\xc5Q\xa4\xf0q\xea\xa9\xa5\xb5\x87\x03\xec\x5c\xed\
\xe2t\xae?\xd0\xd5\xdf\xf6\xa6.\xad\xe9\xf6Ss\xa7\
\xbf\x7fkO\xea\x0d?\x9c\xe9\xfcW\xda\xd9\xc6]\x7f\
\x09_\xe0\xcdt\xfa\xb5{*\x8eS\xeevK\xf0\xc6\
a\xb0\xf8\xdc-x\x5cf\x1e\xd6&\xc5q\xb5V\xee\
\xd1\x15S1\xec\x97\x9d\xc6\xec\xd6\x1e\xff\x00\xbdjy\
\x13\xf2\xee\xf2pnY\xa2xnqP\xe8\xcdW\xc1\
};\x9aU]\xfc\x9e\xfd\xdc\x9e\xfdS\xbfb#\xd2\
Y\x99\x99\xfcY\x9d\xe3\xdd;5F\xa7\xe1\x86\xaf\xc8\
\xa6\xab\x93\x97N?\x0d\x13\xca\xfe\x0f{\x91\xfd\xdf\x8d\
\x1f#\xca\xe2\xf2\x5cf\x1b|\xd3\xact\xc6\xff\x00\xed\
\xc5\xaa\xddP\xc2\x87\x95\xca+\xb7]T\x5c\xa6\xaa+\
\xa6v\xaa\x9a\xa3i\x89\xf0x\xba\x95\x00\x00\x00\x00\x00\
\x00\x00\x00\x00\x00\x00\x00\x01\xede\xb9v?2\xc4F\
\x1f/\xc1b1w\x7f\x12\xcd\xb9\xae~\x86\xc6\xd2\xfc\
\x18\xd48\xfa\xa9\xbb\x9d^\xb3\x94\xd8\xebE_t\xbb\
?\xd9\x8eQ\xed\xdf\xdc\xe5\xe1p\x18\x8cT\xe9f\x89\
\x9f\x0e\xfe\x0c\xee^\xa2\xdc{\xd3\xa3W\xb3-\x1b\xc3\
}M\xa9f\x8b\xd6\xf0\xb3\x82\xc0\xcc\xc6\xf8\xacLv\
i\xdb\xf3c\xbe\xae^\x1c\xbc\xdb\xd7Jp\xdfJi\
\xde\xc5\xdb8\x1f\xb7qts\x8cF/j\xea\x89\xf1\
\x8a{\xa9\xf7C/\x88\xe9\xe1\xdd\x1e\x0fW\x81\xd9>\
\x15b\xaa\xf8G\x9f\xfd\xda\xea\xaf\xe6\xban\xb7\x1f\x19\
a\x1a+\x86\x1aoM\xcd\xbcEvg3\xc7\xd3\xcf\
\xd3\xe2\x22&\x9ag\x97\xc5\xa3\xba9\xf5\x9d\xe7\xcd\x9b\
\xf7\xcf0\xd9\xeb\xf0\xd8[8j9\x16\xa9\x88\x87I\
z\xf5wgZ\xe7S`G%\xc5\x99\x01\x06S*\
\x9b\x00\xcadN\x82%\x94\xca\xcal$\xa5\x94\xaaH\
\x923\x99\x09\x11*L\xaa\x00\xac\x89*\x92\x95@$\
A\xd4\x18\x8f\x14\xf5\x8d\xad!\x90\xf6\xedvnfx\
\xa8\x9a0\xb6\xe6~/\x8d\xc9\xf2\x8f\xa6\x5c|N&\
\xde\x1a\xd4\xdd\xb9:D6\xc3\xd8\xaf\x11r-[\x8d\
fXO\x1f\xf5\x97f'Ie\xb7\xb9\xf2\xab0\xae\
\x89\xf7\xc5\xaf\xaag\xe4iW\x9d\xeb\xb7/^\xae\xf5\
\xda\xea\xae\xe5\xca\xa6\xaa\xea\xaaw\x9a\xa6y\xcc\xcb\xc1\
\xf2<\xc7\x1f^:\xfc\xde\xaf\xe1\x1d\x10\xfaf\x07\x07\
F\x0e\xccZ\xa3\xe3\xd7 \x0e\x0b\x98\x00\x00\x00\x00\x00\
\x00\x00\x00\x00\x00\x00\x00\x00\x00\x00\x00\x00\x00\x00\x00\x00\
\x00\x00\x00\x00\x00\x00=\x9c\xab\x15V\x034\xc2c\xa8\
\x8d\xea\xc3\xde\xa2\xecG\x9d5D\xff\x00\x83\xd6\x13\x13\
\xa4\xeb\x09\xa6\xa9\xa6bc\x8c;R\xd5\xebx\x8bt\
b,\xd5\x15Z\xbdL\x5c\xa2byLU\x1b\xc7\xd6\
\xf3\xdd\xaex\x0d\xa9\xe8\xce\xf4\x8d\x19U\xfb\x91\xf6\xee\
W\x11ki\xef\xaa\xcf\xe0U\xee\xe7O\xbb\xcd\xb1\x9f\
C\xc3_\xa6\xfd\xbanS\xce\xfbN\x0f\x17F.\xc5\
7\xa8\xe1T\x7f\xee>\x12n\x08\xe4CyPE\xa1\
I\x08\xdef\x22;\xe7\x94#\x1e\xe2\x16\xa4\xb5\xa5\xb4\
\xae+5\xaa\xaag\x11\xd9\xf4XZ'\xf0\xee\xd5\x1c\
\xbd\xb1\x1c\xe6|\xa1[\x97)\xb7D\xd7W\x08az\
\xf56h\x9b\x95\xce\xe8\xdf.~\xe3NkNm\xc4\
|\xce\xe5\xba\xfbvp\xd5F\x16\xdc\xed\xdd\x14F\xd3\
\x1f\xde\xed0\xc7\x95\xca\xeb\xb9r\xab\x97*\x9a\xeb\xaa\
f\xaa\xaa\x99\xdefg\xbee\xe2\xf9\xc5\xfb\xb3v\xe5\
W'\x9eu|\x7f\x13~o\xde\xaa\xec\xff\x00\xb4\xcc\
\xf7\x802`\x00\x0c\x93\x87\x9a\xb3\x1b\xa45\x05\xbc\xc3\
\x0f5\x5c\xc3W\xb5\x18\xab\x1b\xf2\xbbo\xf5\xc7|O\
\xeb\x97T\xe4\xf9\x96\x0b7\xcb0\xf9\x9e]\x88\x8b\xf8\
LE\x1d\xbbu\xc7\xd51\xd2byLt\x97\x196\
\x07\x07\xf5\xf5zW0\x9c\xbf1\xaa\xbb\x996*\xb8\
\xf4\x91\x1c\xe6\xc5}\xde\x92\x9f\xf1\x8e\xb1\xec\xe7\xdf\xe4\
\x99\xa7\xabU\xe8\xaeO\xb9?)\xf2w\xb9>e\xea\
\xf5z+\x93\xee\xcf\xca|\x9d3\x12\xaf\xce\xcd\xcbw\
\xadQz\xcd\xda.\xda\xb9LUEtN\xf4\xd5L\
\xf3\x89\x89\xf0~\x8fw\x0fYT\x91\xed\x10Y\x8c\xca\
\xaa*XU \x09e2\x01\xd1,f@%fS\
 \x09c5\x01\xd0L2\x9a\x81D\xb1\x9a\x81\x15,\
*\x90\x04\xb0\xaa\xa2Jw\xa6w\xa6f'\xc6$6\
\x18MO\x8f\xa84\xc6\x9f\xcf\xa9\x98\xcd\xf2|&*\
\xa9\x8d\xbd$\xd1\xd9\xb9\x11\xe5Ts\x86\xbe\xcf\xb8\x1d\
\x90\xe2\xaa\xaa\xbc\xa32\xc5\xe5\xf5Ou\xbb\x94\xc5\xeb\
q\xf5U\xf4\xb6\xce\xc6\xce\x1e#-\xc2\xe2\x7f\x16\x88\
\x9e\xbe~\xfe,&\xa76\xe7\x5c\x17\xd5\xd8.\xd5X\
\x09\xc1ftD\xedLY\xbd\xd9\xaec\xc7\xb3V\xdf\
[\x0f\xcd\xb4\xa6\xa5\xca\xab\xaa\x9c\xc3\x22\xcc,vc\
y\xaalU4\xc7\xf6\xa3\x97\xd2\xec\x19\x8d\xcd\xe7m\
\xb7\x9d\xbc::[\xdb)\x85\xaf}\xba\xa6\x9f\x9c\x7f\
\xdf\x16swNg\x12\xd5\x13L\xccU\x13\x13\x1d\xf1\
(\xec\xbc\xcf$\xc9\xf38\xdb1\xcap\x18\xbf\xe9\xb0\
\xf4\xd5\xfe\x0f\x83\x98\xf0\xd7C\xe3\xbf\x85\xd3\xd8{_\
\xd5\xaa\xaa\xd7\xd5.\xb2\xe6\xc9_\x8f\xb9r'\xb7X\
\xf3W\xd6)\xe7r\x90\xe9\x5co\x06\xf4U\xf8\xfb\x8d\
\xac~\x13\xfa<L\xd5\xfaQ/\x9d_\x03t\xc7}\
9\xa6sO\xb6m\xcf\xfd.%[/\x8e\x89\xdd\xa4\
\xfcOY\xa1\xcfc\x7f\xd5\xc0\xbc\x82g\xd5\xce\xb3H\
\x8f:-\xcf\xf8<>\x02\xb2o\xfe\xbb\x8f\xdb\xfa*\
\x19\xce\xcdf\x1f\xa6;\xe1\x1e\xb5k\xa5\xa0\xc7@Q\
\xc0\xbd?\xf8y\xd6i>\xcam\xc7\xf8=\x8b\x1c\x0f\
\xd2\xb6\xea\xde\xe6a\x9b\xdd\x88\xfc\x19\xae\x88\x8f\xa2\x95\
\xa3fq\xf3\xcd\x1d\xea\xce2\xd4s\xb9\xdct\xe6\x1f\
\x84:\x1a\xdd1\x15\xe5\xb8\x8b\xd3\x1dk\xc5\xd7\x1fT\
\xc4>\xde\x07C\xe9\x0c\x154\xc5\x8d7\x96D\xd3\xdd\
Uv{u|\xb5o.U\xbd\x92\xc5O\xdf\xaa\x98\
\xef\x9f\xa3:\xb3\x0bq\xc2%\xc9\xb8l=\xfcM\xd8\
\xb5\x86\xb1v\xf5\xc9\xee\xa2\xdd\x13T\xcf\xba\x196O\
\xc3\xbdg\x9aSMx|\x87\x13n\xdc\xce\xd3]\xfd\
\xadDy\xedT\xc4\xfd\x0e\xa9\xb3f\xd5\x9ab\x9b6\
\xadZ\xa69D[\xa2)\xdb\xe4\x87\x9c\xc4\xcc\xef3\
3\xe73\xbb\xb1\xb3\xb2\x16\xa3\xf1nL\xf6F\x9en\
5Y\x9c\xff\x00\xad-\x0d\x93p75\xbb\xebf\xd9\
\xce\x13\x0b\x1b\xfcK\x14\xcd\xd9\x98\xf6\xf2\x88\xfaY\xd6\
E\xc2\x1d\x1d\x96\xcd71\x18|Fgr\x99\xde'\
\x15s\xd5\xfe\xed;D\xc7\xb7v\x7f\xb1\xb3\xba\xc3d\
8\x1b\x1b\xe2\x8dg\xaf\x7f\x8b\x87s\x1bz\xbew\xe1\
\x97\xe0pyv\x1a\x9c6\x03\x09c\x09f\x98\xda(\
\xb3n)\x88\xf9\x1f\xb6\xdek\xb2;ji\x8acH\
pj\x99\x9e {\xcd\x96eT\x80\x9e\xf4\xb2\x90%\
\x06S!\xd4D\xb1\x99\x00\x91\x94\xc8\x81\xde\x96S\x22\
*\x0c\xa6IITJ\x93\x22*\x0aHlJJU\
\x90\x0e\x82\xa4\xa4\xf8\xab\xf1\xc7b\xb0\xd8\x1c\x1d\xecn\
2\xf560\xd6(\x9a\xee\xdc\xaaySL\x22j\x8a\
cYM15N\x90\xf4\xb5Fy\x80\xd3\x99%\xfc\
\xdb1\xaeb\xd5\xa8\xda\x9a)\xf8\xd7*\x9e\xeai\xf3\
\x9f\xa1\xcb\x1a\xab=\xc7j<\xf3\x11\x9bf\x15\xf6\xae\
\xdd\x9fV\x9d\xfd[tt\xa2<\xa1\xf6x\x9b\xac\xf1\
Z\xbb9\x9a\xe9\xedZ\xcblL\xd3\x85\xb1\xbft~\
5_\x9d?Gs\x12|\xc3?\xceg\x1fs\xd1\xdb\
\xfb\x94\xfc\xe7\xa7\xc9\xf4,\x93*\x8c\x15\xbe]\x7f~\
~]^`\x0f:\xef\x00\x00\x00\x00\x00\x00\x00\x00\x00\
\x00\x00\x00\x00\x00\x00\x00\x00\x00\x00\x00\x00\x00\x00\x00\x00\
\x00\x00\x00\x00\x00\x1fSKg\xb8\xfd9\x9d\xd8\xcd\xb2\
\xeb\x9d\x9b\xb6\xa7\xd6\xa6~-\xcag\xbe\x9a\xa3\xacK\
\xa846\xae\xca\xb5vS\x18\xcc\x05qF\x22\x88\x8f\
\xb6p\xb5U\xeb\xd9\x9f\xf1\xa7\xc2\x5c\x96\xf6\xf2\x9c\xcb\
\x1f\x94\xe3\xa8\xc7e\xb8\xbb\xd8\x5cM\xb9\xf5n[\xab\
i\xf6O\x8cyO'e\x97\xe6U\xe0\xea\xd2w\xd3\
<\xdeN\xf7&\xce\xeee\xd5rf5\xa2x\xc7\xd6\
?\xed\xee\xca\xdc\xdd\xa3\xb4\xc7\x1b\xafQn\x8b:\x93\
,\xfbbc\xbf\x13\x84\x98\xa6\xb9\xf6\xd1<\xa6|\xe2\
c\xd8\xcep|S\xd0\xd8\x98\xa7l\xe6\xbb\x15O}\
7\xb0\xd5\xd3\xb7\xbe\x22a\xea\xec\xe6x[\xb1\xacW\
\x11\xdb\xb9\xefp\xf9\xde\x07\x11\x1a\xd3r#\xaawO\
\xcf\xe8\xce\x0d\xd8v'\x89Z\x1f\x0fGj\xbdCf\
\xb8\xf0\xb5j\xe5s\xf4C\x11\xd4\x9cl\xcbp\xf4W\
kO\xe5\xb7\xb1\x97{\xa2\xf6+\xeev\xe3\xcf\xb3\x1e\
\xb4\xfb&a\xa5\xcc\xc7\x0bj5\xaa\xb8\xf8o\xf0M\
\xfc\xdf\x05f\x9dj\xbb\x1f\x09\xd6{\xa1\xb43\xbc\xd7\
/\xc9r\xcb\xb9\x96i\x8a\xa3\x0b\x84\xb5\x1e\xb5uw\
\xcc\xfe-1\xd6g\xc2\x1c\xc7\xc4\xbdc\x89\xd6\x19\xdc\
b&\x8a\xac`0\xf14a,L\xef4\xd3\xd6\xaa\
\xbf:z\xfb\xa3\xa6\xef\x99\xaau.s\xa9q\xdfm\
\xe7\x18\xda\xef\xd5\x1b\xfa;}\xd6\xed\xc4\xf4\xa6\x9e\xe8\
\xfa\xf9s\xdd\xf2\x1e[2\xcd\xaa\xc5\xfb\x94F\x94\xf8\
\xbc.s\x9e\xd5\x8e\xff\x00\x15\xb8\xd2\x8f\x9c\xf6\xf9\x00\
:w\x9e\x00\x00\x00\x00\x06\xd9\xe0\xa7\x11\xa3*\xaa\xde\
\x9b\xcf\xaf\x7f\xf0\xeb\x95m\x85\xc4W?\xc5\xaa\x9f\xc1\
\x9f\xcc\x99\xf9=\x9d\xdb\xfe98\x9d\xbb\xb8)\xc4\x98\
\xaa\x9b\x1acP\xe29\xfcL\x16*\xe5_%\xba\xe7\
\xea\x9fs\xd5\xe4y\xbf'L=\xe9\xdd\xcd?O'\
\xa3\xcas>\x16.\xcfd\xfd<\x9b\xaa\x16\x13\xbav\
\xee!\xec\x9d\xedR\xf2\x10\xdd1\x0c*\x95\x13\x9a\xee\
1\xaaEOx\xb3\x0a\xaaQ\x05\x99UR\x88\xa9a\
U@\x09c5\x0a\x82X\xcdB\xc2\x10\x963R\x84\
\x03\x09\xa9\x15\x04\xb0\x9a\x97\xea@Y\x85R\x000\xaa\
\xa4\x91Q,*\x94\xea\x07\xbd,fP\x04\xb1\x99T\
\x01\x94\xc8\x80\x96s&\xc6\xdc\xc4\xea3\x99T\xd8\x05\
f@A\x94\xca\xec\x8a\x89e2\x002\x99@A\x9d\
RH\x22X\xd5*\x80\x96S\x22\x00\xcad\x94\x11,\
\xe6U=\xea\x82\x93  \xa2\xca*%\x0a\x82O(\
\x99\x99\x88\x88\x8d\xe6fv\x88\x8f\x11\x05uSE\x15\
W]T\xd3E13UUN\xd1Lu\x99\x97<\
\xf1\x93_U\xa8\xb1\x93\x93\xe5W\xa62|={\xcd\
T\xf2\xfbf\xb8\xfc)\xfc\xd8\xe9\x1e\xff\x00\x07\xbd\xc6\
>#Nm]\xdd?\x90\xdf\x98\xcb\xa9\x9e\xce#\x11\
D\xed\xf6\xcc\xc7\xe0\xc7\xe6}~\xc6\xaa|\xf7h\xb3\
\xdfO\xae\x1a\xc4\xfb\xbc\xf3\xd3\xd5\xd9\xe3\xe3\xed\xf2,\
\x9b\xd0\xe9\x88\xbf\x1e\xf74tu\xf6\xf8\x00<{\xd4\
\x00\x00\x00\x00\x00\x00\x00\x00\x00\x00\x00\x00\x00\x00\x00\x00\
\x00\x00\x00\x00\x00\x00\x00\x00\x00\x00\x00\x00\x00\x00\x00\x00\
\x00\x00\x00\x00\x00\x00\x00\x00\x00\x00\x00\x00\x007\x8f\x06\
x\x97N\x22\x8b:oRb6\xbb\x1bQ\x83\xc5\xdc\
\xab\xe3\xc7Ku\xcf\x8f\x84\xf5\xee\xef\xef\xdc\xdd\xd3\xb6\
\xdc\xdcP\xdd\x9c!\xe2\x9d4\xd1g \xd58\x8eQ\
\xb5\x18\x5cu\xc9\xdfo\x0a.O\x87\x85_+\xd7\xe4\
\xd9\xdcn\xb1\x88\x9e\xc9\xfaO\x9b\xd0\xe5\xf9\x9e\xb1\x16\
\xafOd\xf9\xb7d\x10\x9e\xf8\xda{\xa6'x\x22^\
\xc1\xdbT\xf2\x12;\xc4\xb8\xf5J\xab\xc5VaT\xac\
\x02%\x85R\xa0\x0c&\xa2\x15\x05\x99MB\xef\xba\x09\
a5,/W\x8a\xc2X\xcc\xaa\x02a\x84\xd4\x04\xa7\
Q\x84\xd4\xa0\x8b0\xaaTC\xa9\xa3\x1a\xa4\x04K\x19\
\x90\x11,f@A\x8c\xca\xa4\xaa%\x9c\xca\xa0\x903\
\x996\x00g2\x02\x0aL\xafz*%\x94\xc9\xd4\x13\
\xa8\xced\x04\x19L\xaau\x11,\xa6TA,\xa6N\
\xa9<\xc0e!\xde\x92\x0c\xe6IE\xdd\x12\xceI\x04\
\xe8\x95$\x00V@x\xdc\xae\x8bv\xeb\xbbv\xe5\x16\
\xed\xd1\x1d\xaa\xeb\xae\xad\xa9\xa6<fe\x13:oF\
\x9a\xbc\xa6b\x22ff\x22\x227\x99\x99\xda\x22<f\
|\x1a#\x8c<J\x9c\xd2oi\xfd=zi\xcb\xa3\
\xd5\xc4\xe2i\x9d\xa7\x11\xe3M>\x14~\x97\xb3\xbf\xc7\
\x8b\xdcK\xab8\xf4\xb9\x0e\x9e\xbbU\xbc\xb3~\xce#\
\x11\x1c\xaa\xc4\xf9G\x85\x1f_\xb1\xaa\x9e\x07?\xda\x1f\
K\xae\x1f\x0d;\xb9\xe7\xa7\xaa:\xbc^\xd3$\xc8\xfd\
\x16\x97\xf1\x11\xefsGG\x5c\xf5\xf8\x00<c\xd5\x80\
\x00\x00\x00\x00\x00\x00\x00\x00\x00\x00\x00\x00\x00\x00\x00\x00\
\x00\x00\x00\x00\x00\x00\x00\x00\x00\x00\x00\x00\x00\x00\x00\x00\
\x00\x00\x00\x00\x00\x00\x00\x00\x00\x00\x00\x00\x00\x00\x006\
\x8f\x0a8\xa1{#\x8bY.\x7fr\xe6#*\xdf\xb3\
j\xf7\xc6\xaf\x0d\xe5\xe34yt\xe9\xe0\xe8\x1c5\xfb\
\x18\xac5\xacN\x16\xf5\xbb\xf6.\xd3\x15\xdb\xbbn\xad\
\xe9\xae\x99\xee\x98\x97\x16\xb3n\x1a\xf1\x0b2\xd28\x8a\
p\xd7{x\xcc\xa6\xba\xb7\xbb\x85\x9a\xb9\xd1\xbf}T\
L\xf7O\x97t\xfd/M\x94g\xd3cK8\x8d\xf4\
\xf3OG\xf5\xe0\xed\xb0y\x8c\xd1\xa5\xbb\xbc:z\x1d\
C\x04r|\xec\x838\xcb3\xdc\xb2\x8c\xcb)\xc5\xd1\
\x8a\xc3W\xf8T\xf2\x9ag\xf1j\x8e\xf8\x9f'\xbf\x0f\
sET\xd7LUL\xeb\x12\xedj\x98\x98\xd6\x1eb\
\x1d\x1a0\xaa^Gz@\x96\x15J\xab\xc5R\xe3\xd5\
\x22\xc2\x09c5(\x82X\xd5R\xf5!%R\xc2\xaa\
\x94B\x12\xc6d!\x01\x8c\xca\x82{\xd2\xc2\xa9Q\x04\
\xb1\x99\x04\x12\xc6\xa9\x04\x12\xc6d\x04\x19L\xaa\x00\xce\
d\x04\x19\xcc\x80%\x9c\xc8\x08)2\xa8 \xcaeD\
\x12\xcad\x10\x19L\xaa\x08\x96s*\x9d\x09A\x9c\xca\
\xf4@\x94\xb2\x99\x13\xa0\x0c\xe4\x94\x11*K\xc9\x0e\xf4\
\x99\x15\x91Q\xf35>\x7f\x95\xe9\xbc\xaa\xbc\xc76\xc4\
E\xabQ\xca\x8a#\x9dwj\xfcZc\xaf\xb7\xba\x14\
\xb9r\x9bT\xcdu\xce\x91\x05\x14Ur\xa8\xa6\x88\xd6\
e\xefc\xf1x\x5c\x06\x0a\xee7\x1b\x88\xb7\x87\xc3Y\
\x8e\xd5\xcb\xb7'h\xa6?\xf7\xd1\xcf<S\xe26+\
S\xdd\xaf-\xcb&\xe6\x17'\xa2\xaf\x8b\xdd^\x22c\
\xf0\xab\xf2\xf0\xa7\xe5\xf2\xf9\x5cD\xd79\xa6\xaf\xc6\xed\
vg\x0d\x97Z\xab{\x18Jj\xe5\x1f\x9dW\xe3U\
\xf5t\xf3\xc4\x9f9\xcf6\x86\xac^\xb6ln\xa3\x9e\
y\xe7\xfa{\xac\xa3#\xa7\x0d\xa5\xdb\xdb\xeb\xf0\xfe\xc0\
\x1eY\xe8\x80\x00\x00\x00\x00\x00\x00\x00\x00\x00\x00\x00\x00\
\x00\x00\x00\x00\x00\x00\x00\x00\x00\x00\x00\x00\x00\x00\x00\x00\
\x00\x00\x00\x00\x00\x00\x00\x00\x00\x00\x00\x00\x00\x00\x00\x00\
\x00\x00\x00\x00\x00\x00\x1fgIj\x5c\xdfK\xe6q\x8f\
\xcaq\x13n\xa9\xda.[\xab\x9d\xbb\xb4\xf8U\x1d~\
\xb7Fp\xf7_d\xfa\xbf\x0d\xe8\xedL`\xf3:)\
\xde\xee\x0e\xba\xb9\xcf\x8c\xd1?\x85\x1fL9i\xfaa\
\xef^\xc3\xdf\xa2\xfe\x1e\xedv\xae\xdb\xaa*\xa2\xba*\
\x98\xaa\x99\x8e\xb11\xdc\xed\xb2\xdc\xde\xf6\x06\xad#}\
=\x1e]\x0eV\x1f\x17]\x9d\xdcc\xa1\xda;\xabL\
\xf0\xe3\x8b\xf4^\xf4yf\xae\xae-\xd7\xca\x9by\x84\
G)\xfe\x92#\xbb\xf9\xd1\xefn+7-\xde\xb3E\
\xeb7(\xbbj\xb8\xedQ]\x15oMQ=b_\
A\xc1c\xecch\xe5\xda\x9f\x87<;Jn\xd3r\
5\xa6_\xac\x10\x909\xcc\xaa\x97\x91\xbaD\x90\x97\x1e\
\xa9X:\x22\xa6!\x8dR*{\x08K\x0a\xaaQ\x16\
\x12\xc2\xaa\x80\xe8%\x84\xd4\x08\xa3\x19\x90\xd9\x05\x98\xd5\
Q\x00\x0cf\xa4\x90\x12\xcad@\x18\xcc\x82\x09g2\
A\x002\x99\x01\x05&N~ {\x06s  \xce\
d\x04K9\x95H\xef\x04\xb2\x99\x01$e2\x1d\x0d\
\xd0g*\x80\x96r{\x10:\x0c\xe4@J\x92'z\
\xca\x0aH\xb2\xfc\xf17\xac\xe1\xf0\xf71\x18\x8b\xd6\xec\
\xd9\xb7L\xd5]\xcb\x95E4\xd3\x1e32\xd3\x5cE\
\xe2\xedS\xe9r\xcd'T\xd1N\xfd\x9a\xf1\xd5G9\
\xf1\x8bq=\xd1\xe7>\xef\x17_\x98fx|\x05\x1c\
\xbb\xb3\xd9\x1c\xf2\xe5\xe0\xb2\xfb\xd8\xda\xf96\xe3\xb6y\
\xa1\x9b\xf1\x0f\x88\x19N\x93\xb3V\x1e&\x9cni1\
\xeaah\xab\x95\x1eu\xcfOg{\x9d\xf5.}\x9a\
j,\xce\xbc\xc35\xc5Uz\xed_\x16;\xa9\xb7\x1f\
\x8bLt\x87\xcd\xbbr\xbb\xb7j\xbbv\xba\xab\xb9\x5c\
\xcdUUT\xef5L\xf7\xcc\xcfYx\xbek\x9a\xe7\
7\xf3\x1a\xbd\xed\xd4\xc7\x08\xf3\xe9{\xdc\xbb*\xb3\x81\
\xa7\xdd\xdfW<\xff\x00\xdc\x00\x1d;\xb3\x00\x00\x00\x00\
\x00\x00\x00\x00\x00\x00\x00\x00\x00\x00\x00\x00\x00\x00\x00\x00\
\x00\x00\x00\x00\x00\x00\x00\x00\x00\x00\x00\x00\x00\x00\x00\x00\
\x00\x00\x00\x00\x00\x00\x00\x00\x00\x00\x00\x00\x00\x00\x00\x00\
\x00\x00\x19n\x83\xd7\xd9\xee\x92\xbb\x16\xf0\xd7~\xda\xcb\
\xea\x9d\xee`\xefL\xcd\x13\xcf\x9c\xd3?\x81=\xfc\xe3\
\xdf\x12\xc4\x86\xb6o\xdc\xb1\x5cWnt\x98Z\x9a\xea\
\xa2u\xa6]a\xa2\xb5\xaeC\xab0\xf19v'\xd1\
\xe2\xe27\xb9\x83\xbd1M\xda}\x91\xf8Q\xce9\xc3\
%\xdd\xc5\xd8k\xf7\xf0\xb8\x8a1\x18k\xd7,\xde\xb7\
Wj\x8b\x94U4\xd5L\xf8\xc4\xc7sph>2\
\xdd\xb7\xe8\xf0:\xb6\x89\xbdo\xba1\xd6\xa9\xf5\xe3\xf9\
\xf4\xc7\xc6\xf6\xc7?){\x5c\xb7im\xdc\xd2\x8cO\
\xbb=<\xdf\x1e\x8f\x0e\xc76\x8cLU\xba\xad\xcd\xe3\
\x0a\xf4\xf2\xcc\xc3\x03\x9a`\xa8\xc6\xe5\xb8\xcb8\xcc5\
\x7f\x16\xe5\xaa\xb7\x8fd\xf8O\x93\xda\x89z\xbaj\x8a\
\xa3X\x9d\xc9\xa9\xe4\xaf\x15]\xc6\xaa^[\xa7T\x16\
q\xea\x95X@aT\xac\x88%\x8dR\xbdD\x12\xc2\
\xa9S\xaa\x09cU@ \xcad\x09A\x94\xca\xa7Q\
\x12\xcaeP\x06S  \xceeP\x12\xa4\xc8\x082\
\x99Q\x0e\x89R@A\x9c\xca\xa7P\x19\xcc\x82\x039\
\x01\x12\xceN\xa0\x839T\x93t\x94\xa9+(=\x5c\
\xd71\xc0eX\x1a\xf1\xd9\x962\xce\x13\x0fDs\xae\
\xed[{\xa3\xac\xcf\xb1Z\xaa\xa6\x88\xe5U:B\xb1\
L\xd51Lo\x97\xb4\xc75\xae\xb4\xc8\xb4\x9d\x89\x9c\
\xc2\xff\x00\xa5\xc5\xd5\x1b\xdb\xc2Y\x9d\xeeU\xe7?\x8b\
\x1e\xd6\xb3\xd7|b\xc4b;x-+n\xac5\xae\
\xea\xb1\x97i\x8fIW\xf3i\x9f\x8b\x1e\xde~\xc6\xa4\
\xbfz\xee\x22\xf5w\xaf\xdd\xae\xed\xda\xe7z\xab\xae\xa9\
\x9a\xaa\x9f\x19\x99y\x0c\xd3j\xad\xdb\xd6\xde\x17\xde\x9e\
\x9eo\x87O\x87k\xd2`6v\xbb\x9aW\x89\xdd\x1d\
\x1c\xff\x00\x1e\x86M\xae\xb5\xd6u\xab/\xcd8\xab\x9f\
k`i\x9f\xb9\xe0\xedL\xf6#\x9f}_\x8d>s\
\xee\xd9\x8b\x03\xc1\xdf\xbfr\xfdsr\xedZ\xcc\xbd}\
\xab4Y\xa2(\xb7\x1aD\x002h\x00\x00\x00\x00\x00\
\x00\x00\x00\x00\x00\x00\x00\x00\x00\x00\x00\x00\x00\x00\x00\x00\
\x00\x00\x00\x00\x00\x00\x00\x00\x00\x00\x00\x00\x00\x00\x00\x00\
\x00\x00\x00\x00\x00\x00\x00\x00\x00\x00\x00\x00\x00\x00\x00\x00\
\x00\x00\x00\x00\x00\x0f\xab\xa6\xf5\x0es\xa7q\xbfm\xe4\
\xf8\xeb\xb8[\x93\xb7n)\x9d\xe9\xae<*\xa6yK\
uh\x9e2ey\x87c\x09\xa8\xedS\x96\xe2g\x94\
b(\x89\x9b\x15O\x9cw\xd1\xf4\xc7\x9b@\x0e\xc7\x03\
\x9a\xe2pS\xfe:\xb7tO\x0f\xfb\xb1znUK\
\xb3\xf0\xd7\xecb\xb0\xf4bp\xb7\xad\xdf\xb1r7\xa2\
\xe5\xba\xa2\xaaj\x8f)\x87\xeb\xbb\x91\xb4\xae\xaa\xcft\
\xce'\xd3e\x18\xea\xedS3\xbdvj\xf5\xadW\xed\
\xa6yt\xef\xef\xf3n=\x1f\xc6l\xa3\x1f\xd8\xc3\xea\
\x1c<\xe5\x97\xf6\x88\xf4\xf6\xe2k\xb3T\xf9\xc7\xc6\xa7\
\xe9\x8f7\xb5\xc0m&\x1b\x11\xee\xdd\xf7*\xeb\xe1\xdf\
\xe6\xb4\xd5\x12\xda\xeb\xbb\xd6\xc0\xe30\x98\xec-8\xac\
\x0e*\xce+\x0f\x5cz\xb7,\xd7\x15\xd3>\xf8~\xfb\
\xbd\x1d3\x15F\xb0\xe3\xd7\xb9\xe4n\xf1U\x9cj\xa5\
D\xdcK\x0a\xa5D7\x18\xcc\xafp\x82X\xcc\xa8\x82\
YL\x88\x1b\x8c\xe6A\x04\xb2\x99\x01\x06S* )\
2\xa8\x22Y\xcc\xaa\x00\xceePM\xf9\x8aL\xaa\x04\
\x8c\xe6A\x0d\xd2\xceU\x04\x91\x9c\xaaI\xe4\x89RU\
>\x84~8\xecf\x13\x01\x86\xab\x15\x8e\xc5Y\xc2\xd8\
\xa67\xaa\xe5\xea\xe2\x9ac\xdf(\xaa\xa8\xa65\x95t\
\x9a\xa7H~\xf2\xfc\xf17\xac\xe1\xb0\xf5\xe21\x17\xad\
\xd9\xb1n7\xae\xe5\xca\xa2\x9ai\x8f9\x96\xb0\xd5\x9c\
e\xcapT\xd7\x87\xd3\xf8j\xb3\x1b\xfc\xe2/\xdd\x89\
\xa2\xd53\xe3\x11\xdfW\xd1\x1emA\xaa5V}\xa9\
q\x1e\x977\xcc.\xde\xa6'z,\xc7\xabn\x8e\xfe\
\xeac\x97^\xfe\xf7\x9a\xcc6\xa3\x0b\x86\xf7m{\xf5\
up\xef\xf2w\x18L\x86\xfd\xfd*\xb9\xee\xc7\xcf\xbb\
\xcd\xb85\xa7\x182\xcc\xbf\xd2a4\xe5\xaas\x1cL\
o\x13\x88\xb9\xbcY\xa6|\xa3\xbe\xaf\xa9\xa5\xf5\x0e}\
\x9b\xea\x0cg\xdby\xbe:\xee*\xe7\xe0\xc5S\xb54\
ySLr\x8e\xe8\xee|\xc1\xe1\xb3\x0c\xdf\x15\x8f\x9f\
\xf2\xd5\xbb\xa28\x7f\xdd\xafW\x83\xcb\xaca#\xfcq\
\xbf\xa7\x9c\x01\xd69\xc0\x00\x00\x00\x00\x00\x00\x00\x00\x00\
\x00\x00\x00\x00\x00\x00\x00\x00\x00\x00\x00\x00\x00\x00\x00\x00\
\x00\x00\x00\x00\x00\x00\x00\x00\x00\x00\x00\x00\x00\x00\x00\x00\
\x00\x00\x00\x00\x00\x00\x00\x00\x00\x00\x00\x00\x00\x00\x00\x00\
\x00\x00\x00\x00\x00\x00\x00\xfa\x19\x1eu\x9bdx\xa8\xc5\
e9\x86#\x07wx\x99\x9bU\xed\x15{c\xba}\
\xed\xa7\xa5\xb8\xdb\x88\xb5E65&[\x18\x88\x8e_\
lav\xa2\xb9\xf6\xd3<\xa7\xaf8\xdb\xd8\xd3\x83\x9d\
\x84\xcc\xb189\xff\x00\x15zGG7p\xebm9\
\xac4\xd6\xa1\x88\x8c\xab6\xb1r\xec\xef\xf7\x0b\x93\xe8\
\xee\xc7\x8f\xab<\xe7\xdb\x0f\xbd;\xc4\xed11>\x12\
\xe2\xc8\x99\x89\x89\x89\x98\x98\xee\x98f\x1as\x89Z\xbf\
$\x8am\xda\xcc\xea\xc6X\xa7\xfd\x0e2=,|\xb3\
\xebG\xba^\xab\x09\xb5\xb1;\xb1\x14|c\xcb\xfbc\
U\x9dx:\x8fsv\xa2\xd3\xdcn\xca\xef\xc56\xf3\
\xdc\xa6\xfe\x0e\xb9\x98\x89\xbb\x86\xab\xd2Q\xe73L\xed\
1\xee\xdd\xb02\x0d[\xa6\xb3\xdai\x8c\xaf8\xc2\xde\
\xae\xa8\xde-U_b\xe4\x7ff\xad\xa5\xe9p\xb9\xae\
\x13\x15\xf8U\xc4\xcfG\x09\xee\x97\x12\xbbUG3\xee\
\xeen\x93\xca7\xe9=z&\xee\xc2\x1cJ\x9e[\xa6\
\xe2B\xccf^I\xbann2\x99T\x01\x9c\x90 \
\x96R\xa9\xb9\xban3\x99Q\x01\x9c\xca\xa0\x0aHu\
\x94\x12\xceWq:!\xa2\x93/$\x1e>\xf1Iy\
'TX\x89\x9d\xf6\x89\x98\xeb#97x\xbeFy\
\xaat\xe6IM_\xbay\xce\x0e\xc5t\xc6\xfe\x8a.\
v\xeeLySN\xf3,\x03Pq\xaf*\xb15\xdb\
\xc92\xbb\xf8\xca\xfb\xa2\xee\x22\xafGG\xb6\x227\x99\
\xf7\xec\xeb\xf1Y\xae\x13\x0b\xf8\xb7\x22'\xa3\x8c\xf7C\
\x91g\x01\x88\xbf\xf7)\x9f\xa3kG9\xda\x22f|\
\x9f\x13Rj\xed9\xa7\xa2\x7fu3[\x16\xaew\xc5\
\x9a'\xb7r\x7f\xb3O7>\xea.$j\xec\xea*\
\xb7w3\xab\x09b\xaf\xf48H\xf4T\xfc\xb1\xebO\
\xbeX\x8dS5U5U33<\xe6g\xab\xcc\xe3\
6\xc28a\xe8\xf8\xcf\x94y\xbb\x8c>\xce\xcc\xef\xbd\
W\xc2<\xff\x00\xa6\xde\xd4\xdck\xc5\xdd\x8a\xac\xe9\xec\
\xb6\x9c53\xfe\x9f\x13\xeb\xd7\xee\xa69G\xcb-a\
\x9egy\xb6w\x89\xfbc6\xcc1\x18\xbb\x9b\xef\x1e\
\x92\xaeT\xfb#\xba=\xcf\x9e<\x9e33\xc5c'\
\xfc\xd5\xcc\xc7G7s\xbf\xc3\xe0\xaca\xa3\xfct\xe9\
\xe3\xde\x00\xe09@\x00\x00\x00\x00\x00\x00\x00\x00\x00\x00\
\x00\x00\x00\x00\x00\x00\x00\x00\x00\x00\x00\x00\x00\x00\x00\x00\
\x00\x00\x00\x00\x00\x00\x00\x00\x00\x00\x00\x00\x00\x00\x00\x00\
\x00\x00\x00\x00\x00\x00\x00\x00\x00\x00\x00\x00\x00\x00\x00\x00\
\x00\x00\x00\x00\x00\x00\x00\x00\x00\x00\x00\x00\x00\x0c\x87&\
\xd6\xda\xaf(\xe5\x81\xcfq\x94S\xcb\xd4\xb9_\xa4\xa7\
\xe4\xabx\x86m\x94q\xbb9\xb3\x11Nk\x94\xe0\xb1\
\xb1\xcb\xd6\xb53f\xaf?\x18\x9f\x92\x1a\xa0s\xf0\xf9\
\xa6/\x0f\xf8w&>q\xdd*Un\x8a\xb8\xc3\xa2\
\xb2\x9e2\xe9\x1cW,e8\xfc\xba\xae\xb3r\xd7\xa4\
\xa7\xe5\xa3\x9f\xd0\xcb2\xad_\xa5\xb3N\xc4`s\xfc\
\x05\xda\xeb\xf8\xb6\xea\xbb\x14W\xfd\xda\xb6\x97$\x8e\xea\
\xc6\xd6b\xe8\xddr\x98\xab\xe5?\xf7\xc1\xc5\xaf\x03n\
\xae\x1b\x9d\xa3D\xf6\xe3\xb5nb\xb8\xf1\xa2b\xa8\xfa\
\x13}\xbb\xe3ok\x8e\xb0\x19\x9ee\x97\xce\xf8\x1c\xc3\
\x17\x85\x9f\xfc\x9b\xd5Q\xf5K \xcb\xf8\x8d\xadp4\
E\x16u\x0e*\xaa7\xdfk\xbd\x9b\x9fMQ2\xed\
mm\x85\x99\xfcKs\x1d\x93\x13\xe4\xe3\xd5\x97U\xcd\
S\xa9\xb7\xf37s\x9e\x0f\x8cz\xbe\xc5\x11M\xef\xdc\
\xecW\x8c\xdd\xc3\xed3\xfd\xd9\x87\xda\xc3q\xc7\x1bM\
1\x18\x9d9\x84\xb9WY\xb7\x88\xae\x8f\xa2b\x5c\xfb\
{S\x80\xab\x8c\xccv\xc7\x96\xae5Y}\xe8\xe1\xbd\
\xbcwM\xda\x87\x0b\xc7\x1c\xba\xa8\xff\x00\xb5i\xfcU\
\xbf\xe8\xb1\x14\xd5\xf5\xc4=\xca8\xdb\xa6\xe6=|\xa7\
7\x8fg\xa3\x9f\xf1r\xe9\xda\x0c\xbe\xaf\xfc\x91\xf3\xf2\
aV\x06\xfc\x7f\xabinn\xd6\x14\xf1\xabKLs\
\xcb\xb3x\xfe\xc5\xb9\xff\x00\xa9\xe5\x1ci\xd2\xbf\x91f\
\xd1\xff\x00\xa7G\xed/\x19\xe6_\xfb\xb0\xcap8\x8f\
\xd2\xd9\xbb\xc9\xbbY\xd5\xc6\x8d+\x11\xcb\x07\x9bU\xff\
\x00\xa7G\xed?:\xb8\xd9\xa6bye\x99\xbd_\xd9\
\xb7\x1f\xf5\x1e\xdd\xcb\xe3\xff\x00,+\xea\x18\x8f\xd2\xd9\
\xfb\x8dO{\x8d\xf94S\xf7\x1c\x8f\x1f\x5c\xf8Wv\
\x8ac\xe8\xdd\xf3\xae\xf1\xca\xa8\x99\xf4Zj\x89\x8e\x9d\
\xbcd\xff\x00\x85,\xab\xda,\xba\x9f\xfc\x9f)\xf2G\
\xb313\xfe\xbe\x0d\xd0L\xb4.3\x8d\x99\xeds?\
je\x19m\x8a\x7f?\xb7r~\xb8|\xaco\x175\
\xa5\xff\x00\xe0\xb1xL'\xf4\x18j\x7f\xea\xdd\xc5\xb9\
\xb5x\x0axk=\x91\xe7\xa2\xf1\x93b*\xe3\xa4:\
>7\x9e\xe8\x99\xf6F\xef\x0b\xf7m\xd8\xa6j\xbfr\
\xdd\x9ac\xaduE;|\xaeX\xcc5\xce\xaf\xc7\xff\
\x00\x19\xd4Y\x84\xff\x002\xec\xdb\xfd\x1d\x9f\x0b\x15\x8a\
\xc4\xe2\xeez\x5cV\x22\xf5\xfa\xff\x00\x1a\xe5sT\xfc\
\xb2\xe0]\xdb+q\xf8v\xa6{gO6\xf4\xe4U\
O\xde\xaf\xe4\xea\x5c\xcf\x5ci\x1c\xba*\x9cV\xa1\xc0\
\xcc\xc7}\x16k\xf4\xb5G\xba\x9d\xd8\xbei\xc6]-\
\x86\x99\xa7\x05\x87\xc7\xe3\xa7nS\x16\xe2\xdd?\xf1N\
\xff\x00C\x9f\x07W{k1\x95\xee\xa2\x22\x9f\x9f\xfd\
\xdc\xe5[\xc90\xf4\xfd\xe9\x99m<\xdb\x8dy\xed\xfd\
\xe9\xcb2\xcc\x0e\x0a\x99\x8d\xb7\xaf\xb5z\xaf\x96v\x8f\
\xa1\x85gZ\xcbT\xe7<\xb3\x1c\xf3\x1bv\x9d\xa6;\
\x11s\xb1N\xdf\xcd\xa7h|\x11\xd2\xe23<^#\
\xf1.L\xfc\xa3\xba\x1d\x85\xac\x1d\x8b_r\x88\x80\x07\
\x01\xc9\x00\x00\x00\x00\x00\x00\x00\x00\x00\x00\x00\x00\x00\x00\
\x00\x00\x00\x00\x00\x00\x00\x00\x00\x00\x00\x00\x00\x00\x00\x00\
\x00\x00\x00\x00\x00\x00\x00\x00\x00\x00\x00\x00\x00\x00\x00\x00\
\x00\x00\x00\x00\x00\x00\x00\x00\x00\x00\x00\x00\x00\x00\x00\x00\
\x00\x00\x00\x00\x00\x00\x00\x00\x00\x00\x00\x00\x00\x00\x00\x00\
\x00\x00\x00\x00\x00\x00\x00\x00\x00\x00\x00\x00\x00\x00\x00\x00\
\x00\x00\x00\x00\x00\x00\x00\x00\x00\x00\x00\x00\x00\x00\x00\x00\
\x00\x00\x00\x00\x00\x00\x00\x00\x00\x00\x00\x00\x00\x00\x00\x00\
\x00\x00\x00\x00\x00\x00\x00\x00\x00\x00\x00\x00\x00\x00\x00\x00\
\x00\x00\x00\x00\x00\x00\x00\x00\x00\x00\x00\x00\x00\x00\x00\x00\
\x00\x00\x00\x00\x00\x00\x00\x00\x00\x00\x00\x00\x00\x00\x00\x00\
\x00\x00\x00\x00\x00\x00\x00\x00\x00\x00\x00\x00\x00\x00\x00\x00\
\x00\x00\x00\x00\x00\x00\x00\x00\x00\x00\x00\x00\x00\x00\x00\x00\
\x00\x00\x00\x00\x00\x00\x00\x00\x00\x00\x00\x00\x00\x00\x00\x00\
\x00\x00\x00\x00\x00\x00\x00\x00\x00\x00\x00\x00\x00\x00\x00\x00\
\x00\x00\x00\x00\x00\x00\x00\x00\x00\x00\x00\x00\x00\x00\x00\x00\
\x00\x00\x00\x00\x00\x00\x00\x00\x00\x00\x00\x00\x00\x00\x00\x00\
\x00\x00\x00\x00\x00\x00\x00\x00\x00\x00\x00\x00\x00\x00\x00\x00\
\x00\x00\x00\x00\x00\x00\x00\x00\x00\x00\x00\x00\x00\x00\x00\x00\
\x00\x00\x00\x00\x00\x00\x00\x00\x00\x00\x00\x00\x00\x00\x00\x00\
\x00\x00\x00\x00\x00\x00\x00\x00\x00\x00\x00\x00\x00\x00\x00\x00\
\x00\x00\x00\x00\x00\x00\x00\x00\x00\x00\x00\x00\x00\x00\x00\x00\
\x00\x00\x00\x00\x00\x00\x00\x00\x00\x00\x00\x00\x00\x00\x00\x00\
\x00\x00\x00\x00\x00\x00\x00\x00\x00\x00\x00\x00\x00\x00\x00\x00\
\x00\x00\x00\x00\x00\x00\x00\x00\x00\x00\x00\x00\x00\x00\x00\x00\
\x00\x00\x00\x00\x00\x00\x00\x00\x00\x00\x00\x00\x00\x00\x00\x00\
\x00\x00\x00\x00\x00\x00\x00\x00\x00\x00\x00\x00\x00\x00\x00\x00\
\x00\x00\x00\x00\x00\x00\x00\x00\x00\x00\x00\x00\x00\x00\x00\x00\
\x00\x00\x00\x00\x00\x00\x00\x00\x00\x00\x00\x00\x00\x00\x00\x00\
\x00\x00\x00\x00\x00\x00\x00\x00\x00\x00\x00\x00\x00\x00\x00\x00\
\x00\x00\x00\x00\x00\x00\x00\x00\x00\x00\x00\x00\x00\x00\x00\x00\
\x00\x00\x00\x00\x00\x00\x00\x00\x00\x00\x00\x00\x00\x00\x00\x00\
\x00\x00\x00\x00\x00\x00\x00\x00\x00\x00\x00\x00\x00\x00\x00\x00\
\x00\x00\x00\x00\x00\x00\x00\x00\x00\x00\x00\x00\x00\x00\x00\x00\
\x00\x00\x00\x00\x00\x00\x00\x00\x00\x00\x00\x00\x00\x00\x00\x00\
\x00\x00\x00\x00\x00\x00\x00\x00\x00\x00\x00\x00\x00\x00\x00\x00\
\x00\x00\x00\x00\x00\x00\x00\x00\x00\x00\x00\x00\x00\x00\x00\x00\
\x00\x00\x00\x00\x00\x00\x00\x00\x00\x00\x00\x00\x00\x00\x00\x00\
\x00\x00\x00\x00\x00\x00\x00\x00\x00\x00\x00\x00\x00\x00\x00\x00\
\x00\x00\x00\x00\x00\x00\x00\x00\x00\x00\x00\x00\x00\x00\x00\x00\
\x00\x00\x00\x00\x00\x00\x00\x00\x00\x00\x00\x00\x00\x00\x00\x00\
\x00\x00\x00\x00\x00\x00\x00\x00\x00\x00\x00\x00\x00\x00\x00\x00\
\x00\x00\x00\x00\x00\x00\x00\x00\x00\x00\x00\x00\x00\x00\x00\x00\
\x00\x00\x00\x00\x00\x00\x00\x00\x00\x00\x00\x00\x00\x00\x00\x00\
\x00\x00\x00\x00\x00\x00\x00\x00\x00\x00\x00\x00\x00\x00\x00\x00\
\x00\x00\x00\x00\x00\x00\x00\x00\x00\x00\x00\x00\x00\x00\x00\x00\
\x00\x00\x00\x00\x00\x00\x00\x00\x00\x00\x00\x00\x00\x00\x00\x00\
\x00\x00\x00\x00\x00\x00\x00\x00\x00\x00\x00\x00\x00\x00\x00\x00\
\x00\x00\x00\x00\x00\x00\x00\x00\x00\x00\x00\x00\x00\x00\x00\x00\
\x00\x00\x00\x00\x00\x00\x00\x00\x00\x00\x00\x00\x00\x00\x00\x00\
\x00\x00\x00\x00\x00\x00\x00\x00\x00\x00\x00\x00\x00\x00\x00\x00\
\x00\x00\x00\x00\x00\x00\x00\x00\x00\x00\x00\x00\x00\x00\x00\x00\
\x00\x00\x00\x00\x00\x00\x00\x00\x00\x00\x00\x00\x00\x00\x00\x00\
\x00\x00\x00\x00\x00\x00\x00\x00\x00\x00\x00\x00\x00\x00\x00\x00\
\x00\x00\x00\x00\x00\x00\x00\x00\x00\x00\x00\x00\x00\x00\x00\x00\
\x00\x00\x00\x00\x00\x00\x00\x00\x00\x00\x00\x00\x00\x00\x00\x00\
\x00\x00\x00\x00\x00\x00\x00\x00\x00\x00\x00\x00\x00\x00\x00\x00\
\x00\x00\x00\x00\x00\x00\x00\x00\x00\x00\x00\x00\x00\x00\x00\x00\
\x00\x00\x00\x00\x00\x00\x00\x00\x00\x00\x00\x00\x00\x00\x00\x00\
\x00\x00\x00\x00\x00\x00\x00\x00\x00\x00\x00\x00\x00\x00\x00\x00\
\x00\x00\x00\x00\x00\x00\x00\x00\x00\x00\x00\x00\x00\x00\x00\x00\
\x00\x00\x00\x00\x00\x00\x00\x00\x00\x00\x00\x00\x00\x00\x00\x00\
\x00\x00\x00\x00\x00\x00\x7f\xff\xd9\
\x00\x00\xda\xe3\
\xff\
\xd8\xff\xe0\x00\x10JFIF\x00\x01\x01\x00\x00\x01\x00\
\x01\x00\x00\xff\xe2\x01\xd8ICC_PROFI\
LE\x00\x01\x01\x00\x00\x01\xc8\x00\x00\x00\x00\x040\x00\
\x00mntrRGB XYZ \x07\xe0\x00\
\x01\x00\x01\x00\x00\x00\x00\x00\x00acsp\x00\x00\x00\
\x00\x00\x00\x00\x00\x00\x00\x00\x00\x00\x00\x00\x00\x00\x00\x00\
\x00\x00\x00\x00\x00\x00\x00\x00\x01\x00\x00\xf6\xd6\x00\x01\x00\
\x00\x00\x00\xd3-\x00\x00\x00\x00\x00\x00\x00\x00\x00\x00\x00\
\x00\x00\x00\x00\x00\x00\x00\x00\x00\x00\x00\x00\x00\x00\x00\x00\
\x00\x00\x00\x00\x00\x00\x00\x00\x00\x00\x00\x00\x00\x00\x00\x00\
\x00\x00\x00\x00\x00\x00\x00\x00\x09desc\x00\x00\x00\
\xf0\x00\x00\x00$rXYZ\x00\x00\x01\x14\x00\x00\x00\
\x14gXYZ\x00\x00\x01(\x00\x00\x00\x14bXY\
Z\x00\x00\x01<\x00\x00\x00\x14wtpt\x00\x00\x01\
P\x00\x00\x00\x14rTRC\x00\x00\x01d\x00\x00\x00\
(gTRC\x00\x00\x01d\x00\x00\x00(bTR\
C\x00\x00\x01d\x00\x00\x00(cprt\x00\x00\x01\
\x8c\x00\x00\x00<mluc\x00\x00\x00\x00\x00\x00\x00\
\x01\x00\x00\x00\x0cenUS\x00\x00\x00\x08\x00\x00\x00\
\x1c\x00s\x00R\x00G\x00BXYZ \x00\x00\x00\
\x00\x00\x00o\xa2\x00\x008\xf5\x00\x00\x03\x90XYZ\
 \x00\x00\x00\x00\x00\x00b\x99\x00\x00\xb7\x85\x00\x00\x18\
\xdaXYZ \x00\x00\x00\x00\x00\x00$\xa0\x00\x00\x0f\
\x84\x00\x00\xb6\xcfXYZ \x00\x00\x00\x00\x00\x00\xf6\
\xd6\x00\x01\x00\x00\x00\x00\xd3-para\x00\x00\x00\
\x00\x00\x04\x00\x00\x00\x02ff\x00\x00\xf2\xa7\x00\x00\x0d\
Y\x00\x00\x13\xd0\x00\x00\x0a[\x00\x00\x00\x00\x00\x00\x00\
\x00mluc\x00\x00\x00\x00\x00\x00\x00\x01\x00\x00\x00\
\x0cenUS\x00\x00\x00 \x00\x00\x00\x1c\x00G\x00\
o\x00o\x00g\x00l\x00e\x00 \x00I\x00n\x00\
c\x00.\x00 \x002\x000\x001\x006\xff\xdb\x00\
C\x00\x05\x03\x04\x04\x04\x03\x05\x04\x04\x04\x05\x05\x05\x06\
\x07\x0c\x08\x07\x07\x07\x07\x0f\x0b\x0b\x09\x0c\x11\x0f\x12\x12\
\x11\x0f\x11\x11\x13\x16\x1c\x17\x13\x14\x1a\x15\x11\x11\x18!\
\x18\x1a\x1d\x1d\x1f\x1f\x1f\x13\x17\x22$\x22\x1e$\x1c\x1e\
\x1f\x1e\xff\xdb\x00C\x01\x05\x05\x05\x07\x06\x07\x0e\x08\x08\
\x0e\x1e\x14\x11\x14\x1e\x1e\x1e\x1e\x1e\x1e\x1e\x1e\x1e\x1e\x1e\
\x1e\x1e\x1e\x1e\x1e\x1e\x1e\x1e\x1e\x1e\x1e\x1e\x1e\x1e\x1e\x1e\
\x1e\x1e\x1e\x1e\x1e\x1e\x1e\x1e\x1e\x1e\x1e\x1e\x1e\x1e\x1e\x1e\
\x1e\x1e\x1e\x1e\x1e\x1e\x1e\xff\xc0\x00\x11\x08\x01\xd9\x06\x9a\
\x03\x01\x22\x00\x02\x11\x01\x03\x11\x01\xff\xc4\x00\x1d\x00\x01\
\x00\x02\x02\x03\x01\x01\x00\x00\x00\x00\x00\x00\x00\x00\x00\x00\
\x08\x09\x06\x07\x03\x04\x05\x01\x02\xff\xc4\x00`\x10\x00\x01\
\x03\x02\x03\x04\x03\x06\x0f\x09\x0c\x0a\x02\x02\x02\x03\x00\x01\
\x02\x03\x04\x05\x06\x07\x11\x08\x12!1AQa\x09\x13\
\x22qu\xb3\x14\x15\x182678Rrt\x81\x91\
\x94\xb1\xb2#5BTVbs\xa1\xd2\x16\x17$3\
4Uc\x82\x92\x93\xb4\xd1CWv\x95\xa2\xc1\xc3\xc4\
\xd3\xe1S\xa3%\xc2\x83\xe3&E\xf0\xff\xc4\x00\x14\x01\
\x01\x00\x00\x00\x00\x00\x00\x00\x00\x00\x00\x00\x00\x00\x00\x00\
\x00\xff\xc4\x00\x14\x11\x01\x00\x00\x00\x00\x00\x00\x00\x00\x00\
\x00\x00\x00\x00\x00\x00\x00\xff\xda\x00\x0c\x03\x01\x00\x02\x11\
\x03\x11\x00?\x00\x86@\x00\x00\x00\x00\x00\x00\x00\x00\x00\
\x00\x00\x00\x00\x00\x00\x00\x00\x00\x00\x00\x00\x00\xcd2\xb7\
+\xb1\xaee\x5c\xd6\x8b\x0aY\xa5\xa9c\x15;\xfdS\
\xfc\x08!E\xe9s\xd7\x87_\x04\xd5WN\x08\xa4\xd5\
\xc9\xcd\x92pN\x14HnX\xbd\xe9\x8an\xadDw\
z\x95\x9b\xb4q;\x82\xf0g7\xe8\xba\xf1w\x05O\
\xc1\x02\x10\xe0L\xb9\xc78\xe6n\xf7\x85p\xc5\xc6\xe6\
\xd4v\xeb\xa6\x8e-!b\xf5:Gh\xc6\xfc\xaao\
\xcc\x09\xb1n3\xb8\xf7\xaa\x8c]\x7f\xb6\xd8\xa1rj\
\xf8)\xd1j\xa7ob\xe9\xa3\x13\xc6\x8eq:\xe8i\
)hi#\xa4\xa1\xa6\x86\x96\x9a$\xdd\x8e\x18cF\
1\x89\xd4\x8dN\x08s\x01\x1a\xf0\xf6\xc6y_C\xba\
\xfb\xa5\xc7\x10\xdd\xa4O\x5c\xd7\xd4\xb2\x18\xd7\xe4c7\
\x93\xfbF\x7fj\xd9\xd7%\xad\xb1$p`\x1bt\x89\
\xd7S,\xb3\xaa\xfc\xafz\x9bT\x01\x83\xd2\xe4\xfeT\
\xd3\x7f\x15\x97\x18ST\xe9}\xaa\x17\xaf\xfcMS\x92\
\xab)r\xb2\xa5\x15&\xcb\x8c\x22\xaa\xbc\xd5\xb6x\x1a\
\xbf:7S4\x00k+\x86\xcf\xf95]\x1b\xa3\x9f\
/\xac\xedG&\x8a\xb05\xf0\xaf\xc8\xacr*\x18&\
\x22\xd8\xf3(\xeeH\xe7[\xbd=\xb2\xbfUV\xa55\
o|bv*J\xd7\xaa\xa7\xca\x8b\xdaH\x80\x04$\
\xc6\xdb\x12]\xe0c\xa6\xc1\xb8\xc6\x92\xb7DU\xf4=\
\xca\x05\x85\xde${7\x91W\xc6\xd6\xa7i\xa0\xb1\xee\
Lfv\x07l\x93b\x1c!p\x8a\x96=U\xd5p\
5'\x81\x11:U\xf1\xaa\xa2|\xba\x16\xb0\x15\x11Q\
QST^h\x053\x82\xccsof\xcc\xb5\xc7\xd1\
KQ\x15\xb1\x98z\xec\xe4Umm\xb64\x8d\x15\x7f\
>?Z\xef\xd4\xbd\xa4$\xcel\x84\xc7\xd9c4\x95\
\x17\x1bz\xdcl\xc8\xef\x02\xe7D\x8a\xf8\xb4\xe8\xdfN\
q\xaf\xc2\xed\xd1T\x0dR\x00\x00\x00\x00\x00\x00\x00\x00\
\x00\x00\x00\x00\x00\x00\x00\x00\x00\x00\x00\x00\x00\x00\x00\x00\
\x00\x00\x00\x00\x00\x00\x00\x00\x00\x00\x00\x00\x00\x00\x00\x00\
\x00\x00\x00\x00\x00\x00\x00\x00\x00\x00\x00\x00\x00\x00\x00\x00\
\x00\x00\x00\x00\x00\x00\x00\x00\x00\x00\x00\x00\x00\x00\x00\x00\
\x00\x00\x00\x00\x00\x00\x00\x00\x00\x00\x00\x00\x00\x00\x00\x00\
\x00\x00\x00\x00\x00\x00\x00\x00\x00\x00\x00\x00\x00\x00\x00\x00\
\x00\x00\x00\x00\x00\x00\x00\x00\x00\x00\x00\x00\x00\x00\x00\x00\
\x00\x00\x00\x00\x00\x00\x00\x00\x00\x00\x00\x00\x00\x00\x00\x00\
\x00\x00\x00\x00\x00\x00\x00\x00\x00\x00\x00\x00\x00\x00\x00\x00\
\x00\x00\x00\x00\x00\x00\x00\x00\x00\x00\x00\x00\x00\x00\x00\x00\
\x00\x00\x00\x00\x00\x00\x00\x00\x00\x00\x00\x00\x00\x00\x00\x00\
\x00\x00\x00\x00\x00\x00\x00\x00\x00\x00\x0f\xdc1K<\xcc\
\x86\x18\xdf$\x8fTk\x18\xc6\xaa\xb9\xca\xbc\x91\x119\
\x92G$6M\xc5\x98\xb7\xd0\xf7|f\xe90\xe5\xa1\
\x5c\x8e\xef\x0eo\xf0\xb9\x9b\xcf\x83y1\x17\xad~`\
#\xf6\x19\xc3\xf7\xbcMw\x86\xd3`\xb5\xd5\x5c\xab\xa6\
]\x19\x0d<j\xe7/\xcd\xc9;T\x98\x19\x1f\xb1\xdc\
0\xba\x0b\xcehT\xb6gprY\xe9d\xf0|R\
\xc8\x9c\xfcM\xf9\xc93\x96\xb9u\x842\xee\xce\xdbf\
\x15\xb3\xc3F\xdd4\x92uM\xe9\xa6^\xb7\xbdx\xaf\
\xd5\xd8e\x80tl6{]\x86\xd5\x05\xaa\xcdo\xa6\
\xb7\xd0\xc0\xdd\xd8\xa0\x824c\x1a\x9e$\xfa\xce\xf0\x00\
\x00\x00\x00\x00\x00\x00\x00\x00\x00\x00\x0f\xc5D0\xd4\xc1\
%=DQ\xcd\x0c\x8dV\xbe9\x1a\x8ek\x9a\xbc\xd1\
Qx*\x1f\xb0\x04e\xce\xfd\x92p\xbe)Y\xee\xf8\
\x16H\xb0\xed\xd5\xea\xafu2\xa2\xad$\xab\xd8\x89\xc6\
5\xf1j\x9d\x88B\x9c\xc5\xcb\xfc]\x97\xd7\x95\xb5\xe2\
\xbb5E\x04\xdf\xe8\xe4T\xde\x8aT\xebc\xd3\x83\x93\
\xc4[\x81\xe4\xe2\xbc5a\xc5vym\x18\x8a\xd5K\
s\xa2\x95\x15\x1d\x14\xecG\x22k\xd2\x8b\xcd\xab\xda\x9a\
(\x14\xfa\x09\x81\x9e\x1b\x1eVS>{\xc6X\xd4\xad\
T\x1e\xb9\xd6\x9a\xa7\xe9#z\xfb\xdb\xd7\x83\x93\x9f\x05\
\xe3\xd1\xc4\x89w\xabU\xca\xcbr\x9a\xdbw\xa0\xa9\xa1\
\xac\x85\xca\xd9 \x9e5c\xda\xa9\xd8\xa0t\xc0\x00\x00\
\x00\x00\x00\x00\x00\x00\x00\x00\x00\x00\x00\x00\x00\x00\x00\x00\
\x00\x00\x00\x00\x00\x00\x00\x00\x00\x00\x00\x00\x00\x00\x00\x00\
\x00\x00\x00\x00\x00\x00\x00\x00\x00\x00\x00\x00\x00\x00\x00\x00\
\x00\x00\x00\x00\x00\x00\x00\x00\x00\x00\x00\x00\x00\x00\x00\x00\
\x00\x00\x00\x00\x00\x00\x00\x00\x00\x00\x00\x00\x00\x00\x00\x00\
\x00\x00\x00\x00\x00\x00\x00\x00\x00\x00\x00\x00\x00\x00\x00\x00\
\x00\x00\x00\x00\x00\x00\x00\x00\x00\x00\x00\x00\x00\x00\x00\x00\
\x00\x00\x00\x00\x00\x00\x00\x00\x00\x00\x00\x00\x00\x00\x00\x00\
\x00\x00\x00\x00\x00\x00\x00\x00\x00\x00\x00\x00\x00\x00\x00\x00\
\x00\x00\x00\x00\x00\x00\x00\x00\x00\x00\x00\x00\x00\x00\x00\x00\
\x00\x00\x00\x00\x00\x00\x00\x00\x00\x00\x00\x00\x00\x00\x00\x00\
\x00\x00\x00\x00\x00\x00\x00\x002\xbc\xb7\xcb\xcc_\x98W\
\x86\xdb0\xad\x9a\xa2\xb5\xfb\xdaI>\xea\xb6\x18{^\
\xf5\xe0\xdf\x17>\xa4\x03\x146\xc6K\xe4\x16<\xcc\xe9\
\xa3\xa8\xa1\xa2[e\x99U\x15\xf7*\xc6\xabcT\xfc\
\xc4\xe6\xf5\xf1p\xed%NG\xec\x97\x85p\xa7\xa1\xee\
\xf8\xd9\xf1\xe2;\xba5\x1d\xe8eo\xf0H]\xd8\xde\
oT\xebw\x0e\x1a\xe8\x84\x94\x82(\xa0\x85\x90\xc1\x1b\
\x22\x89\x89\xba\xd61\xa8\x8dju\x22' 5>K\
d\x06\x03\xcb(YSID\x97[\xce\x89\xbfq\xac\
j9\xe8\xbf\x98\xdeLO\x17\x1e\xd3m\x80\x00\x00\x00\
\x00\x00\x00\x00\x1ev$\xbe\xd9\xf0\xdd\x9e{\xc5\xfa\xe5\
Mn\xa0\x815\x92y\xde\x8djvv\xafbq\x22\
\xcebm\xa3i\xb7b(h\xf0f\x1f\xf4\xde\xdd\x0c\
\xbaUU\xd5=b\xef\xcc\xe9\xefMN)\xe3w\xcc\
\x04\xb7\x06\xb5\xc9\xac\xed\xc0\xb9\xa3J\xd6\xd9.)M\
uF\x22\xcbl\xaaTd\xed]5]\xde\x87\xa2q\
\xe2\xde\xae(\x86\xca\x00\x00\x00\x00\x00\x00\x00\x00\x00`\
\xd9\xaf\x95\x18'3-\x8bK\x89\xad\x11\xc9P\xd6\xe9\
\x0dlI\xb9Q\x12\xf6=8\xaav.\xa8g \x0a\
\xe8\xcf\x1d\x96\xf1\x9e\x04\xef\xd7L<\xd9q-\x89\xab\
\xae\xfc\x11\xff\x00\x09\x85\xbf\x9f\x1as\xf1\xb7^|\x88\
\xfe\xe6\xab\x5c\xadr*9\x17EEN(\x5c\xb9\xa4\
\xf3\xbbf\xec\x0b\x98\xec\x96\xbe\x9a\x06\xd8o\xca\x8a\xad\
\xad\xa4b#dwG|g'q\xd3\x8f\x05\xed\x02\
\xb4\xc1\xb23\x8b%q\xdeXV=o\x96\xc7\xcfl\
\xde\xd2+\x952+\xe0ztj\xbc\xd8\xbcS\x83\xb4\
\xec\xd4\xd6\xe0\x00\x00\x00\x00\x00\x00\x00\x00\x00\x00\x00\x00\
\x00\x00\x00\x00\x00\x00\x00\x00\x00\x00\x00\x00\x00\x00\x00\x00\
\x00\x00\x00\x00\x00\x00\x00\x00\x00\x00\x00\x00\x00\x00\x00\x00\
\x00\x00\x00\x00\x00\x00\x00\x00\x00\x00\x00\x00\x00\x00\x00\x00\
\x00\x00\x00\x00\x00\x00\x00\x00\x00\x00\x00\x00\x00\x00\x00\x00\
\x00\x00\x00\x00\x00\x00\x00\x00\x00\x00\x00\x00\x00\x00\x00\x00\
\x00\x00\x00\x00\x00\x00\x00\x00\x00\x00\x00\x00\x00\x00\x00\x00\
\x00\x00\x00\x00\x00\x00\x00\x00\x00\x00\x00\x00\x00\x00\x00\x00\
\x00\x00\x00\x00\x00\x00\x00\x00\x00\x00\x00\x00\x00\x00\x00\x00\
\x00\x00\x00\x00\x00\x00\x00\x00\x00\x00\x00\x00\x00\x00\x00\x00\
\x00\x00\x00\x00\x00\x00\x00\x00\x00\x00\x00\x00\x00\x00\x00\x00\
\x00\x00\x00\x00\x00\x00\x00>\xa2*\xaa\x22&\xaa\xbc\x90\
\x0f\x87z\xc5h\xba_n\x90Z\xec\xd6\xfa\x9b\x85t\
\xee\xdd\x8a\x0ax\xd5\xefr\xf8\x93\xeb\xe87\xb6Hl\
\xaf\x8dq\xcfx\xba\xe2N\xf9\x86,OD{_4\
h\xb53\xb7\xf3#U\xf0uO\xc2w\xcc\xa4\xdf\xca\
\xbc\xac\xc19ilZ<+g\x8e\x9eG\xa2w\xfa\
\xb9\x17\xbeTL\xbf\x9c\xf5\xe3\xa7bh\x89\xd0\x80F\
\x0c\x90\xd8\xeey\xfb\xc5\xe34*\x96\x08\xf89\xb6\x8a\
I<5\xec\x96D\xe5\xd3\xc1\xbf\xda\xe8&\x06\x17\xc3\
\xb6</g\x86\xd1\x87\xadt\xb6\xda\x18SFCO\
\x1a1\xbe5\xd3\x9a\xf6\xa9\xea\x00\x00\x00\x00\x00\x00\x00\
\x00\x1f\x99U\xe9\x1b\x966\xb5\xcfD]\xd4s\xb4E\
^\x84U\xd1t\xf9\x80\xfb#\xd9\x1cn\x92G5\x8c\
j*\xb9\xce]\x11\x119\xaa\xa9\x1cs\xb7k\x0c\x1f\
\x84\x12{V\x0fH\xf15\xe5\xa8\xacY\x18\xe5JH\
\x1d\xda\xff\x00\xf4\x9e&\xf0\xed4F\xd7\xf8\xbf=\x1d\
y\x96\xcf\x8dh\xe4\xb1a\xe7\xc8\xa9K\x0d\xb5\xca\xea\
:\x84\xe3\xa6\xb3\x22\x22\xc8\xed\x13\xd6\xbbM9\xee\xb7\
R6\x81\x97\xe6fec,\xc6\xbb-\xc3\x15\xdef\
\xacT\xfe*\x04\xf0!\x89:\x9a\xc4\xe0\x9e>f \
\x00\x1c\xd4UU4UQ\xd5\xd1\xd4KOQ\x13\x91\
\xd1\xcb\x13\xd5\xaej\xa7%END\xa1\xc8\xfd\xafq\
\x05\x83\xbc\xda3\x12\x19o\xd6\xe4\xf0R\xe1\x1a\xa7\xa2\
\xe2N\xb7k\xc2T\xf1\xe8\xbcy\xf4\x11`\x01o\x18\
\x13\x1a\xe1lsfm\xdb\x0a\xde\xa9n\x94\xbc7\xfb\
\xd3\xbc8\x95y5\xec_\x09\x8b\xcf\x82\xa2\x19\x01P\
X/\x16b<\x1b|\x86\xf5\x86.\xf5V\xca\xe8\x97\
\x84\x90\xbfDrk\xae\xeb\x9b\xc9\xcd]8\xb5QQ\
I\x97\x91\xdb`\xdan\xcb\x05\x9b3)\xe3\xb4\xd69\
w[u\xa6b\xad3\xd7\xa3\xbe3\x8a\xb1{SV\
\xf65\x00\x96@\xe0\xb7V\xd1\x5c\xa8a\xaf\xb7U\xd3\
\xd6RN\xc4|3\xc1\x22I\x1c\x8d^Nk\x93T\
T\xedC\x9c\x00\x00\x00\x00\x00\x00\x00\x00\x0e\x1a\xeaJ\
Z\xfaIh\xebi\xa2\xa9\xa7\x95\xaa\xd9\x22\x95\x88\xe6\
\xbd\x17\x9a*/2-\xe7\x86\xc86+\xdbg\xbb\xe5\
\xc4\xd1Y.\x1a+\x96\xdd*\xaa\xd2\xca\xbdM^+\
\x1a\xf8\xb5N\x1c\x93\x99*\x80\x15\x0b\x8e0n'\xc1\
7\x97\xda1M\x96\xae\xd7V\xdeM\x99\xbe\x0b\xd3\xad\
\x8eO\x05\xc9\xda\x8a\xa7\x82[\xd68\xc1\xd8g\x1bY\
$\xb3b\x9b5-\xd2\x8d\xfc\x993|&/-\xe6\
9<&;\xb5\xaa\x8aC,\xee\xd8\xfe\xfbfZ\x8b\
\xc6[\xd4\xbe\xf5@\x9a\xbdm\x93\xb9\x12\xaa4\xe9F\
;\x83dD\xea\xe0\xee\x8f\x09@\x8a@\xe7\xaf\xa4\xab\
\xa0\xad\x9a\x8a\xba\x96jZ\xa8\x1e\xac\x96\x19\xa3V>\
7'6\xb9\xab\xc5\x15:\x94\xe0\x00\x00\x00\x00\x00\x00\
\x00\x00\x00\x00\x00\x00\x00\x00\x00\x00\x00\x00\x00\x00\x02\xc3\
\xad[$\xe5\x05M\xae\x92\xa2J;\xb6\xfc\xb01\xee\
\xd2\xbd\xfc\xd5\xa8\xaav}Hy;\xf8\x95\xdb\xe9\xef\
7\xa5\x83\xef\x0d\xbf\xe2\xb1\xfd\x94;\xa0G\xefR\x1e\
N\xfe%v\xfa{\xc7\xa9\x0f'\x7f\x12\xbb}=\xe4\
\x81\x00G\xefR\x1eN\xfe%v\xfa{\xc7\xa9\x0f'\
\x7f\x12\xbb}=\xe4\x81\x00G\xefR\x1eN\xfe%v\
\xfa{\xc7\xa9\x0f'\x7f\x12\xbb}=\xe4\x81\x00G\xef\
R\x1eN\xfe%v\xfa{\xc7\xa9\x0f'\x7f\x12\xbb}\
=\xe4\x81\x00G\xefR\x1eN\xfe%v\xfa{\xc7\xa9\
\x0f'\x7f\x12\xbb}=\xe4\x81\x00G\xefR\x1eN\xfe\
%v\xfa{\xc7\xa9\x0f'\x7f\x12\xbb}=\xe4\x81\x00\
G\xefR\x1eN\xfe%v\xfa{\xc7\xa9\x0f'\x7f\x12\
\xbb}=\xe4\x81\x00G\xefR\x1eN\xfe%v\xfa{\
\xc7\xa9\x0f'\x7f\x12\xbb}=\xe4\x81\x00G\xefR\x1e\
N\xfe%v\xfa{\xc7\xa9\x0f'\x7f\x12\xbb}=\xe4\
\x81\x00G\xefR\x1eN\xfe%v\xfa{\xc7\xa9\x0f'\
\x7f\x12\xbb}=\xe4\x81\x00G\xefR\x1eN\xfe%v\
\xfa{\xc7\xa9\x0f'\x7f\x12\xbb}=\xe4\x81\x00G\xef\
R\x1eN\xfe%v\xfa{\xc7\xa9\x0f'\x7f\x12\xbb}\
=\xe4\x81\x00G\xefR\x1eN\xfe%v\xfa{\xc8g\
\xb4\xd6\x0c\xb2\xe0\x1c\xe2\xba\xe1\x8c>\xc9\x99o\xa6\x8e\
\x17F\xd9dW\xb9\x15\xd1\xb5\xcb\xc5{UKM+\
Wn\x1ft}\xff\x00\xf4T\xdee\xa0i\x10\x00\x00\
\x00\x00\x00\x03*\xca\x0b\x15\x06'\xcd<1\x87n\x8d\
{\xa8nWH)\xaa\x11\x8e\xddr\xb1\xefD]\x17\
\xa1tS\x153\xed\x9d=\xbep7\x97i|\xeb@\
\x9b>\xa4<\x9d\xfcJ\xed\xf4\xf7\x8fR\x1eN\xfe%\
v\xfa{\xc9\x02\x00\x8f\xde\xa4<\x9d\xfcJ\xed\xf4\xf7\
\x8fR\x1eN\xfe%v\xfa{\xc9\x02\x00\x8f\xde\xa4<\
\x9d\xfcJ\xed\xf4\xf7\x8fR\x1eN\xfe%v\xfa{\xc9\
\x02\x00\x87\xf9\xf5\xb2V\x1f\xa0\xc0U7|\xb7\x8a\xbf\
\xd3j\x04Y\x9fI4\xcb/\xa2\xa2D\xf0\x9a\xddx\
\xa3\xd3\x9au\xe9\xa7N\xa9\x0a\x15\x15\x17EM\x14\xb9\
r\x09\xed\xc5\x91\xeb\x87\xee\x93\xe6V\x18\xa6jZ+\
e\xd6\xe9O\x1bt\xf44\xee_\xe3Q=\xeb\xd5x\
\xf59u\xe9\xe0\x11L\x00\x00\x00\x00\x00\x00\x00\x00\x00\
\x00\x00\x00\x00\x06s\x90\xb8f\xd7\x8css\x0fa\xab\
\xd3$}\xbe\xbe\xab\xbd\xce\xd8\xde\xacr\xb7E^\x0a\
\x9c\xb9\x13{\xd4\x87\x93\xbf\x89]\xbe\x9e\xf2\x1d\xec\x9b\
\xee\x86\xc1\xff\x00\x1eO\xb2\xa5\xa2\x81\x1f\xbdHy;\
\xf8\x95\xdb\xe9\xef\x1e\xa4<\x9d\xfcJ\xed\xf4\xf7\x92\x04\
\x01\x1f\xbdHy;\xf8\x95\xdb\xe9\xef\x1e\xa4<\x9d\xfc\
J\xed\xf4\xf7\x92\x04\x01\x1f\xbdHy;\xf8\x95\xdb\xe9\
\xef\x0e\xd9\x0f'\x91\xaa\xbe\x82\xbbpO\xc7\xdeH\x13\
\xe3\xfdc\xbc@S\xde,\xa2\x82\xdb\x8a\xae\xd6\xead\
rAK]41\x22\xae\xab\xba\xd7\xabSU\xf1!\
\xe6\x1e\xe6`{=\xc4>T\xa9\xf3\xae<0\x00\x00\
\x00\x00\x00\x00\x00\x00\x00\x1c\x94\xf0\xcdQ<pS\xc5\
$\xd3H\xe4k#cU\xcer\xaf$DN*\xa0\
q\x82G\xe4\xf6\xc98\xe7\x166\x1b\x96-\x910\xad\
\xad\xe8\x8eH\xe5f\xfd\x5c\x89\xc3\x94|\x99\xfde\xd5\
=\xea\x92\xc7,\xf6z\xca\xdc\x06\x90\xcfC\x87\xe3\xb9\
\x5cc\xd1}\x1dr\xd2yw\x93\xf0\x9a\x8a\x9b\xac_\
\x82\x88\x05w\xe0\xcc\xaf\xcc,b\x8c~\x1b\xc2\x17j\
\xf8dMY:@\xac\x85\xc9\xd9#\xf4g\xeb7\x16\
\x17\xd8\xdf3\xaeM\x8a[\xbdu\x96\xcd\x1b\xfds\x1f\
3\xa6\x95\x9e6\xb57\x7f\xe2,\x12626##\
cX\xd4\xe4\x8dM\x11\x0f\xd0\x10\xea\xcf\xb0\xfd#Q\
\x8bx\xc7\xb3\xca\xbf\x84\x94\xb4(\xcf\x99\x5c\xe7\x19\x1d\
>\xc4\xf9x\xc4N\xfd\x89\xf14\xab\xa7\x1d\x1f\x03S\
\xcd\x92\x88\x01\x19\xbdE\xd9g\xfc\xf5\x89\x7f\xbf\x8b\xff\
\x00\x18\xf5\x17e\x97\xf3\xce$\xfe\xfe/\xd8$\xc8\x02\
3z\x8b\xb2\xcb\xf9\xe7\x12\x7f\x7f\x17\xec\x0fQvY\
\x7f<\xe2O\xef\xe2\xfd\x82L\x80#7\xa8\xbb,\xbf\
\x9eq'\xf7\xf1~\xc0\xf5\x17e\x97\xf3\xce$\xfe\xfe\
/\xd8$\xc8\x023z\x8b\xb2\xcb\xf9\xe7\x12\x7f\x7f\x17\
\xec\x0fQvY\x7f<\xe2O\xef\xe2\xfd\x82L\x80#\
7\xa8\xbb,\xbf\x9eq'\xf7\xf1~\xc0\xf5\x17e\x97\
\xf3\xce$\xfe\xfe/\xd8$\xc8\x023z\x8b\xb2\xcb\xf9\
\xe7\x12\x7f\x7f\x17\xec\x0fQvY\x7f<\xe2O\xef\xe2\
\xfd\x82L\x9cuS\xc1KM-ML\xd1\xc3\x04,\
Y$\x92G#Z\xc6\xa2j\xaeU^\x08\x88\x9cu\
\x02#fn\xccy1\x97\xd8.\xbf\x14\xdf\xb1\x06$\
\x8e\x96\x91\x9e\x0ciS\x12>y\x17\xd6\xc6\xcf\x03\x8b\
\x9c\xbc>u\xe4\x8aBz\x85\x89\xd3\xc8\xe8X\xe6D\
\xaeUc\x5c\xedU\xad\xd7\x82*\xf4\x9b\xa7k<\xe7\
\x9f51\x9f\xa0\xedr\xbd\x98^\xd4\xf72\x82>)\
\xdf\xdd\xc9\xd3\xb9:\xd7\x93S\xa1\xbd\xaa\xa6\x93\x00\x00\
\x00\x00\x00\x00\x00\x00\x00\x00\x00\x00\x00\x00\x00\x00\x00\x00\
\x00\x00\x00\x00\x00\x01\xd9\xb6P\xd5\x5c\xae4\xd6\xea\x18\
\x1f=UL\xad\x8a\x18\x98\x9a\xb9\xefr\xe8\x88\x89\xe3\
P:\xc0\xb2<\xaf\xd9\x9f.l\x98\x16\xd9A\x8a0\
\xcd\x05\xde\xf4\x91#\xebj\xa6\xd5\xca\xb2\xbb\x8a\xb58\
\xfa\xd6\xf2O\x16\xbd&K\xea}\xc9\xbf\xc8\x1bO\xf6\
]\xfe`U\xb8-#\xd4\xfb\x93\x7f\x906\x9f\xec\xbb\
\xfc\xc7\xa9\xf7&\xff\x00 m?\xd9w\xf9\x81V\xe0\
\xb4\x8fS\xeeM\xfe@\xda\x7f\xb2\xef\xf3\x1e\xa7\xdc\x9b\
\xfc\x81\xb4\xff\x00e\xdf\xe6\x05[\x82\xd1j6\x7f\xc9\
\xc6\xd3\xc8\xe4\xc06\x94Tb\xaax.\xea\xf1\x95\x87\
u\x8d\x90\xdd*\xe2\x8d\xbb\xacd\xcfkS\xa9\x11\xcb\
\xa0\x1d`\x00\x00\x00\x00\x0d\xe5\xb16\x12\xc3\x98\xcf8\
g\xb4b\x8bM=\xd2\x85\xb6\x99\xa6HfEV\xa3\
\xd1\xf1\xa2;\xc7\xa2\xaf\xce\x06\x8d\x05\xa4z\x9fro\
\xf2\x06\xd3\xfd\x97\x7f\x98\xf5>\xe4\xdf\xe4\x0d\xa7\xfb.\
\xff\x000*\xdc\x16\x91\xea}\xc9\xbf\xc8\x1bO\xf6]\
\xfec\xd4\xfb\x93\x7f\x906\x9f\xec\xbb\xfc\xc0\xabpZ\
G\xa9\xf7&\xff\x00 m?\xd9w\xf9\x91\x1fn\xdc\
\x0d\x84\xf0>-\xc3\xb4\xb8R\xc9Ki\x86\xa6\x81\xf2\
L\xc8\x11Q\x1e\xe4\x91Q\x15u\xec\x027\x80\x00\x00\
\x00\x00\x00\x00\x00\x00\x00\x03 \xc0\xb83\x13\xe3{\xcc\
v\x8c-f\xaa\xb9\xd5=Q\x15\x22g\x83\x1a/\xe1\
=\xdc\x9a\x9d\xaa\xa8\x84\xd0\xc8\xfd\x90l6\x17Ax\
\xccZ\x88\xaf\xb7\x16.\xfbm\xf0\xaa\xfa\x0e>\xad\xf5\
TGH\xbd\x9c\x1b\xd8\xe4\x02,\xe4\xdeIc\xcc\xd1\
\xabb\xd8\xed\xabMkGn\xcbt\xabEe;4\
\xe6\x88\xbc\xde\xee\xc6\xeb\xdb\xa19rGf\xfc\x07\x96\
\xcd\x86\xe1-:_\xef\xecDU\xb8VF\x9aF\xef\
\xe8\xa3\xe2\x8c\xf1\xf1wi\xb8\xe8i)h(\xe2\xa3\
\xa1\xa6\x86\x96\x9a\x16\xa3\x22\x86\x18\xd1\x8ccS\x92#\
S\x82'\x88\xe6\x00\x00\x00\x00\x00\x00\x00\x00\x00\x00\x00\
\x00\x03\xa7z\xb5\xdboV\xb9\xedwz\x0aj\xfa\x1a\
\x86+&\xa7\xa8\x8d\x1f\x1c\x8d\xeaV\xaf\x05\x22Fx\
luOP\xe9\xefY]V\xdai\x15w\xddf\xab\
z\xf7\xb5\xeb\xefR\xaf\x16\xfc\x17\xea\x9c}r'\x02\
a\x80)\xeb\x13X/xf\xf15\x9f\x10Z\xea\xed\
\x95\xf0.\x92AS\x12\xb1\xc9\xd4\xbcy\xa2\xf4*p\
^\x83\xcc-\xb72\xf2\xeb\x07\xe6-\x99mx\xb2\xcd\
\x05s\x1a\x8b\xdeg\xd3vx\x15zY\x22qo\x8b\
\x92\xf4\xa2\x90\x9b<\xb6M\xc5\x98E\xd3]\xb0K\xa6\
\xc4\xd6dUr\xc0\xd6\x7f\x0c\x81\xbd\xadN\x12'k\
x\xfej\x01\x1a\xc1\xfb\x969\x22\x91\xd1J\xc7F\xf6\
\xae\x8ek\x93EE\xeaT?\x00\x00\x00l\x1c\xa1\xce\
,u\x95\xd7\x04\x9b\x0d\xddU\xd4Or,\xf6\xea\x94\
Y)\xa6\xf1\xb7]Z\xbf\x9c\xd5E\xed'&H\xed\
5\x80\xf3\x13\xd0\xf6\xcb\x84\xcd\xc3\x98\x82M\x1b\xe8:\
\xc9\x13\xbdL\xef\xe8\xa5\xe0\x8e\xd7\xa1\xab\xa3\xba\x91y\
\x95\xb4\x00\xb9\x80W\x0eImA\x8e\xb0\x02\xc1l\xbc\
\xca\xfcMaf\xeb\x12\x9e\xaaE\xef\xf01?\xf8\xe5\
]W\x82~\x0b\xb5N\x08\x89\xa18\xb2\x9f70.\
f[\xdb>\x19\xbcF\xfa\xa4n\xb3PO\xa4u0\
\xf5\xef1y\xa7\xe77T\xed\x03<\x00\x00\x00\x00\x00\
\x00\x00\x00\x00\x01\xae\xb3\x83%\xf0\x16h\xd2*b+\
REpji\x15\xce\x93H\xeaY\xc3D\xd5\xdax\
h\x9e\xf5\xc8\xa9\xe2 \xc6w\xec\xd9\x8f2\xdb\xbf\xdc\
\xa0\x891\x06\x1e\x8f\xc2\xf4\xc2\x8d\x8b\xbd\x13u\xff\x00\
K\x17\x15g\x8d7\x9b\xf9\xdd\x05\x96\x00)\x9c\x163\
\x9d\xfb-`\x8cx\xb3]l\x0df\x17\xbe\xbfW,\
\x94\xd1'\xa1\xa7w\xf4\x91&\x88\x8a\xab\xf8M\xd1x\
\xaa\xaa9H=\x9a\xf9S\x8d\xb2\xca\xe9\xe8<Qh\
\x92(^\xbaA[\x0e\xaf\xa6\x9f\xe0\xbf\x96\xbf\x9a\xba\
*t\xa2\x01\x83\x80\x00\x00\x00\x00\x00\x00\x00\x00\x00\x00\
\x00\x00\x00\x00\x00\x00\x00\xb8\xbb\x07\xde\x1b\x7f\xc5c\xfb\
(wN\x95\x83\xef\x0d\xbf\xe2\xb1\xfd\x94;\xa0\x00\x00\
\x00\x00\x00\x00\x00\x00\x00\x00\x00\x00\x00\x00\x00\x00\x00\x00\
\x00\x00\x00\x00\x00\x00\x0a\xd5\xdb\x87\xdd\x1f\x7f\xfd\x157\
\x99ieEj\xed\xc3\xee\x8f\xbf\xfe\x8a\x9b\xcc\xb4\x0d\
\x22\x00\x00\x00\x00\x00\x00g\xdb:{|\xe0o.\xd2\
\xf9\xd6\x98\x09\x9fl\xe9\xed\xf3\x81\xbc\xbbK\xe7Z\x05\
\xad\x00\x00\x00\x00\x00\x00\x1d[\xc5\xba\x86\xefj\xaa\xb5\
\xdc\xe9b\xab\xa2\xab\x89\xd0\xcf\x0c\xad\xdel\x8crh\
\xa8\xa8v\x80\x15\x7f\xb4\xd6P\xd7\xe5>:\x92\x966\
>k\x05{\x9d-\xb2\xa7\x8a\xf8\x1a\xf1\x89\xca\xbf\x84\
\xde]\xa9\xa2\xf5\xe9\xa9\xcbh\xce\x1c\xbe\xb2\xe6^\x06\
\xad\xc37\x98\x93I[\xbfM:z\xfay\x93\xd6\xbd\
\xab\xf5\xa7Jj\x85[\xe6\x1e\x10\xbd\xe0\x5c__\x86\
/\xf4\xcb\x05m\x1c\x8a\xd5]<\x19\x1b\xf8/j\xf4\
\xb5S\x8a(\x18\xf8\x00\x00\x00\x00\x00\x00\x00\x00\x00\x00\
\x00\x0d\xa7\xb2o\xba\x1b\x07\xfcy>\xca\x96\x8aU\xd6\
\xc9\xbe\xe8l\x1f\xf1\xe4\xfb*Z(\x00\x00\x00\x00\x03\
\xe3\xfdc\xbcG\xd3\xe3\xfdc\xbc@T&`{=\
\xc4>T\xa9\xf3\xae<3\xdc\xcc\x0fg\xb8\x87\xca\x95\
>u\xc7\x86\x00\x00\x00\x00\x00\x00\x00\x03r\xec\xcf\x91\
w|\xda\xbd\xfa*\xa5e\xa0\xc34\x92\x22U\xd6#\
x\xc8\xbc\xfb\xd4z\xf3v\x9c\xd7\x92~\xa01l\x9b\
\xca|]\x9a\x97\xdfK\xb0\xe5\x1a%4NOE\xd7\
\xcd\xab`\xa6j\xf4\xb9zW\xa9\xa9\xaa\xaf\xeb,\x0b\
#r\x0b\x04ee4u4\x94\xc9u\xbf+4\x96\
\xe9V\xc4W\xa2\xf4\xa4m\xe5\x1b|\x5cW\xa5T\xd8\
8/\x0b\xd8\xb0v\x1d\xa5\xc3\xf8r\xdd\x0d\x05\xbe\x99\
\xba28\xd3\x9a\xf4\xb9\xcb\xcd\xce^\x95^'\xb2\x00\
\x00\x00\x00\x00\x00\x00\x00\x00\x00\x00\x00\x00\x00\x00\x00\x00\
\x86{vgr*M\x95\x98Z\xaf\xa5=<\xa9\x8d\
~T\xa7E\xfdo\xf9\x1b\xef\x90\xdb\xfbZ\xe74\x19\
[\x82\xd6\x86\xd73]\x89\xee\xb1\xb9\x94,EEZ\
vrt\xeeN\xcf\xc1\xd7\x9b\xbb\x11J\xd9\xaa\xa8\x9e\
\xaa\xaaZ\xaa\x99_4\xf3=_$\x8f]\x5c\xf7*\
\xea\xaa\xab\xd2\xaa\xa0q\x00\x00\x00\x00\x00\x00\x00\x00\x00\
\x00\x00\x00\x00\x00\x00\x00\x00\x00\x00\x00\x00\x00\x00\x00\x12\
\xe3\xb9\xff\x00\x95\x1e\x98\xdd\xe6\xcc\xdb\xd56\xb4\x94.\
Xm,{x>\x7f\xc2\x97\xc4\xd4\xe0\x9d\xab\xf9\xa4\
q\xca|\x13s\xcc<}k\xc2\x96\xa6\xaf|\xac\x95\
\x12Yt\xd5\xb0\xc4\x9c_\x22\xf6#u^\xde\x09\xd2\
Z\xc6\x0e\xc3\xd6\xcc)\x85\xed\xd8r\xcd\x02AAo\
\x81\xb0B\xc4\xe7\xa2sU\xebU]UW\xa5U@\
\xf5\x80\x00\x00\x00\x00\x00q\xd5\x7f%\x97\xe0/\xd4S\
\xbd\xef\xef\xcdw\xc6$\xfbJ\x5cEW\xf2Y~\x02\
\xfdE;\xde\xfe\xfc\xd7|bO\xb4\xa0t\xc0\x00\x00\
\x00\x09\x1d\xdc\xf2\xf6\xf9\xa8\xf2%G\x9c\x88\x8e$\x8e\
\xeey{|\xd4y\x12\xa3\xceD\x05\x85\x00\x00\x00\x00\
\x10k\xbaO\xec\xdf\x0a\xf96O:\xa4\xe5 \xd7t\
\x9f\xd9\xbe\x15\xf2l\x9eu@\x89\x80\x00\x00\x00\x00\x00\
\x00\x1d\xfc=g\xb9\xe2\x0b\xd5-\x9a\xcdE5m}\
\x5c\x89\x1c\x10D\xdd\x5c\xf7(\x1d8c\x92iY\x14\
1\xbaI\x1e\xa8\xd6\xb1\xa9\xaa\xb9W\x92\x22\x12\xa3!\
\xb6F\xbb_\xe2\x82\xf9\x98\xf2\xd4Y\xad\xee\xd1\xf1\xdb\
\xa2\xd1*\xa5O\xcfU\xe1\x1avh\xab\xd8\x86\xec\xd9\
\x9bf\xfb.\x5cSA\x881,p]qS\x91\x1c\
\x8eT\xde\x86\x8b\xb24^n\xeb\x7f\xcd\xa75\x90 \
xx+\x08\xe1\xbc\x19ee\x9f\x0b\xd9\xa9-tl\
\xd3V@\xcd\x15\xeb\xef\x9e\xeen^\xd5US\xdc\x00\
\x00\x00\x00\x00\x00\x00\x00\x00\x00\x00\x00\x00\x00\x00\x00\x00\
\x00\x00\x0dG\x9d\x9b?`<\xcf\x8eJ\xba\xba_J\
o\x8a\x9e\x05\xce\x8d\x88\x8fr\xff\x00H\xdeR'\x8f\
E\xed \xcetd.<\xcb\x09\xe4\xa8\xb8P-\xc6\
\xcb\xbc\xa9\x1d\xce\x91\xaa\xf8\xb4\xe8\xdfNl^\xc5\xed\
\xd3R\xd0\x8f\xc5D0\xd4A$\x15\x112hdj\
\xb1\xf1\xbd\xa8\xe6\xb9\xab\xc1QQx*(\x14\xd4\x09\
\xff\x00\x9e\x1b%alP\xd9\xee\xd8\x19\xf1\xe1\xdb\xba\
\xa6\xf7\xa1\xb4U\xa4\x99u\xd5xsb\xaf\x1e)\xc3\
\x97\x04!6b\xe0<S\x97\xd7\xd5\xb3b\xbbT\x94\
\x15Z*\xc6\xaa\xa8\xe6J\xd4\xfc&989;P\
\x0cd\x00\x00\xed\xdanW\x0bE\xc6\x1b\x8d\xaa\xba\xa6\
\x86\xb2\x07oE=<\x8b\x1b\xd8\xbdh\xe4\xe2\x87P\
\x01.\xb2Cl:\xfa\x04\x82\xcf\x99\xd4\xcf\xaf\xa7E\
F\xb6\xedK\x1a$\xacN\xb9#N\x0e\xf1\xb7E\xec\
Rca\x0cO`\xc5\xd6Xo8n\xebKs\xa1\
\x995l\xb0=\x1c\x88\xbd(\xa9\xcd\x159*/\x12\
\x9f\xcc\x97/\xb1\xe6,\xc0W\x86\xddp\xad\xe6\xa6\xdf\
:/\x86\xc6\xbbX\xe5N\xa7\xb1x9<\x7f \x16\
\xe6\x08\xc1\x92\x1b\x5c\xe1\xacF\xca{N>\x8d\x96\x0b\
\xb2\xee\xb1*\xdb\xaa\xd2L\xeeZ\xeb\xce?\x97\x87i\
&\xe9j \xaa\xa7eE4\xd1\xcf\x0c\x89\xbc\xc9#\
r9\xaeN\xb4T\xe0\xa0r\x00\x00\x00\x00\x00\x00\x00\
\x00\x1d;\xd5\xae\xdbz\xb6Ol\xbb\xd0SW\xd1N\
\xdd\xd9i\xea#G\xb1\xe9\xda\x8b\xc0\xee\x00!\xe6{\
\xec\x7fO3j/\x99]2\xc36\xaa\xf7\xd9\xea\x1f\
\xe0/_z\x91y|\x17|\xfd\x046\xbdZ\xaeV\
K\xa5E\xae\xefE=\x0du3\xd5\x93A;\x15\xaf\
c\x93\xa1QK\x8c5V\x7f\xe4\x86\x17\xcd\x8b+\xfd\
\x15\x14t\x17\xf8\x99\xfc\x12\xe7\x1b<6\xaarl\x9e\
\xfd\x9d\x9c\xd3\xa0\x0a\xbc\x06K\x998#\x10\xe5\xf6*\
\xa9\xc3\x98\x96\x89\xd4\xd5p\xae\xadrqd\xcc\xe8{\
\x17\xa5\xaac@\x00\x00\x00\x00\x00\x00\x00\x00\x00\x00\x00\
\x00\x00\x00\x5c]\x83\xef\x0d\xbf\xe2\xb1\xfd\x94;\xa7J\
\xc1\xf7\x86\xdf\xf1X\xfe\xca\x1d\xd0\x00\x00\x00\x00\x00\x00\
\x00\x00\x00\x00\x00\x00\x00\x00\x00\x00\x00\x00\x00\x00\x00\x00\
\x00\x00\x05j\xed\xc3\xee\x8f\xbf\xfe\x8a\x9b\xcc\xb4\xb2\xa2\
\xb5v\xe1\xf7G\xdf\xff\x00EM\xe6Z\x06\x91\x00\x00\
\x00\x00\x00\x003\xed\x9d=\xbep7\x97i|\xebL\
\x04\xcf\xb6t\xf6\xf9\xc0\xde]\xa5\xf3\xad\x02\xd6\x80\x00\
\x00\x00\x00\x00\x00\x00\x0d\x19\xb5\xc6J\xc1\x99\xf8En\
\x96zv\xb7\x14\xdb#WR\xb9\xa8\x88\xb5,\xe6\xb0\
\xbb\xebj\xf4/\x8c\xde`\x0ak\xa9\x82jZ\x99)\
\xaa\x22|SD\xe5d\x8czh\xe6\xb9\x17EEN\
\xb3\x8c\x99[t\xe4\x86\xeb\xa6\xcd\x0c+F\xe5E]\
ot\xf1\xb7\x97T\xe8\x9f\xa9\xdf?Y\x0d@\x00\x00\
\x00\x00\x00\x00\x00\x00\x00\x00\xda{&\xfb\xa1\xb0\x7f\xc7\
\x93\xec\xa9h\xa5]l\x9b\xee\x86\xc1\xff\x00\x1eO\xb2\
\xa5\xa2\x80\x00\x00\x00\x00>?\xd6;\xc4}>?\xd6\
;\xc4\x05Bf\x07\xb3\xdcC\xe5J\x9f:\xe3\xc3=\
\xcc\xc0\xf6{\x88|\xa9S\xe7\x5cx`\x00\x00\x00\x00\
\x00>\xa2*\xaa\x22&\xaa\xbc\x90\x0c\xfb!\xb2\xce\xe9\
\x9ay\x81K\x87hw\xa2\xa5o\xdd\xab\xea\xb7uH\
 EMW\xc6\xba\xe8\x89\xd6\xa5\xa1`\xec7f\xc2\
8n\x8b\x0fXh\xd9Io\xa3\x8d#\x8a6\xa7\x15\
\xebr\xafK\x95x\xaa\xf4\xa9\xab\xb6A\xcb\x08\xb2\xe7\
+)f\xac\xa7F\xdfo,m]{\x9c\x9e\x14h\
\xa9\xacqvn\xb5x\xa7\xbeU7@\x00\x00\x00\x00\
\x00\x00\x00\x00\x00\x00\x00\x00\x00\x00\x00\x00\x03\x16\xcd\x5c\
sf\xcb\xac\x11_\x8aor\x22CL\xcd\x22\x89\x1c\
\x88\xf9\xe5_[\x1b{U~d\xd5z\x0c\x8e\xba\xaa\
\x9a\x86\x8ej\xda\xc9\xd9\x05<\x11\xac\x92\xc8\xf5\xd1\xac\
j&\xaa\xaa\xbdH\x85i\xedW\x9cu\x19\xa9\x8d\x95\
\x94\x12I\x1e\x1c\xb6\xb9\xd1PB\xab\xc2U\xd7\x8c\xce\
N\xb5\xe8\xeaM\x00\xd7\xd9\x99\x8c\xef8\xff\x00\x1a\x5c\
1E\xf2e}Ud\x8a\xadb*\xee\xc2\xcf\xc1\x8d\
\xa9\xd0\xd4N\x064\x00\x00\x00\x00\x00\x00\x00\x00\x00\x00\
\x00\x00\x00\x00\x00\x00\x00\x00\x00\x00\x00\x00\x00\x00\x0d\xcf\
\xb2.U;3s2\x17\x5c Wa\xfb:\xb6\xaa\
\xe2\xaa\x9e\x0c\xab\xaf\x81\x0f\xf5\x958\xfej;\xb0\x09\
E\xb0\xbeT~\xe3p\x22\xe3\x1b\xc56\xe5\xee\xff\x00\
\x1b_\x12=\xbe\x15='67\xb1_\xc1\xcb\xd9\xbb\
\xd4\xa4\x8f>1\xadcQ\x8cj5\xadM\x11\x114\
DC\xe8\x00\x00\x00\x00\x00\x00\x1cu_\xc9e\xf8\x0b\
\xf5\x14\xef{\xfb\xf3]\xf1\x89>\xd2\x97\x11U\xfc\x96\
_\x80\xbfQN\xf7\xbf\xbf5\xdf\x18\x93\xed(\x1d0\
\x00\x00\x00\x02Gw<\xbd\xbej<\x89Q\xe7\x22#\
\x89#\xbb\x9e^\xdf5\x1eD\xa8\xf3\x91\x01a@\x00\
\x00\x00\x04\x1a\xee\x93\xfb7\xc2\xbeM\x93\xce\xa99H\
5\xdd'\xf6o\x85|\x9b'\x9dP\x22`\x00\x00\x00\
\x00\x00\x0ej*Z\x8a\xda\xc8h\xe9!\x92z\x89\xde\
\x91\xc5\x1b\x1b\xab\x9e\xe5]\x11\x11:\xf5,od\xdc\
\x8c\xa2\xcb,7\x15\xea\xf7M\x14\xd8\xb2\xba=g\x91\
|/B1x\xf7\xa6u/\xbe^\x95\xec5\xc6\xc2\
\x99'\x0d%\x049\x9f\x89\xa97\xaa\xe7E\xf4\xa2\x9e\
V\xf0\x89\x9c\x96eN\xb5\xe8\xeaN=$\xbe\x00\x00\
\x00\x00\x00\x00\x00\x00\x00\x00\x00\x00\x00\x00\x00\x00\x00\x00\
\x00\x00\x00\x01\xf1\xeek\x18\xaf{\x91\xadjj\xaa\xab\
\xa2\x22\x01\xf4\xe9_n\xf6\xbb\x15\xae{\xa5\xe6\xbe\x9e\
\x82\x8a\x06\xefK<\xf2#\x18\xd4\xf1\xa9\xa2s\xc3j\
l\x17\x81\xbb\xf5\xaf\x0e:<K|n\xadV\xc1'\
\xf0h\x1d\xf9\xefO]\xe2o\xceB\x1c\xd5\xcd<k\
\x99WWV\xe2{\xbc\xb2\xc4\x8b\xf7*8\x97r\x9e\
$\xe8Dbp\xf9W\x88\x12\x7f<6\xc3\xa7\xa6u\
E\x9b,i[Q\x22*\xb1\xd7j\x96x\x09\xdb\x1b\
\x17\x9f\x8d~b\x1fb\x8cG}\xc5\x17in\xd8\x86\
\xebWs\xad\x95ut\xd5\x12+\x97\xc4\x9d\x08\x9d\x89\
\xc0\xf2\x80\x00\x00\x00\x00\x00\x00\x03h\xe4\xcez\xe3\xcc\
\xaf\xa8dV\xaa\xf5\xae\xb4\xeb\xf7Kec\x95\xf0\xaa\
~oK\x17\xc5\xdb\xc0\xd5\xc0\x0b4\xc9-\xa2p&\
e\xc5\x1d\x1f\xa2\x9bd\xbe*\x22:\x82\xb1\xe8\xdd\xf5\
\xfe\x8d\xfc\x9e\x9d\x9c\xf8\xa7\x03r\x14\xd3\x1b\xdf\x1c\x8d\
\x927\xb9\x8fj\xa3\x9a\xe6\xae\x8a\x8a\x9c\x95\x14\x91\x19\
\x1d\xb5^0\xc1I\x0d\xa7\x14\xa4\x98\x96\xc8\xd5\xd1\x16\
W\xff\x00\x0a\x854\xfc\x17\xaf\xaeN\x5c\x1d\xf3\x81a\
\xc0\xc3r\xbb3\xb0fdZ\x92\xbb\x0b^!\xa9z\
5\x16jW\xae\xec\xf0/S\x98\xbczy\xa6\xa9\xda\
f@\x00\x00\x00\x00\x00\x00\x00\x00k\x8c\xfd\xcak\x16\
l`\xe9mu\xec\x8e\x0b\xa4\x0ds\xad\xd5\xfb\xbe\x14\
\x12t\x22\xf5\xb1zS\xe5\xe6V.2\xc3w\x8c#\
\x89\xab\xb0\xed\xfa\x91\xd4\xb7\x0a)V9X\xbc\x97\xa9\
\xc8\xbd-T\xe2\x8b\xd2\x8a\x5c\x09\xa0\xb6\xc3\xc9H3\
\x1f\x08I\x88l\x94\xa8\x98\xaa\xd3\x0b\x9f\x0a\xb1<*\
\xc8S\x8a\xc2\xbdn\xe6\xad\xed\xe1\xd2\x05r\x03\xeb\x9a\
\xadr\xb5\xc8\xa8\xe4]\x15\x17\xa0\xf8\x00\x00\x00\x00\x00\
\x00\x00\x00\x00\x00\x00\x00\x05\xc5\xd8>\xf1[\xfe+\x1f\
\xd9C\xbaU<Y\xd5\x9b\x11F\xc8\xa3\xc7\xf7\xe6\xb1\
\x8dF\xb5\xa9T\xba\x22'\x04C\xf5\xfb\xf6\xe6\xdf\xfa\
\xc1\xbf\xfd)@\xb5`UO\xef\xdb\x9b\x7f\xeb\x06\xff\
\x00\xf4\xa5\x1f\xbfnm\xff\x00\xac\x1b\xff\x00\xd2\x94\x0b\
V\x05T\xfe\xfd\xb9\xb7\xfe\xb0o\xff\x00JQ\xfb\xf6\
\xe6\xdf\xfa\xc1\xbf\xfd)@\xb5`UO\xef\xdb\x9b\x7f\
\xeb\x06\xff\x00\xf4\xa5\x1f\xbfnm\xff\x00\xac\x1b\xff\x00\
\xd2\x94\x0bV\x05T\xfe\xfd\xb9\xb7\xfe\xb0o\xff\x00J\
S\xb9b\xce\x9c\xd7\x9a\xf7A\x14\x98\xfe\xfc\xe6>\xa6\
6\xb9\xabT\xba*+\x91\x15\x00\xb4\xa0\x13\x92\x00\x00\
\x00\x00\x00\x00\x113o\xecq\x8b\xf0}\xcb\x08\xb3\x0b\
\xe2;\x8d\xa1\xb5P\xd5,\xe9K*\xb1$V\xac{\
\xaa\xbdzj\xbf8\x12\xcc\x15S\xfb\xf6\xe6\xdf\xfa\xc1\
\xbf\xfd)G\xef\xdb\x9b\x7f\xeb\x06\xff\x00\xf4\xa5\x02\xd5\
\x81U?\xbfnm\xff\x00\xac\x1b\xff\x00\xd2\x94~\xfd\
\xb9\xb7\xfe\xb0o\xff\x00JP-X\x15S\xfb\xf6\xe6\
\xdf\xfa\xc1\xbf\xfd)G\xef\xdb\x9b\x7f\xeb\x06\xff\x00\xf4\
\xa5\x02\xd5\x81U?\xbfnm\xff\x00\xac\x1b\xff\x00\xd2\
\x94~\xfd\xb9\xb7\xfe\xb0o\xff\x00JP-X\xad]\
\xb8}\xd1\xf7\xff\x00\xd1Sy\x96\x98\x9f\xef\xdb\x9b\x7f\
\xeb\x06\xff\x00\xf4\xa50\xfcK~\xbc\xe2[\xbc\xb7{\
\xfd\xca\xa6\xe5_*\x22IQP\xfd\xe7\xb9\x114M\
W\xb1\x00\xf3@\x00\x00\x00\x00\x00\x0c\xfbgOo\x9c\
\x0d\xe5\xda_:\xd3\x013\xed\x9d=\xbep7\x97i\
|\xeb@\xb5\xa0\x00\x00\x00\x00\x00\x00\x00\x00\x00\x1cu\
PCUM-5LL\x9a\x19X\xac\x927\xa6\xad\
{U4TT\xe9EB\xb6\xf6\xb6\xc9\x89\xb2\xbb\x19\
-\xc2\xd5\x0c\x8f\xc2\xf7G\xab\xe8\xe4\xd3T\xa7\x7f7\
B\xe5\xec\xe6\x9di\xe2R\xca\x0c{1\xb0u\x97\x1e\
\xe0\xea\xfc/\x7f\x83\xbe\xd1V3ET\xf5\xd1=8\
\xb5\xed^\x87\x22\xf1@* \x19\x86o\xe5\xfd\xeb-\
1\xd5n\x16\xbd3y\xd0\xbb~\x9e\xa1\xadTeL\
+\xebdo\x8d9\xa7B\xa2\xa7A\x87\x80\x00\x00\x00\
\x00\x00\x00\x00\x01\xb4\xf6M\xf7C`\xff\x00\x8f'\xd9\
R\xd1J\xba\xd97\xdd\x0d\x83\xfe<\x9feKE\x00\
\x00\x00\x00\x00|\x7f\xacw\x88\xfa|\x7f\xacw\x88\x0a\
\x84\xcc\x0fg\xb8\x87\xca\x95>u\xc7\x86{\x99\x81\xec\
\xf7\x10\xf9R\xa7\xce\xb8\xf0\xc0\x00\x00\x00\x00\x1bGe\
\x9c\x12\xdcy\x9d\xb6+MLI%\x05<\xab[Z\
\x8a\x9a\xa2\xc5\x17\x85\xba\xbd\x8ev\xeb\x7f\xacj\xe2e\
\xf75\xf0\xf3\x16L[\x8a\xa4bo\xb5!\xb7\xc2\xed\
:\x17Y$O\xd5\x18\x134\x00\x00\x00\x00\x00\x00\x03\
Qg\xf6}\xe1<\xa6\xa7J:\x8dn\x97\xf9Y\xbd\
\x15\xba\x07\xa2+Qy:G~\x02~\xb5\xfd`m\
\xd3\xadSp\xa0\xa6\x93\xbd\xd4\xd7SB\xfd5\xdd\x92\
V\xb5~eR\xb5s\x17i\x5c\xd5\xc6\x13\xc8\xd4\xbe\
\xbe\xc9B\xe5Tm-\xb7\xeeI\xba\xbd\x0a\xef\x5c\xef\
\x95MOSv\xba\xd4\xca\xb2\xd4\xdc\xebf\x91y\xbe\
I\xdc\xe5_\x95T\x0b}\xf4\xe2\xd1\xfc\xebC\xf4\x86\
\x7f\x98\xf4\xe2\xd1\xfc\xebC\xf4\x86\x7f\x99O\xbe\x8e\xad\
\xfcr\xa3\xfb\xd5\xff\x001\xe8\xea\xdf\xc7*?\xbd_\
\xf3\x02\xe0\xbd8\xb4\x7f:\xd0\xfd!\x9f\xe6=8\xb4\
\x7f:\xd0\xfd!\x9f\xe6S\xef\xa3\xab\x7f\x1c\xa8\xfe\xf5\
\x7f\xccz:\xb7\xf1\xca\x8f\xefW\xfc\xc0\xb8/N-\
\x1f\xce\xb4?Hg\xf9\x8fN-\x1f\xce\xb4?Hg\
\xf9\x94\xfb\xe8\xea\xdf\xc7*?\xbd_\xf3\x1e\x8e\xad\xfc\
r\xa3\xfb\xd5\xff\x000.\x0b\xd3\x8bG\xf3\xad\x0f\xd2\
\x19\xfec\xd3\x8bG\xf3\xad\x0f\xd2\x19\xfee>\xfa:\
\xb7\xf1\xca\x8f\xefW\xfc\xc7\xa3\xab\x7f\x1c\xa8\xfe\xf5\x7f\
\xcc\x09y\xb7>w\xb6\xa9\xd2e\x9e\x14\xadk\xa0n\
\x8e\xbb\xd5B\xfdQ\xeb\xcd!EN\x8e\x97|\x88C\
\xb3\xeb\x9c\xe79\x5c\xe5W*\xf1UU\xe2\xa7\xc0\x00\
\x00\x00\x00\x00\x00\x00\x00\x00\x00\x00\x00\x00\x00\x00\x00\x00\
\x00\x00\x00\x00\x00\x00\x00;\x16\xda*\xbb\x95\xc2\x9e\xdf\
AO%E]L\xad\x8a\x18\xa3M\x5c\xf7\xb9tF\
\xa2u\xaa\xa9i{;\xe5\xad&V\xe5\x9d\x0e\x1fb\
1\xf7\x19\x7f\x84\xdc\xa7o\xfaZ\x87\x22k\xa2\xfb\xd6\
\xa2#S\xb1;H\xc9\xdc\xff\x00\xca\x85\xb8\xdd\xe5\xcc\
\xfb\xcd>\xb4\x94Nt\x16\x96=\xbc\x1f7'\xca\x9f\
\x055jv\xaa\xf5\x13\x80\x00\x00\x00\x00\x00\x00\x00\x00\
\x0e:\xaf\xe4\xb2\xfc\x05\xfa\x8aw\xbd\xfd\xf9\xae\xf8\xc4\
\x9fiK\x88\xaa\xfeK/\xc0_\xa8\xa7{\xdf\xdf\x9a\
\xef\x8cI\xf6\x94\x0e\x98\x00\x00\x00\x01\xb5v]\xcc\xab\
NU\xe6D\xb8\x9a\xf3EUYL\xfbt\xb4\xa9\x1d\
>\x9b\xdb\xces\x15\x17\x8fG\x82\xa6\xaa\x00O_V\
\xae\x02\xfc\x9a\xbe\xff\x00\xf5\xff\x00\x98\xf5j\xe0/\xc9\
\xab\xef\xff\x00_\xf9\x90(\x01=}Z\xb8\x0b\xf2j\
\xfb\xff\x00\xd7\xfec\xd5\xab\x80\xbf&\xaf\xbf\xfd\x7f\xe6\
@\xa0\x04\xf5\xf5j\xe0/\xc9\xab\xef\xff\x00_\xf9\x91\
\xdbk\x1c\xdd\xb2f\xe6 \xb3\x5cl\x96\xfa\xda&P\
R:\x09\x1bS\xbb\xab\x95^\xae\xd544\x98\x00\x00\
\x00\x00\x00m\xbd\x96r\xaa\x5c\xd2\xccxi*\x98\xa9\
c\xb7n\xd4\xdc\x9f\xcby\x9a\xf0\x8d;\x5c\xbc<Z\
\x9a\x95\xa8\xaer5\xa8\xaa\xaa\xba\x22'If\xbb\x22\
\xe5\xc3r\xef(\xe8\x99U\x0a2\xefvD\xad\xaeU\
N(\xaeO\x01\x9f\xd5o\xebU\x03n\xd1\xd3AG\
I\x0d%,L\x86\x08X\x91\xc7\x1b\x13F\xb1\xa8\x9a\
\x22\x22uhr\x80\x00\x00\x00\x00\x00\x00\x00\x00\x00\x00\
\x00\x00\x00\x00\x00\x00\x00\x00\x00\x1e\x06;\xc6xc\x03\
X\xdfz\xc5W\x8ake\x1bx5\xd2\xbb\xc2\x91\xde\
\xf5\x8dN.wb\x22\x90\xc3<6\xbe\xbf_\x16{\
>\x5c\xc1%\x92\xdc\xaa\xad[\x8c\xa8\x8bW*u\xb5\
9D\x9f;\xb9qN@J\x5c\xe1\xce\xbc\x07\x96\x14\
\x8e\xf4\xf6\xe6\x95\x17%O\xb9\xdbi\x15\x1fP\xe5\xd3\
\x86\xf2k\xe0'k\xbeMH5\x9d\xbbHc\xbc\xc8\
Y(\x22\x9dl65UD\xa1\xa3z\xa2\xc8\xdf\xe9\
\x1f\xcd\xde.\x09\xd8i\xca\xea\xba\xaa\xfa\xc9k+j\
e\xa9\xa9\x99\xca\xf9%\x95\xea\xe7\xbd\xcb\xcdUW\x8a\
\xa9\xc0\x00\x00\x00\x00\x00\xe6\xa2\xa5\xa9\xad\xab\x8a\x92\x8e\
\x9ej\x9a\x89\x5c\x8d\x8e(\x98\xaf{\xdc\xbc\x91\x118\
\xaa\x9b\x8b#\xb6r\xc7Y\x96\xb0\x5c_\x02\xd8\xb0\xf3\
\xfc/L*\xd9\xc6V\xff\x00E\x1f\x05\x7f\x8f\x83{\
W\x919rs$\xb0\x1eW\xd21l\x96\xd4\xa9\xba\
+7f\xb9\xd5\x22>w\xf5\xe8\xbc\x98\x9d\x8d\xd3\xe5\
\x02,d\x86\xc8x\x82\xfe\x90^3\x0ay,v\xe7\
h\xf6\xd0D\xa8\xb5R\xa7=\x1d\xd1\x1a/\xca\xbe#\
|\xe6&\xca\xd9a\x890\xe44\x16Kja\xba\xfa\
h\xf7 \xad\xa4MU\xdf\xa5j\xaf\xdd<k\xc7\xb4\
\xdf \x0a\xb4\xcel\x8f\xc7y[R\xf9/6\xf5\xab\
\xb4+\xd5\xb1\x5c\xe9Q]\x0b\xb8\xf0\xde\xe9\x8dWT\
\xe0\xee\xbd\x11T\xd6E\xc9\xd6SS\xd6R\xc9KW\
\x04s\xc1+U\xb2G#Q\xcdr/4T^h\
F\x0c\xf0\xd9\x0f\x0fb\x1e\xff\x00w\xcb\xc9\xe2\xc3\xf7\
%\xf0\x96\x82D\xfe\x07*\xe9\xc9\xbaq\x89|Z\xa7\
bs\x02\x05\x83\x22\xc7\xb8#\x15`K\xca\xdaq]\
\x92\xaa\xd7S\xc7s\xbe\xb7\xc0\x95\x13\x9b\x98\xf4\xf0^\
\x9d\xa8\xaac\xa0\x00\x00z\x18z\xf7w\xc3\xd7hn\
\xb6;\x95U\xba\xba\x07oG=<\x8a\xc75|h\
K\x9c\x8e\xdb\x0d\xedXl\xd9\xa3M\xbc\xde\x0dm\xe2\
\x96>)\xfaX\xd3\x9f\x8d\xbf2\x90\xd8\x01p\xf8n\
\xfbf\xc4\x96\x88n\xf6\x1b\x9d-\xca\x86d\xd69\xe9\
\xe4G5xk\xa2\xe9\xc9x\xf2^(z%Ke\
\x96d\xe3,\xb8\xbb\xfae\x84\xef3Q9\xdaw\xe8\
\x17\xc3\x86dN\x87\xb1x/5\xe3\xcd5\xe0\xa8M\
\xac\x8f\xda\xc3\x08c\x1e\xf3i\xc6)\x0e\x18\xbd?\xc1\
I\x1e\xef\xe0s/c\xd7\xf8\xb5\xec\x7f\x0f\xce\xe3\xa0\
\x12<\x1f\x18\xe6\xbd\x88\xf69\x1c\xd7&\xa8\xa8\xba\xa2\
\xa1\xf4\x00\x00\x00\x00\x00\x00\x0a\xff\x00\xdb\xab(S\x08\
b\xe4\xc7V*Ue\x92\xf92\xfa)\x8cO\x06\x9e\
\xb1us\xbcMzj\xe4\xedGv!\x19\xcbp\xcd\
l\x19o\xcc\x0c\xbe\xbca+\x8a5#\xaf\xa7V\xc7\
*\xa6\xab\x0c\xa9\xc69\x13\xb5\xaeF\xafn\x9at\x95\
=\x88m5\xf6\x1b\xed}\x92\xe9\x02\xc1]AP\xfa\
z\x88\xd7\xf0^\xc7+U;x\xa70:\x00\x00\x00\
\x00\x00\x00\x00\x00\x00\x00\x00\x00\x00\x00\x00\x00\x00\x00\x00\
\x00\x07\x7f\x0e{!\xb6\xfcn/\xb6\x87@\xef\xe1\xcf\
d6\xdf\x8d\xc5\xf6\xd0\x0b\x89NH\x02r@\x00\x00\
\x00\x00\x00\x85]\xd2\xef\xbe\x98#\xf4\x15\x9fj\x22j\
\x90\xab\xba]\xf7\xd3\x04~\x82\xb3\xedD\x04<\x00\x00\
\x00\x00\x00\x00\x00\x00\x00\x00\x00\x00\x00\x00\x00\x003\xed\
\x9d=\xbep7\x97i|\xebL\x04\xcf\xb6t\xf6\xf9\
\xc0\xde]\xa5\xf3\xad\x02\xd6\x80\x00\x00\x00\x00\x00\x00\x00\
\x00\x00\x00\x00j}\xa72\x82\x876p+\xe9\xa2l\
P\xe2\x0bz:[]S\x93O\x0bN19}\xe3\
\xf4D^\xa5D^\x8d\x16\xb2n\xf6\xea\xebE\xd2\xaa\
\xd7s\xa5\x96\x92\xb6\x92WC<2&\x8e\x8d\xed]\
\x15\xab\xf2\x97\x1cE]\xb8\xf2=1\x15\xaal\xc9\xc2\
\xd4m\xf4\xe2\x86-n\xb4\xf1\xb7E\xab\x81\xa9\xfcj\
'K\xd8\x9c\xfaU\xa9\xd6\xd4E\x08\x22\x00\x00\x00\x00\
\x00\x00\x00\x03i\xec\x9b\xee\x86\xc1\xff\x00\x1eO\xb2\xa5\
\xa2\x95u\xb2o\xba\x1b\x07\xfcy>\xca\x96\x8a\x00\x00\
\x00\x00\x00\xf8\xff\x00X\xef\x11\xf4\xf8\xff\x00X\xef\x10\
\x15\x09\x98\x1e\xcfq\x0f\x95*|\xeb\x8f\x0c\xf73\x03\
\xd9\xee!\xf2\xa5O\x9dq\xe1\x80\x00\x00\x00\x00,G\
\xb9\xf7nJ,\x82\xf4V\xea#\xab\xee\xd5\x13\xeb\xa7\
4Dd\x7f\xfe\x8aWqe{\x0e\xb1\x8d\xd9\xaf\x0e\
\xab9\xbaZ\xb5w\x8f\xd12'\xd4\x88\x06\xed\x00\x00\
\x00\x00\x00\x01\x83g\xc6=\x87-r\xb6\xf1\x8a\xdc\xd6\
IS\x04i\x15\x14O^\x12T=wX\x8b\xd6\x88\
\xab\xbc\xbd\x8dR\xab\xf1\x05\xde\xe5\x7f\xbdU\xdeo\x15\
\x92\xd6W\xd6J\xe9g\x9aGj\xe7\xb9WU''\
t\x86\xa2ve^\x1e\xa5c\x95!\x96\xf4\x8e\x91:\
\xd5\xb0\xc9\xbb\xf6\x94\x81\x80\x00\x00\x00\x00\x00\x00\x00\x00\
\x00\x00\x00\x00\x00\x00\x00\x00\x00\x00\x00\x00\x00\x00\x00\x00\
\x00\x00\x00\x00\x00\x00\x00\x00\x00\x00\x0c\xab)\xf0M\xcf\
0\xf1\xf5\xb3\x0a\xda\xd8\xee\xf9W*w\xe9Q8C\
\x0aq|\x8b\xe2O\x9dtN\x93\x15,#a\x8c\xa8\
\xfd\xc7`U\xc67jum\xea\xfd\x1b_\x1b^\x9e\
\x14\x14\xdc\xd8\xde<\x95\xde\xb9~D\xe8\x03}`\xec\
=l\xc2\x98b\xdf\x87l\xf4\xed\x82\x86\x82\x06\xc3\x13\
\x11:\x119\xafZ\xaa\xea\xaa\xbdjz\xc0\x00\x00\x00\
\x00\xe1\xa2\xab\xa6\xad\xa6mM$\xec\x9e\x17*\xa3^\
\xc5\xd5\x15QU\x17\xe6TT\xf9\x00\xe6\x00\x00\x00\x01\
\xc7U\xfc\x96_\x80\xbfQN\xf7\xbf\xbf5\xdf\x18\x93\
\xed)q\x15_\xc9e\xf8\x0b\xf5\x14\xef{\xfb\xf3]\
\xf1\x89>\xd2\x81\xd3\x00\x00\x00\x00\x00\x00\x00\x00\x00\x00\
\x00\x00\x00\x00\x00\x01\xb96=\xc0,\xc7\x99\xd1n\x8e\
\xb2\x0e\xfdl\xb5'\xa3\xeb\x11SV\xaa1|\x06\xaf\
b\xbfu>r\xcd\x08\xc9\xdc\xf3\xc2\x09h\xca\xea\xfc\
S<h\x95\x17\xba\xb5lj\xa9\xc5!\x8b\x82i\xe3\
r\xbb\xe6BM\x80\x00\x00\x00\x00\x00\x00\x00\x00\x00\x00\
\x00\x00\x00\x00\x00\x00\x00\xd2Y\xdd\xb4\xa6\x03\xcb\x84\x9a\
\xddK:b\x1b\xfbZ\xa8\x94TR\x22\xb2'uM\
'&x\x93Wvt\x81\xb9\xab\xeb)-\xf4SV\
\xd7T\xc3KK\x03\x15\xf2\xcd3\xd1\x8ccS\x9a\xab\
\x97\x82!\x163\xc7l\x0b%\x9d\xb5\x16l\xb5\x81\x97\
\x9a\xfd\x15\x8bt\x99\xaa\x94\xd1/J\xb1\xaa\x9a\xc8\xa9\
\xd7\xc1\xbf\x09\x08\xb5\x9c9\xcd\x8e\xf3F\xb5]\x88\xae\
k\x1d\xbd\xae\xde\x86\xdbK\xact\xd1\xf5.\xee\xba\xb9\
\x7f9\xca\xab\xe25\xd0\x1e\xee8\xc6\x18\x97\x1b_%\
\xbd\xe2\x9b\xc5M\xce\xbaN\x1b\xf2\xbb\x83S\xde\xb5\xa9\
\xe0\xb5\xbd\x88\x88\x87\x84\x00\x00\x00\x00zxg\x0f\xde\
\xf15\xde+N\x1f\xb5V\x5c\xeb\xa5_\x02\x0ah\x95\
\xee\xf1\xae\x9c\x93\xadW\x82\x13\x07#\xf6:\x82\x1e\xf3\
y\xcd*\xa4\x9d\xfe\x0b\xd9g\xa3\x95Q\x89\xd94\x89\
\xc5~\x0b?\xb4\xbc\x80\x8c\x19W\x95\xb8\xdb2\xee\x9e\
\x82\xc2\x96yj\x22c\x91\xb3\xd6I\xe0S\xc1\xda\xf7\
\xaf\x0dzwSW/B)7\xf2;e\x8c\x19\x81\
]Ow\xc4\x8a\xccM~\x8dQ\xed|\xd1\xe9K\x03\
\xbf25\xd7yS\xa1\xce\xd7\xad\x11\xa6\xf7\xb1\xdam\
v;d6\xbb5\xbe\x96\xdfC\x03wb\xa7\xa6\x89\
#c\x13\xb1\x13\x81\xdd\x03\xe3Q\x1a\xd4kQ\x11\x13\
\x92'A\xf4\x00\x00\x00\x00\x00<\x5ce\x850\xee1\
\xb2Me\xc4\xf6z[\xa5\x04\xa9\xa3\xa2\x9d\x9a\xee\xaf\
\xbej\xf3k\x93\xa1\xc8\xa8\xa9\xd0\xa45\xcf\x0d\x8fn\
\xd6\xa4\x9e\xf1\x96U2]\xa8\xd3\xc2u\xaa\xa5\xedJ\
\x98\xd3\x9a\xf7\xb7\xf0I\x13\xa9\xab\xa3\xbb\x5c\xa4\xe4\x00\
S}\xc6\x8a\xb6\xdb]5\x05\xc6\x92\xa2\x8e\xae\x07\xab\
&\x82x\xd69#rsG5tT^\xc5:\xe5\
\xab\xe6\xeeN\xe0<\xd0\xa2Vb[CR\xbd\xac\xdc\
\x86\xe5M\xa4uQuh\xfd<$Oz\xe4T\xe3\
\xc8\x83y\xdf\xb36;\xcb\xb7T\x5c\xad\xd0\xbb\x11\xe1\
\xf6.\xa9YI\x1a\xf7\xd8\x9b\xfd,\x5cU\xba{\xe4\
\xd5\xbd\xa9\xae\x80h\xc0\x17\x82\xe8\xa75\x15-Mu\
\x5cT\x94t\xf2\xd4\xd4J\xe4dqD\xc5s\xde\xe5\
\xe4\x88\x89\xc5T\x0e\x13\xda\xc1\x98S\x11\xe3+\xd4v\
l/g\xab\xba\xd7?\x8fz\x81\x9a\xee\xa7\xber\xf2\
k{UQ\x09\x1b\x91\xfb!b\x0b\xfa\xd3\xde3\x12\
il6\xc7&\xfa[\xe3\xd3\xd1\x92'S\xb5EH\
\x93\xc7\xab\xbb\x13\x9940\x1e\x0a\xc2\xd8\x16\xca\xcb>\
\x15\xb2\xd2\xdb)Z\x89\xbd\xde\x9b\xe1\xca\xa9\xf8Oz\
\xf8O^\xd5U\x03Yl\xad\x95\x98\xeb-\xf0\xfb\xa0\
\xc5\xb8\xd2z\xf8\xa5bw\x9b4j\x92S\xd1\xafd\
\x8eM\xedy\xf0f\xeb~\x17\x05M\xdc\x00\x00\x00\x00\
\x00\x00\x00\x02\x07\xf7D0\x1aZq\xcd\xb7\x1d\xd0\xd3\
n\xd2\xde\xa2\xf4=k\x9a\xde\x09S\x1ax.U\xeb\
tz\x22'\xf4J\xa4\xf056\xd7\x18=\xb8\xcb!\
\xf1\x0d#\x22k\xeb-\xf1zeH\xaa\xd5UG\xc3\
\xe1*5\x13\xa5\xcc\xdfg\xf5\x80\xac\x00\x00\x00\x00\x00\
\x00\x00\x00\x00\x00\x00\x00\x00\x00\x00\x00\x00\x00\x00\x00\x03\
\xbf\x87=\x90\xdb~7\x17\xdbC\xa0w\xf0\xe7\xb2\x1b\
o\xc6\xe2\xfbh\x05\xc4\xa7$\x019 \x00\x00\x00\x00\
\x00B\xae\xe9w\xdfL\x11\xfa\x0a\xcf\xb5\x115HU\
\xdd.\xfb\xe9\x82?AY\xf6\xa2\x02\x1e\x00\x00\x00\x00\
\x00\x00\x00\x00\x00\x00\x00\x00\x00\x00\x00\x00\x19\xf6\xce\x9e\
\xdf8\x1b\xcb\xb4\xbeu\xa6\x02g\xdb:{|\xe0o\
.\xd2\xf9\xd6\x81k@\x00\x00\x00\x00\x00\x00\x00\x00\x00\
\x00\x00\x01Q\x15\x15\x15\x11Qy\xa2\x80\x05|m\xa5\
\x91\xeb\x80\xf1\x03\xb1\x9e\x1a\xa3T\xc379\xbe\xed\x14\
m\xf0hj\x1c\xaa\xaa\xdd\x13\xd6\xc6\xef\xc1\xe8E\xd5\
\xbc<\x14#qp\xb8\xa6\xc3i\xc4\xf8z\xba\xc1|\
\xa3\x8e\xb2\xdd]\x0a\xc5</N\x0ej\xf5u*s\
EN(\xa8\x8a\x85_g\xfeV\xdd\xb2\xa3\x1eOc\
\xacl\x93[\xa6U\x96\xdbX\xa9\xc2\xa2\x1dxj\xbc\
\xb7\xdb\xc9\xc9\xd7\xc7\x92\xa0\x1a\xec\x00\x00\x00\x00\x00\x06\
\xd3\xd97\xdd\x0d\x83\xfe<\x9feKE*\xebd\xdf\
t6\x0f\xf8\xf2}\x95-\x14\x00\x00\x00\x00\x01\xf1\xfe\
\xb1\xde#\xe9\xf1\xfe\xb1\xde *\x130=\x9e\xe2\x1f\
*T\xf9\xd7\x1e\x19\xeef\x07\xb3\xdcC\xe5J\x9f:\
\xe3\xc3\x00\x00\x00\x00\x00Y\x06\xc1\xd5IQ\xb3\xa5\xae\
$T_CV\xd5D\xbd\x9a\xc8\xaf\xff\x00\xf7+|\
\x9e=\xcd\xeb\xbbj2\xcb\x11Y7\x91_EvJ\
\x8d5\xe2\x8d\x9a&\xa2p\xea\xd6'~\xb0%8\x00\
\x00\x00\x00\x00\x0d\x09\xb7\x86\x16\xa9\xc4y\x09UYG\
\x1b\xa4\x9a\xc7[\x15\xc9\xcdkuU\x89\x11\xd1\xc9\xf2\
#dW\xafc\x14\xae\x22\xe4\xeb)\xa9\xeb)&\xa4\
\xab\x869\xe9\xe7c\xa3\x96)\x1a\x8ek\xda\xe4\xd1Z\
\xa8\xbc\x15\x15\x17M\x0a\xf6\xdakf\xab\xe6\x03\xb8U\
\xe2,\x1fGQu\xc2oU\x95[\x1e\xaf\x9a\xde\x9c\
UZ\xf4\xe6\xe8\xd3\xa1\xfd\x09\xc1\xdcx\xb8#\xa8\x0b\
\xc1tP\x00\x00\x00\x00\x00\x00\x00\x00\x00\x00\x00\x00\x00\
\x00\x00\x00\x00\x00\x00\x00\x00\x00\x00\x00\x00\x00\x00\x00\x00\
\x00\x00\x03\xb1m\xa2\xaa\xb9\x5c)\xed\xf40>\xa2\xaa\
\xa6F\xc5\x0cLM\x5c\xf79tDO\x94\x0d\xbf\xb2\
6U\xc9\x99Y\x99\x03\xeb\xa0WXm\x0emM{\
\x95<\x19\x15\x17\xc0\x8b\xc6\xe5N=\x88\xbde\x97\xc6\
\xc6G\x1bc\x8d\xa8\xd65\x11\x1a\xd4M\x11\x11:\x0d\
u\xb3\xa6Z\xd2e~ZP\xd8\xda\xc6-\xcatJ\
\x8b\x94\xc8\x9cd\x9d\xc9\xc5<MO\x05<F\xc7\x00\
\x00\x00\x01\xc3_WMCE=md\xcc\x82\x9e\x08\
\xdd$\xb2=tk\x1a\x89\xaa\xaa\xafV\x80j]\xac\
sJ<\xb2\xcb)\xe5\xa3\x95\xbe\x9e]7\xa9m\xcc\
\xe6\xadUO\x0aEN\xa6\xa7\xeb\xd0\xf4vS{\xe4\
\xd9\xe7\x06\xc9#\x9c\xf7\xbe\x85\x5c\xe79uUU\x91\
\xea\xaa\xaa@-\xa4\xf32\xa34s6\xb6\xf2\xd7\xbd\
-T\xca\xb4\xd6\xc8\x9d\xf80\xa2\xfa\xed:\xdc\xba\xb9\
|h\x9d\x04\xfc\xd9?\xdc\xeb\x82\xfe!\xff\x00Q\xe0\
m\x00\x00\x00\x00\x1cu_\xc9e\xf8\x0b\xf5\x14\xef{\
\xfb\xf3]\xf1\x89>\xd2\x97\x11U\xfc\x96_\x80\xbfQ\
N\xf7\xbf\xbf5\xdf\x18\x93\xed(\x1d0\x00\x00\x00\x03\
5\xc9\xbc\xb5\xbe\xe6\xa6-~\x19\xc3\xd5V\xeaj\xc6\
R\xbe\xa9_]#\xd9\x1e\xe3U\xa8\xa9\xab\x18\xe5\xd7\
\xc2N\x8e\xb3\x0a$ws\xcb\xdb\xe6\xa3\xc8\x95\x1er\
 ;^\xa2\xac\xd4\xfe}\xc1\xbfL\xa9\xff\x00\xc0=\
EY\xa9\xfc\xfb\x83~\x99S\xff\x00\x80\xb0\x00\x05\x7f\
\xfa\x8a\xb3S\xf9\xf7\x06\xfd2\xa7\xff\x00\x00\xf5\x15f\
\xa7\xf3\xee\x0d\xfaeO\xfe\x02\xc0\x00\x15\xff\x00\xea*\
\xcdO\xe7\xdc\x1b\xf4\xca\x9f\xfc\x06\xaa\xce\xec\xa2\xc4\xb9\
Gt\xb7\xdb\xb1%m\xa6\xaaZ\xf8\x16x\x96\x82Y\
\x1e\xd4j;w\xc2\xdfc8\xeb\xd5\xa9j\xa4\x1a\xee\
\x93\xfb7\xc2\xbeM\x93\xce\xa8\x110\x00\x00\xfdF\xc5\
\x92F\xc6\xde.r\xa2'\xca~L\x93+mi{\
\xcc\x9c7hsw\x92\xb2\xe9O\x0a\xa7^\xf4\x8d@\
-''\xec\x11al\xae\xc3V\x18\x98\xac\xf4%\xba\
\x16\xbd\xaa\x9c{\xe2\xb5\x1c\xff\x00\xf8\x95\xc6V\x00\x00\
\x00\x00\x00\x00~],m\x95\xb1,\x8cI\x1c\x8a\xad\
b\xaf\x15D\xd3UD\xec\xd5>s\xf4\x00\x00\x00\x00\
\x00\x00\x00\x03\xca\xc58\x8e\xc5\x85\xac\xf2\xdd\xf1\x0d\xd2\
\x96\xdbC\x12j\xe9g\x91\x1a\x9e$\xeb^\xc4\x03\xd5\
0l\xd7\xcd|\x13\x96v\xc5\xab\xc4\xf7x\xe3\x9d\xc8\
\xab\x0d\x14>\x1dD\xcb\xf9\xacN\x8e\xd5\xd1\x13\xa5H\
\xc1\x9e;a\xd5\xd5-M\x9b,)\xd6\x96\x1f[\xe9\
\xc5C>\xe8\xbdk\x1cj\x9a'\x8d\xdf1\x12\xefW\
[\x95\xee\xe9=\xd2\xef]Q][P\xe5|\xb3\xcf\
\x22\xbd\xef^\xd5P7\x9exmG\x8d\xb1\xe7~\xb5\
\xd8\x1f&\x19\xb19U;\xdd4\x8a\x9537\xfaI\
\x13\x92/\xbdn\x9d\xaa\xa6\x81r\xab\x95\x5c\xe5UU\
\xe2\xaa\xbd'\xc0\x00\x00\x00\x03k\xe4\xb6Bc\xcc\xce\
\x9a:\x9a\x0a\x15\xb7Y\xb7\xd1\xb2\xdc\xaa\xd1Y\x1a'\
N\xe2sz\xf8\xba\xc0\xd5p\xc5,\xf2\xb6\x18c|\
\x92=tk\x18\x9a\xab\x97\xa9\x10\x929\x1d\xb2n+\
\xc5\xde\x87\xbb\xe3G\xcb\x86\xec\xcf\xd1\xc9\x0b\x9b\xfc2\
f\xf65x1\x17\xad\xdc{\x14\x959)\xb3\xfe\x03\
\xcb\x08\xa2\xaa\xa4\xa4K\xb5\xf1\xa9\xe1\x5c\xeb\x18\x8a\xf4\
_\xe8\xdb\xc5#\xf98\xf6\x9bl\x0cO-r\xeb\x07\
\xe5\xdd\xa1-\xb8R\xcd\x05\x13U\xa8\x93O\xa6\xf4\xf3\
\xaat\xbd\xeb\xc5\xde.I\xd0\x88e\x80\x00\x00\x00\x00\
\x00\x00\x00\x00\x00\x00\x00\x00\x01\xa23\x9fe\xfc\x03\x8f\
\xe7}\xce\xda\xc5\xc3\x17\x97\xbbzJ\x8a(\x91a\x9b\
\xad_\x16\xa8\x9a\xf6\xb5[\xc5u]L\xb7'rK\
\x01\xe5}#V\xc7lJ\x9b\x9a\xa7\xdd.u\x88\x92\
T9t\xe2\x8d]4c{\x1b\xa7n\xa6\xca\x00\x00\
\x00\x00\x00\x00\x00\x00\x00\x00\x00\x0e:\xa8c\xa9\xa6\x96\
\x9eV\xb5\xf1\xca\xc5c\x9a\xe4\xd5\x15\x154T9\x00\
\x15\x09\x9867a\x9cu}\xc3\xcek\x9b\xe9u\xc2\
zf\xeft\xb5\x8fTj\xfc\xa8\x88\xbf)\xe1\x1b\x8f\
l\xfbcm\x9bFbd\x8e4\x8e:\xa5\x86\xa5\xa8\
\x9f\x9d\x0b7\x97\xe5r9M8\x00\x00\x00\x00\x00\x00\
\x00\x00\x00\x00\x00\x00\x00\x00\x00\x00\x00\x00\x00\xef\xe1\xcf\
d6\xdf\x8d\xc5\xf6\xd0\xe8\x1d\xfc9\xec\x86\xdb\xf1\xb8\
\xbe\xda\x01q)\xc9\x00NH\x00\x00\x00\x00\x00\x10\xab\
\xba]\xf7\xd3\x04~\x82\xb3\xedDMR\x15wK\xbe\
\xfa`\x8f\xd0V}\xa8\x80\x87\x80\x00\x00\x00\x00\x00\x00\
\x00\x00\x00\x00\x00\x00\x00\x00\x00\x06}\xb3\xa7\xb7\xce\x06\
\xf2\xed/\x9di\x80\x99\xf6\xce\x9e\xdf8\x1b\xcb\xb4\xbe\
u\xa0Z\xd0\x00\x00\x00\x00\x00\x01\xe3\xe1<Kg\xc5\
\x14\x13\xd6\xd9\xaa\xdb<t\xf5sQ\xce\xdeN\x8ah\
\xa4V=\xaeN\x85\xd5\xba\xf6\xa2\xa2\xf2S\xd8+\xc7\
-\xb3\x8a\xaf*v\x8e\xc5\xbe\x8b\x91\xf2a\xbb\x95\xfe\
\xae;\x94\x1c\xf7?\x84=\x12f\xa7\xben\xbf*j\
\x9d@Xp:\xf6\xda\xdaK\x95\xbe\x9e\xe1AQ\x15\
M%Lm\x96\x19\xa3v\xf3dc\x93Tr/J\
*\x1d\x80\x00\x00\x00\x00\x06\xbf\xcf\xbc\xb0\xb4\xe6\xae\x02\
\xa9\xb0W\xe9\x0ddz\xcdo\xabD\xd5\xd4\xf3\x22p\
^\xd6\xaf%N\xa5\xeb\xd0\xd8\x00\x0a{\xc5\x98~\xed\
\x85\xb1\x1dv\x1f\xbeR>\x92\xe1C*\xc54ON\
J\x9d)\xd6\x8a\x9a*/J*\x1eYa\x9bgd\
\x8b1\xf6\x1b~.\xc3\xd4\xdf\xff\x00\x92\xda\xe2Ut\
ln\xab[\x02qV|$\xe6\xdf\x95\x0a\xf4s\x5c\
\xc7+\x5c\xd5k\x91tTT\xd1Q@\xf8\x00\x00\x00\
\x03i\xec\x9b\xee\x86\xc1\xff\x00\x1eO\xb2\xa5\xa2\x95u\
\xb2o\xba\x1b\x07\xfcy>\xca\x96\x8a\x00\x00\x00\x00\x00\
\xf8\xff\x00X\xef\x11\xf4\xf8\xff\x00X\xef\x10\x15\x09\x98\
\x1e\xcfq\x0f\x95*|\xeb\x8f\x0c\xf73\x03\xd9\xee!\
\xf2\xa5O\x9dq\xe1\x80\x00\x00\x00\x00$\xb7s\xcf\x14\
\xb2\xcf\x9c\x15\x98v\xa2g6\x1b\xed\x03\x99\x13\x13\x93\
\xa7\x8b\xee\x8d\xd7\xfa\x89/\xca\xa4i=\x8c\x15\x88+\
p\xae.\xb5bKs\x95\xb5V\xda\xb8\xeac\xd1t\
\xdeV\xb9\x17u{\x17\x92\xf6(\x17\x00\x0f'\x07_\
\xed\xf8\xab\x0a\xdb1\x1d\xaeM\xfa;\x8d3*\x22]\
x\xa295\xdd^\xd4]Q{QOX\x00\x00\x00\
\x00\x00\x00\x0d3\x9b[6e\xa6?YkR\xdb\xe9\
\x05\xdd\xfc}\x1bmjF\x8fw[\xe3\xf5\x8e\xedT\
DU\xeb\x22nc\xec\x9b\x9a\x18a\xf2\xcff\xa6\x83\
\x13\xd07Ul\x94.\xd2m5\xe0\x8b\x13\xbc%^\
\xc6\xefx\xcb\x18\x00S\xa5\xe2\xd3t\xb3V\xc9Ev\
\xb7U\xd0T\xc6\xed\xd7\xc5Q\x13\xa3sW\xa9QP\
\xe9\x17\x01\x8ap\xb6\x1b\xc54KG\x88\xecv\xfb\xac\
:*#j\xa0k\xd5\xba\xfb\xd5T\xd5\xab\xda\x9a\x1a\
\x130v;\xcb\xbb\xe7|\xa8\xc35u\xd8n\xa5\xcb\
\xaa1\x8e\xef\xf0'f\xeb\x97y<{\xca\x05}\x03\
{\xe6\x1e\xca\xb9\xa9\x85RJ\x8a\x0b|8\x8a\x8d\x9c\
{\xe5\xb9\xdb\xcf\xd3\xf4k\xa3\xbedSI\x5c\xad\xf5\
\xf6\xca\xa7\xd2\xdch\xaa)'b\xaa:9\xa3V9\
\x159\xf0P:\xa0\x00\x00\x00\x00\x00\x00\x00\x00\x00\x00\
\x00\x00\x00\x00\x00\x00\x00\x00\x00\x00\x00\x00\x00\x00\x00\x04\
\xb4\xd8\x07*=5\xbdK\x99w\x9a}h\xed\xefX\
m\x8c{xI>\x9e\x14\x89\xf0S\x82v\xafa\x1c\
\xf2\xaf\x05\xdd3\x03\x1d\xdb0\xad\xa5\x8a\xb3VJ\x89\
#\xf4\xe1\x14i\xc5\xef^\xc4MT\xb5\x8c\x17\x87-\
\x98K\x0a\xdb\xb0\xe5\x9e\x16\xc3EA\x03a\x8d\x114\
\xd7D\xe2\xe5\xedU\xd5W\xc6\x07\xb0\x00\x00\x00\x00E\
\x1d\xbf3_\xd2\x5c?\x16[Yjt\xaf\xbaG\xdf\
.nc\xb8\xc5M\xd1\x1a\xf6\xbd\x7fR/Y\x22s\
?\x18\xda\xf0\x0e\x05\xbab\xbb\xbb\xd1)\xa8aW5\
\x9a\xf1\x96E\xe0\xc8\xd3\xb5\xceTO\x94\xaals\x89\
\xae\x98\xc7\x17\x5c\xf15\xe6e\x96\xb6\xe1;\xa6\x93\x8e\
\xa8\xd4^LO\xcdjh\x89\xd8\x88\x07\x8aZF\xc9\
\xfe\xe7\x5c\x17\xf1\x0f\xfa\x8f*\xdc\xb4\x8d\x93\xfd\xce\xb8\
/\xe2\x1f\xf5\x1e\x06\xd0\x00\x00\x00\x01\xc7U\xfc\x96_\
\x80\xbfQN\xf7\xbf\xbf5\xdf\x18\x93\xed)q\x15_\
\xc9e\xf8\x0b\xf5\x14\xef{\xfb\xf3]\xf1\x89>\xd2\x81\
\xd3\x00\x00\x00\x00$ws\xcb\xdb\xe6\xa3\xc8\x95\x1er\
\x228\x92;\xb9\xe5\xed\xf3Q\xe4J\x8f9\x10\x16\x14\
\x00\x00\x00\x00A\xae\xe9?\xb3|+\xe4\xd9<\xea\x93\
\x94\x83]\xd2\x7ff\xf8W\xc9\xb2y\xd5\x02&\x00\x00\
\x1b\x1bfX\x9b.\x7f`\x96\xbb\x92]\xe0w\xca\x8e\
\xd7\xfeF\xb96V\xcb\xde\xe8\x1c\x17\xe5H\xbe\xb0-\
8\x00\x00\x00\x00\x00\x04B\xee\x88\xde\xee\xf8v\xf1\x97\
\x97[\x15\xca\xaa\xdd]\x12\x5c7'\xa7\x91X\xe4M\
i\xb8j\x9c\xd3\x82p^\x07K#\xb6\xc3G,\x16\
l\xd0\xa6F\xf2cn\xf4\xac\xe1\xff\x00\xf2\xc6\x9f'\
\x84\xde\xde\x07\xe3\xbae\xeb\xf0\x0f\x8a\xe1\xff\x00lC\
@.\x1f\x0e_l\xd8\x8e\xd3\x0d\xda\xc5s\xa5\xb8\xd0\
\xcc\x9a\xc7=<\x88\xf6\xaf\xcd\xcb\xc4z%Le\x8e\
e\xe3<\xb8\xba\xfa?\x0a^%\xa4G/\xddi\xdd\
\xe1\xc12u9\x8b\xc1||\xc9\xb7\x91\xbbVa\x1c\
h\xb0\xdaqbE\x86\xefOTc]#\xff\x00\x82\
\xce\xe5\xe1\xe0\xbd}b\xf6;\xe7\x02F\x03\xf3\x14\x91\
\xcd\x13e\x89\xed\x927\xa29\xaej\xea\x8eE\xe4\xa8\
\xbd'\xe8\x00\x00\x0d3\xb4\xf6q^2\xaa\xc3\x1c\xb6\
|%[t\x9a\xa5\x8b\xbb^\xe6/\xa0\xe9\x9d\xf9\xea\
\x9cUzQ8'i^\xd9\x8b\x988\xbb0n\xee\
\xb9\xe2\xab\xcdE|\x9a\xfd\xce%]\xd8\xa2N\xa61\
8'?\x19mU\x94\xd4\xd5\x94\xb2R\xd5\xd3\xc5Q\
\x04\xad\xdd\x92)X\x8ec\xd3\xa9Qx*\x11\x87;\
\xb6D\xc3\xb8\x83\xd1\x17|\xbf\x9d\x96+\x92\xa2\xb9h\
_\xaa\xd2\xca\xbd\x9d1\xaa\xf6j\x9d\x80@\xa0d\x98\
\xfb\x03b\xbc\x09x}\xab\x14\xd9j\xad\xd3\xa3\x95\x18\
\xe7\xb7\xeer\xa2t\xb1\xe9\xc1\xc9\xe21\xb0\x00\x1d\xeb\
\x1d\xa2\xe9|\xb9\xc3l\xb3\xd0T\xd7\xd6\xcc\xbaG\x04\
\x11\xab\xde\xe5\xf1 \x1d\x13*\xcb\x8c\xbc\xc5\xf9\x85w\
Kf\x14\xb3O]\x22*w\xc9t\xdd\x8a\x14\xeb{\
\xd7\x83S\x89&2Cc\xca\x8a\xa6\xd3\xdes:\xa9\
\xd4\xf19\xbb\xc9i\xa6~\x92v$\x92'\x04\xf17\
\xe7&\x16\x18\xc3\xb6<1i\x8a\xd3\x87\xedT\xb6\xda\
(\x91\x11\xb0\xd3\xc6\x8dO\x97\xad{W\x88\x11\xf3$\
6K\xc2\xb8W\xbc\xdd\xb1\xbb\xe3\xc4Wf\xe8\xe6\xd3\
\xe8\xa9K\x0b\xb9\xf2\xe6\xf5\xe5\xc5xp\xe4IH!\
\x8a\x9e\x16A\x04L\x8a&\x225\x8ccQ\xadj'\
B\x22rC\xf6\x00\x00\x00\x00\x00\x00\x00\x00\x00\x00\x00\
\x00\x00\x00\x00\x00\x00\x00\x00\x00\x00\x03\x12\xcc\xbc\xc8\xc1\
\xd9ui[\x8e+\xbc\xc3F\x8a\x8a\xb1@\x8b\xbd<\
\xcb\xd4\xc6'\x15\xf1\xf2\xed!6w\xedc\x8bqw\
~\xb4\xe0\xd6\xc9\x86\xec\xee\xd5\xae\x95\x8e\xd6\xaav\xf2\
\xe2\xef\xc0N|\x13\xaf\x98\x12\xab:v\x81\xc0Yg\
\x14\x94\x95U\xa9t\xbd\xee*\xc7n\xa3r9\xc8\xbd\
\x1b\xee\xe4\xc4\xf1\xf1\xe1\xc8\xd4\x9b1\xe7\x8e3\xcd|\
\xf8\xa8\x8a\xef4tVx\xed\xd2\xbe\x0bm?\xf1l\
TV\xe8\xe7*\xf1s\xbb\x7fQ\x08f\x92I\xa5|\
\xb3H\xf9$z\xab\x9c\xf7.\xaa\xe5^j\xab\xd2H\
\xee\xe7\x9f\xb7uO\x92\xa5\xfa\xda\x05\x83\x80\x00\x00\x00\
\x00\x00\xae\xce\xe8\x0ch\xcd\xa0\x1c\xa9\xf8v\x9ag/\
\xce\xf4\xff\x00\x91\x1e\x89\x11\xdd\x06\xf6\xfeo\x91\xe9\xfe\
\xd4\x84w\x00\x00\x00\x00\x00\x00\x00\x00\x00\x00\x00\x00\x00\
\x00\x00\x00\x00\x00\x00w\xf0\xe7\xb2\x1bo\xc6\xe2\xfbh\
t\x0e\xfe\x1c\xf6Cm\xf8\xdc_m\x00\xb8\x94\xe4\x80\
'$\x00\x00\x00\x00\x00\x08U\xdd.\xfb\xe9\x82?A\
Y\xf6\xa2&\xa9\x0a\xbb\xa5\xdf}0G\xe8+>\xd4\
@C\xc0\x00\x00\x00\x00\x00\x00\x00\x00\x00\x00\x00\x00\x00\
\x00\x00\x03>\xd9\xd3\xdb\xe7\x03yv\x97\xce\xb4\xc0L\
\xfbgOo\x9c\x0d\xe5\xda_:\xd0-h\x00\x00\x00\
\x00\x00\x00\xa8\xfc\xdd\xf6\xd8\xc5\xfe]\xad\xf3\xef-\xc0\
\xa8\xfc\xdd\xf6\xd8\xc5\xfe]\xad\xf3\xef\x02Gl7\x9e\
+i\xad\x87,\xf1MZ%\xbe\xa1\xfaZje~\
\x89\x04\x8b\xfe\x85U\x7f\x05\xcb\xcb\xa9|d\xe2)\xa5\
\x8fs\x1e\xd7\xb1\xca\xd75uk\x91tT^\xb2\xc4\
66\xce\xe6\xe6\x1e\x1bL/\x7f\x9d\x13\x13Z\xe1D\
\xdfr\xff\x00,\x858#\xd3\xad\xc9\xc9\xdf?H\x12\
\x18\x00\x00\x00\x00\x00\x00\x82\xfbqd\x7f\xa4W\x19\xb3\
'\x0b\xd2\xe9l\xab\x93[\xa5<m\xe1O*\xaf\xf1\
\x88\x89\xc9\xae\xe9\xea_\x19:\x0e\xb5\xd6\xdfEu\xb6\
T\xdb.4\xd1\xd4\xd1\xd5D\xe8\xa7\x86D\xd5\xafc\
\x93EE@)\xc0\x1boi\xec\xa0\xad\xca\x8cr\xf8\
!G\xcd`\xb8+\xa5\xb6\xd4*rn\xbcbr\xfb\
\xe6\xfe\xb4\xd1MH\x00\x00\x06\xd3\xd97\xdd\x0d\x83\xfe\
<\x9feKE*\xebd\xdft6\x0f\xf8\xf2}\x95\
-\x14\x00\x00\x00\x00\x01\xf1\xfe\xb1\xde#\xe9\xf1\xfe\xb1\
\xde *\x130=\x9e\xe2\x1f*T\xf9\xd7\x1e\x19\xee\
f\x07\xb3\xdcC\xe5J\x9f:\xe3\xc3\x00\x00\x00\x00\x00\
\x00\x02a\xf7?\xf3j:I\xe4\xca\xeb\xe5N\xecs\
\xbd\xd3\xd9\xe4z\xf0G\xaf\x17\xc3\xf2\xfa\xe4N\xbd\xee\
\xb4&\xa9M\xd45u45\xb0V\xd1\xcf$\x150\
H\xd9\x22\x967h\xe69\x17TT^\x85E,\x83\
e<\xf3\xa0\xcd\x1c8\xcbM\xd6fS\xe2\xca\x08\x91\
*\xa1U\xd1*\x98\x9c;\xf3:\xff\x009:\x17\xb0\
\x0d\xe2\x00\x00\x00\x00\x00\x00\x00\x00\x00\x00c\xd8\xcb\x04\
a\x1ccH\xb4\xb8\x9f\x0f[\xee\x91\xe9\xa2,\xf1\x22\
\xbd<OO\x09>E2\x10\x04N\xcc\xdd\x8cp\xf5\
{e\xab\xc0\x97\xb9\xad5\x0b\xab\x9bIY\xac\xb0\xaf\
b9<&\xfe\xb20fVHfV\x01\x96G^\
\xf0\xe5L\xb4m\xe5[H\x9d\xfa\x15O\x84\xde_.\
\x85\xa8\x1f\x1e\xc6\xc8\xc71\xedk\x98\xe4\xd1\xcdT\xd5\
\x15:\x94\x0ah\x05\x97\xe6\xce\xcd9m\x8f\x12j\xb8\
\xad\xc9a\xba\xc8\xbb\xde\x8c\xb7\xb5\x18\x8ew[\xa3\xf5\
\xab\xfa\x88u\x9c{5\xe6\x16^w\xca\xd8\xa9?t\
\x16v\xa6\xab[@\xc5Ubp\xf5\xf1\xfa\xe4\xe7\xcd\
5@4\xa8>\xaa*.\x8a\x9a)\xf0\x00\x00\x00\x00\
\x00\x00\x00\x00\x00\x00\x00\x00\x00\x00\x00\x00\x00\x00\x00\x06\
\xe2\xd93+$\xcc\xdc\xcd\xa7el\x0eu\x86\xd4\xad\
\xa9\xb8\xbfN\x0eD_\x02-z\xdc\xa9\xf3\x22\x81(\
\xb6\x15\xca\x84\xc28!q\xad\xe2\x99Yy\xbeF\x8b\
\x0b^\x9e\x14\x14\xbc\xda\x9d\x8a\xef\x5c\xbd\x9a\x12P\xfc\
\xc5\x1b\x22\x89\x91D\xc6\xb265\x1a\xd6\xb54DD\
\xe4\x88~\x80\x00\x00\x00j\x0d\xab\xf3Q\x99_\x96S\
\xcfC;[\x7f\xbaoR\xdb\x19\xaaj\xc7*xS\
i\xd4\xc4\xff\x00\x89Z\x9d E\xfd\xbb\xf3_\xf7W\
\x8d[\x81l\xd5;\xd6k\x14\x8b\xe8\xa71xOW\
\xc5\x1d\xe3F'\x82\x9d\xaa\xee\xc23\x1f\xa9\x1e\xf9$\
t\x92=\xcf{\x95\x5c\xe79uUU\xe6\xaa\xa7\xe4\
\x01i\x1b'\xfb\x9dp_\xc4?\xea<\xabr\xd26\
O\xf7:\xe0\xbf\x88\x7f\xd4x\x1b@\x00\x00\x00\x07\x1d\
W\xf2Y~\x02\xfdE;\xde\xfe\xfc\xd7|bO\xb4\
\xa5\xc4U\x7f%\x97\xe0/\xd4S\xbd\xef\xef\xcdw\xc6\
$\xfbJ\x07L\x00\x00\x00\x00\x91\xdd\xcf/o\x9a\x8f\
\x22Ty\xc8\x88\xe2H\xee\xe7\x97\xb7\xcdG\x91*<\
\xe4@XP\x00\x00\x00\x01\x06\xbb\xa4\xfe\xcd\xf0\xaf\x93\
d\xf3\xaaNR\x0dwI\xfd\x9b\xe1_&\xc9\xe7T\
\x08\x98\x00\x00l\xad\x97\xbd\xd08/\xca\x91}f\xb5\
6V\xcb\xde\xe8\x1c\x17\xe5H\xbe\xb0-8\x00\x00\x00\
\x00\x00\x042\xee\x99z\xfc\x03\xe2\xb8\x7f\xdb\x10\xd0\x99\
}\xd3/_\x80|W\x0f\xfbb\x1a\x00\x00\x01%6\
0\xce\xab\xc6\x1b\xc7t\x187\x10\xde'\x9f\x0e\xdc\x97\
\xd0\xf02w\xab\x92\x96e_\x01Z\xab\xc9\xaa\xbc\x15\
;P\xb0B\x9ab\x91\xf1J\xc9b{\x99#\x1c\x8e\
k\x9a\xba+U9*\x16\x8b\xb2\xfeb\xc7\x999K\
n\xba\xcb*:\xe9F\x89GqoJL\xc4O\x0b\
\xfa\xc9\xa3\xbeP6\x88\x00\x00\x00\x0f\x1b\x18al=\
\x8b\xec\xd2\xd9\xf1%\xa6\x96\xe5E\x22.\xb1\xce\xc4v\
\xea\xf5\xb5y\xa2\xf6\xa1\x0ds\xbfc\xeb\x9d\xb1'\xbc\
e\xa5K\xeet\xa9\xab\x96\xd7P\xe4\xef\xecN\xa8\xde\
\xbc\x1e\x9c\xb8.\x8b\xda\xa4\xe3\x00WnJl\xad\x8d\
\xb1\xa4\xb1\xdc1C%\xc3\x16d~\x8e\xef\xf1\xe9U\
*'=\xc8\xd7\xd6\xf8\xdd\xf3)72\xaf+0V\
Z\xda\xd2\x8f\x0b\xda\x22\x86W'\xdd\xaa\xe4M\xf9\xe5\
^\xb7=x\xfc\x89\xc0\xcd\x80\x00\x00\x00\x00\x00\x00\x00\
\x00\x00\x00\x00\x00\x00\x00\x00\x00\x00\x00\x00\x00\x00|{\
\x9a\xc69\xefr5\xadMUUtDN\xb2;\xe7\
\x86\xd5x7\x05w\xebV\x15\xefX\x9a\xf6\xddZ\xab\
\x14\x9f\xc1!w\xe7==z\xf67\xe7@7\xd6 \
\xbdZp\xfd\xa6{\xb5\xee\xe3Mo\xa1\x81\xbb\xd2O\
<\x88\xd6\xb7\xe5^\x9e\xcedG\xcf\x0d\xb1\x19\x1a\xd4\
Y\xb2\xc2\x95\x1e\xe4v\xe2\xde*\x99\xabU:\xe2\x8d\
~\xb7|\xc4a\xcd\x1c\xce\xc6y\x93v[\x86)\xbc\
KR\xd6\xaf\xdci\x99\xe0A\x0au5\x89\xc1<|\
\xd7\xa4\xc3\x00\xf4\xb1%\xfa\xf3\x89.\xd3]o\xd7:\
\xab\x8dl\xceWI5D\x8a\xf7*\xfc\xbc\xbcG\x9a\
\x00\x02H\xf7<\xfd\xbb\xaa|\x95/\xd6\xd27\x12G\
\xb9\xe7\xed\xddS\xe4\xa9~\xb6\x81`\xe0\x00\x00\x00\x00\
\x00+\xbf\xba\x0d\xed\xfc\xdf#\xd3\xfd\xa9\x08\xeeH\x8e\
\xe87\xb7\xf3|\x8fO\xf6\xa4#\xb8\x00\x00\x00\x00\x00\
\x00\x00\x00\x00\x00\x00\x00\x00\x00\x00\x00\x00\x00\x03\xbf\x87\
=\x90\xdb~7\x17\xdbC\xa0w\xf0\xe7\xb2\x1bo\xc6\
\xe2\xfbh\x05\xc4\xa7$\x019 \x00\x00\x00\x00\x00B\
\xae\xe9w\xdfL\x11\xfa\x0a\xcf\xb5\x115HU\xdd.\
\xfb\xe9\x82?AY\xf6\xa2\x02\x1e\x00\x00\x00\x00\x00\x00\
\x00\x00\x00\x00\x00\x00\x00\x00\x00\x00\x19\xf6\xce\x9e\xdf8\
\x1b\xcb\xb4\xbeu\xa6\x02g\xdb:{|\xe0o.\xd2\
\xf9\xd6\x81k@\x00\x00\x00\x00\x00\x05G\xe6\xef\xb6\xc6\
/\xf2\xedo\x9fyn\x05G\xe6\xef\xb6\xc6/\xf2\xed\
o\x9fx\x18\xb9\xeb\xe0\xecEv\xc2x\x9a\x87\x11X\
\xea\x9fK_C*K\x13\xda\xbf;W\xad\x155E\
N\xa5<\x80\x05\xac\xe4FgZ3S\x01\xd3_\xed\
\xea\xd8\xaa\xd8\x89\x15\xc2\x93]V\x9edN)\xe2^\
h\xbdJg\xe5Wl\xf9\x9a\x97L\xa8\xc7\x90^\xa9\
\x96Y\xad\x93\xe9\x15\xca\x8d\xae\xe1<Z\xf3Mxo\
7\x9a/\xc9\xc9T\xb3\xfc/}\xb5bl?E~\
\xb2VGYo\xad\x89%\x82V.\xa8\xa8\xbd}J\
\x9c\x95:\x14\x0fH\x00\x00\x00\x00\x00\x06#\x9b\xb8\x02\
\xcb\x998\x1a\xb7\x0c^\xa2n\xec\xcd\xde\xa7\x9fwW\
\xd3\xcc\x9e\xb6F\xf8\x97\x9at\xa6\xa8U\xbec`\xeb\
\xd6\x03\xc67\x0c/~\x83\xbdVQ\xc8\xad\xdeO[\
+?\x06F\xafK\x5c\x9a*\x16\xeci\x0d\xadrZ\
\x0c\xd2\xc1\xfe\x98Z`\x8d\x98\xa6\xd7\x1b\x9fG&\x88\
\x8bR\xcek\x03\x97\xb7\x9bUy/R*\x81Z\xc0\
\xe5\xab\xa7\x9e\x92\xaaZZ\xa8d\x82x^\xb1\xcb\x14\
\x8dV\xb9\x8eE\xd1Z\xa8\xbcQQz\x0e 6\x9e\
\xc9\xbe\xe8l\x1f\xf1\xe4\xfb*Z)W[&\xfb\xa1\
\xb0\x7f\xc7\x93\xec\xa9h\xa0\x00\x00\x00\x00\x0f\x8f\xf5\x8e\
\xf1\x1fO\x8f\xf5\x8e\xf1\x01P\x99\x81\xec\xf7\x10\xf9R\
\xa7\xce\xb8\xf0\xcfs0=\x9e\xe2\x1f*T\xf9\xd7\x1e\
\x18\x00\x00\x00\x00\x00\x00\x03\xd0\xc3\xb7\xab\xa6\x1e\xbdR\
\xdel\xb5\xd3P\xd7\xd2H\x92C<N\xdds\x5c\x9f\
\xff\x00\xdc\x8f<\x01b\xdb4\xed#d\xccjz{\
\x06%\x92\x0bN*kQ\xa8\xd7.\xec5\xab\xd7\x1a\
\xaf'/\xbc\xf9\xba\x89\x04SLo|r6H\xde\
\xe6=\xab\xab\x5c\xd5\xd1Qz\xd1IE\x90[Z\xde\
\xb0\xcb)\xac9\x85\x1c\xf7\xbbK4c+\xd8\xba\xd5\
\xc0\x9d\x1b\xda\xf0\x91\x13\xb7E\xed^@O@x8\
\x1b\x19a|ofe\xdf\x0a\xde\xa9.\x94\x8eD\xde\
X_\xe1F\xab\xd0\xf6\xaf\x84\xc5\xecr!\xef\x00\x00\
\x00\x00\x00\x00\x00\x00\x00\x00\x00\x0eDr**\x22\xa2\
\xf0T^\x90\x00\xd0\xb9\xe9\xb3\x16\x0b\xcc\x14\xa8\xba\xd9\
\x98\xcc=\x88\x1f\xab\xbd\x11\x03>\xe3;\xbf\xa4\x8d8\
|\xa9\xa2\xf8\xc8\x1f\x9a9s\x8br\xde\xfc\xebF)\
\xb6>\x99\xea\xab\xde*\x1b\xe1CP\xd4\xfc&?\x92\
\xf8\xb9\xa7J!mG\x81\x8fpv\x1d\xc78r{\
\x06'\xb6C_C2z\xd7\xa6\x8ec\xba\x1c\xc7s\
k\x93\xad\x00\xa8`n]\xa52\x1e\xf7\x94\x97d\xac\
\x81\xf2\xdc\xb0\xc5T\x9b\xb4\xb5\xdb\xbe\x14N\xe8\x8a]\
8#\xba\x97\x93\xba4\xe2\x89\xa6\x80\x00\x00\x00\x00\x00\
\x00\x00\x00\x00\x00\x00\x00\x00\x00\x00\x00\xe7\xa1\xa4\xa9\xae\
\xad\x82\x8a\x8e\x17\xcfS<\x8d\x8e(\xd8\x9a\xb9\xeer\
\xe8\x88\x89\xd6\xaaZ>\xcd\xf9eM\x95\xb9gEd\
V\xb1\xd7J\x84J\x9b\x9c\xc9\xf8s\xb9\x13V\xeb\xd2\
\xd6\xa7\x82\x9e%^\x921l\x03\x95\x1e\x9b\xdf\xa5\xcc\
\xcb\xd52:\x82\xda\xf7Ckk\xd3\x84\xb5\x1axR\
i\xd2\x8cE\xd1\x17\xdf/[I\xce\x00\x00\x00\x00\x07\
\x0d}]5\x05\x0dEud\xec\x82\x9a\x9e'K4\
\xaf]\x1a\xc655s\x95z\x91\x11T\xab\x9d\xa4\xf3\
6\xa34\xb3:\xb6\xf6\xd7\xc8\x96\xaa\x7f\xe0\xd6\xb8]\
\xf8\x10\xb5}v\x9dn]\x5c\xbe=:\x09;\xb7\xe6\
k\xad\x9a\xc1\x16[YjQ+\xael\xef\xb7G1\
\xdcb\xa7\xfc\x18\xfco^+\xd8\x9f\x9cA`\x00\x00\
\x05\xa4l\x9f\xeeu\xc1\x7f\x10\xff\x00\xa8\xf2\xad\xcbH\
\xd9?\xdc\xeb\x82\xfe!\xff\x00Q\xe0m\x00\x00\x00\x00\
\x1cu_\xc9e\xf8\x0b\xf5\x14\xef{\xfb\xf3]\xf1\x89\
>\xd2\x97\x11U\xfc\x96_\x80\xbfQN\xf7\xbf\xbf5\
\xdf\x18\x93\xed(\x1d0\x00\x00\x00\x02Gw<\xbd\xbe\
j<\x89Q\xe7\x22#\x89#\xbb\x9e^\xdf5\x1eD\
\xa8\xf3\x91\x01a@\x00\x00\x00\x04\x1a\xee\x93\xfb7\xc2\
\xbeM\x93\xce\xa99H5\xdd'\xf6o\x85|\x9b'\
\x9dP\x22`\x00\x01\xb2\xb6^\xf7@\xe0\xbf*E\xf5\
\x9a\xd4\xd9[/{\xa0p_\x95\x22\xfa\xc0\xb4\xe0\x00\
\x00\x00\x00\x00\x10\xcb\xbae\xeb\xf0\x0f\x8a\xe1\xff\x00l\
CBe\xf7L\xbd~\x01\xf1\x5c?\xed\x88h\x00\x00\
\x00\xde\xfb\x15fg\xee\x0f5a\xb5W\xcd\xbbf\xc4\
\x0a\xcaI\xf5^\x11M\xaf\xdc\xa4\xf9\xd7u{\x1d\xaf\
A\xa2\x0f\xa8\xaa\x8b\xaa.\x8a\x80\x5c\xb85\x16\xc9\xb9\
\x93\xfb\xe4\xe5\x1d\x0ded\xc8\xfb\xcd\xb7\xf8\x0d\xc9\x17\
\x9b\x9e\xc4M\xd9?\xae\xdd\xd7p\xe1\xae\xf2t\x1bt\
\x00\x00\x00\x00\x00\x00\x00\x00\x00\x00\x00\x00\x00\x00\x00\x00\
\x00\x00\x00\x00\x00\x00\x00\x06;\x8f\xf1\xbe\x16\xc0v7\
\xdeq]\xe6\x9a\xdbH\xde\x0c\xef\x8b\xab\xe5w\xbdc\
\x13\xc2{\xbb\x11\x14\x0c\x88\xd6Y\xc9\x9e8\x0b+\xe9\
\xdf\x1d\xea\xe4\x95\x97]>\xe7k\xa3sd\xa8U\xd3\
\x86\xf2k\xa4i\xda\xed;\x11H\xb1\x9e\x1b^b<\
B\xb3\xd9\xf2\xf2\x19,\x16\xc5Uj\xd7\xbfE\xac\x99\
:\xdb\xd1\x12x\xb5w.)\xc8\x8c\x15u5\x15\x95\
R\xd5U\xcf-ED\xaeW\xc9,\xafW=\xee^\
j\xaa\xbcU{@\xdc\x19\xd9\xb4^=\xcc\xb5\x96\x85\
\xd5>\x91\xd8\x9d\xaa%\xba\x86G\x22H\xdf\xe9_\xce\
O\x17\x06\xf6\x1ah\x00\x00\x00\x00\x1b\xc7$6h\xc7\
y\x8c\xb0\x5c\xaba\x5c;`~\x8e\xf4mdj\x92\
L\xdf\xe8\xa2\xe0\xae\xf8K\xa3{W\x90\x1aZ\xddC\
[r\xae\x86\x82\xddIQYW;\x91\x91A\x04k\
$\x929z\x1a\xd4\xe2\xab\xe2&\xfe\xc5\xb9\x11\x8cp\
5\xfd\xf8\xdf\x15\xf7\x8br\xd4Q\xba\x18m\xab\xe1N\
\x88\xe5E\xde\x93N\x0c\xe5\xebx\xaf^\x86\xee\xca\x0c\
\x9a\xc0\x99_@\xc8\xf0\xf5\xa9\x92\xdc7t\x96\xe7T\
\xd6\xbe\xaaMy\xa6\xfe\x9e\x0b\x7f5\xba'\x8f\x99\xb0\
\xc0\x00\x00\x00\x00\x00\x00\xae\xfe\xe87\xb7\xf3|\x8fO\
\xf6\xa4#\xb9\x22;\xa0\xde\xdf\xcd\xf2=?\xda\x90\x8e\
\xe0\x00\x00\x00\x00\x00\x00\x00\x00\x00\x00\x00\x00\x00\x00\x00\
\x00\x00\x00\x0e\xfe\x1c\xf6Cm\xf8\xdc_m\x0e\x81\xdf\
\xc3\x9e\xc8m\xbf\x1b\x8b\xed\xa0\x17\x12\x9c\x90\x04\xe4\x80\
\x00\x00\x00\x00\x01\x0a\xbb\xa5\xdf}0G\xe8+>\xd4\
D\xd5!Wt\xbb\xef\xa6\x08\xfd\x05g\xda\x88\x08x\
\x00\x00\x00\x00\x00\x00\x00\x00\x00\x00\x00\x00\x00\x00\x00\x00\
g\xdb:{|\xe0o.\xd2\xf9\xd6\x98\x09\x9fl\xe9\
\xed\xf3\x81\xbc\xbbK\xe7Z\x05\xad\x00\x00\x00\x00\x00\x00\
\x15\x1f\x9b\xbe\xdb\x18\xbf\xcb\xb5\xbe}\xe5\xb8\x15\x1f\x9b\
\xbe\xdb\x18\xbf\xcb\xb5\xbe}\xe0b\xe0\x00\x04\x91\xd8\xb7\
;\xff\x00p\x98\x85\xb83\x13V\xabp\xd5\xceTH\
%\x91|\x1a\x1a\x87.\x88\xedz#w't\x22\xe8\
\xbc<%#p\x02\xe6\x11QQ\x15\x15\x15\x17\x92\xa0\
\x22\x9e\xc3\xb9\xe2\xb8\x8a\xdb\x16[\xe2\xba\xd4u\xe2\x8e\
?\xff\x00\x15Q+\xbc*\xb8Z\x9cbU^ob\
'\x0e\x95o\xc1UYX\x00\x00\x00\x00\x00\x00\x047\
\xdb\xa7#\x91\xec\xa8\xcd<)F\x88\xe6\xa6\xf5\xf6\x9a\
$\xe6\x9f\x8c\xb5:\xfa\x1f\xf2;\xdf)\x0b\xcb\x96\x9a\
8\xe6\x89\xf0\xcd\x1bd\x8d\xedV\xbd\x8eMQ\xc8\xbc\
\x15\x15:P\xad\xfd\xaf2N\x5c\xaf\xc5\xbe\x9cY)\
\xe4v\x13\xbbJ\xabJ\xed5JIWUu;\x97\
\xab\x9a\xb1W\x9buN*\xd5P1\xcd\x93}\xd0\xd8\
?\xe3\xc9\xf6T\xb4R\xae\xb6M\xf7C`\xff\x00\x8f\
'\xd9R\xd1@\x00\x00\x00\x00\x1f\x1f\xeb\x1d\xe2>\x9f\
\x1f\xeb\x1d\xe2\x02\xa13\x03\xd9\xee!\xf2\xa5O\x9dq\
\xe1\x9e\xe6`{=\xc4>T\xa9\xf3\xae<0\x00\x00\
\x00\x00\x00\x00\x00\x00\x00\x00=\x8c%\x8a1\x0e\x12\xbb\
Gu\xc3w\x8a\xcb]k9KM*\xb1U:\x97\
\xa1S\xb1x\x12\xb3)\xb6\xd0\xaa\x85 \xb7fM\x93\
\xd1M\xf5\xae\xba[\x91\x1a\xf4\xed|+\xa3W\xb5Z\
\xad\xd1\x13\x83T\x87`\x0bm\xcb\xec\xc7\xc0\xf8\xfa\x97\
\xbf\xe1,IAsr7y\xf02M\xd9\xe3N\xb7\
D\xed\x1e\xd4\xedT\xd0\xca\xcam\xa1\xab\xaa\xa1\xab\x8e\
\xae\x8a\xa6jj\x88\x9d\xbd\x1c\xb0\xbdX\xf6/Z*\
qE7\x8eZ\xedU\x9a\x98E\xd1\xd3\xdc\xae1\xe2\
\x8b{tE\x86\xe9\xab\xa6D\xe9\xd2d\xf0\xf5\xedv\
\xf2v\x01d \x8eYw\xb6\x06Z\xe2\x1e\xf7O\x88\
\xe1\xae\xc2\xb5\x8e\xd15\xa8j\xcfN\xaa\xbd\x09+\x13\
T\xf1\xb9\xadN\xd3}\xe1\xeb\xfd\x8f\x11[\xdbp\xb0\
^(.\x94\x8f\xe55%Ceb\xfc\xadU\x03\xd2\
\x00\x00\x00\x00\x00\x00\x00\x00\x00\x01\xe7\xe2K%\xab\x11\
\xd8\xea\xec\x97\xca\x18k\xad\xd5\x91\xacs\xc1+uk\
\xda\xbfR\xf4\xa2\xa7\x14^(V\x9e\xd3\xb97]\x94\
\x98\xd3\xbc\xc1\xdfjp\xed\xc1]%\xb2\xad\xfc\xf4O\
]\x13\xff\x00=\xba\xa7\x1e\x94\xd1z\xd1,\xf0\xc3\xf3\
\x93\x00Zs//\xee\x18V\xea\xd4o\x7fn\xfd-\
F\xee\xae\xa6\x9d\xa8\xbb\x92'\x89x*t\xa2\xaat\
\x81R\xe0\xf4\xb1E\x92\xe3\x86\xb1\x1d\xc7\x0f\xdd\xe0X\
+\xed\xd5/\xa6\xa8\x8f]t{\x15Qt^\x94\xe1\
\xaa/Jh\xa7\x9a\x00\x00\x00\x00\x00\x00\x00\x00\x00\x00\
\x00\x00\x00\xc9\xb2\xbf\x06]\xb3\x03\x1c\xdb0\x9d\x99\xbf\
\xc2+\xa5F\xbaEEV\xc3\x1aq|\x8e\xecjj\
\xbf\xab\xa4\xc6K\x02\xd8G*?rX%\xd8\xe6\xf1\
J\xac\xbd_\xa2OC\xb5\xed\xd1\xd0Q\xeb\xabS\xc6\
\xf5Dz\xf6#;@\xdf\xd8+\x0d\xda\xb0\x86\x14\xb6\
\xe1\xab,\x1d\xe6\x82\xdf\x03a\x85\xbd+\xa77/[\
\x95uU^\xb5S\xd8\x00\x00\x00\x01\x8df\x862\xb6\
`\x0c\x0bt\xc5wg'x\xa1\x85\x5c\xd8\xf5\xd1\xd2\
\xc8\xbc\x18\xc4\xedUTN\xc4\xd5z\x0c\x94\xaf\xfd\xbb\
\xb3_\xf7W\x8c\xd9\x82,\xd5[\xf6k#\xd7\xd1*\
\xc7j\xd9\xea\xb99{Q\xa9\xe0\xa7n\xf0\x1a\x07\x1c\
\xe2[\x9e0\xc5\xb7<Mx\x99e\xad\xb8T:i\
\x17\xa1\xba\xaf\x06\xa7R\x22h\x88\x9dHx\xa0\x00\x00\
\x00-#d\xff\x00s\xae\x0b\xf8\x87\xfdG\x95nZ\
F\xc9\xfe\xe7\x5c\x17\xf1\x0f\xfa\x8f\x03h\x00\x00\x00\x00\
\xe3\xaa\xfeK/\xc0_\xa8\xa7{\xdf\xdf\x9a\xef\x8cI\
\xf6\x94\xb8\x8a\xaf\xe4\xb2\xfc\x05\xfa\x8aw\xbd\xfd\xf9\xae\
\xf8\xc4\x9fi@\xe9\x80\x00\x00\x00\x12;\xb9\xe5\xed\xf3\
Q\xe4J\x8f9\x11\x1cI\x1d\xdc\xf2\xf6\xf9\xa8\xf2%\
G\x9c\x88\x0b\x0a\x00\x00\x00\x00 \xd7t\x9f\xd9\xbe\x15\
\xf2l\x9euI\xcaA\xae\xe9?\xb3|+\xe4\xd9<\
\xea\x81\x13\x00\x00\x0d\x95\xb2\xf7\xba\x07\x05\xf9R/\xac\
\xd6\xa6\xca\xd9{\xdd\x03\x82\xfc\xa9\x17\xd6\x05\xa7\x00\x00\
\x00\x00\x00\x00\x86]\xd3/_\x80|W\x0f\xfbb\x1a\
\x13/\xbae\xeb\xf0\x0f\x8a\xe1\xff\x00lC@\x00\x00\
\x00\x007n\xc6\x99\x95\xfb\xdff\xe555t\xfd\xee\
\xcb~\xdc\xa1\xad\xde]\x1a\xc7\xaa\xfd\xc6U\xf8.]\
\x15W\x825\xee^\x82\xca\xd3\x8aj\x853\x96e\xb1\
\xf6e.b\xe5\x1d/\xa3\xea\x12K\xdd\x99R\x86\xe1\
\xaa\xf8O\xd1>\xe7*\xfc&\xf3_|\xd7\x01\xb9\x80\
\x00\x00\x00\x00\x00\x00\x00\x00\x00\x00\x00\x00\x00\x00\x00\x00\
\x00\x00\x0a\xa8\x88\xaa\xab\xa2'5\x00u\xeeu\xf4V\
\xca\x09\xab\xee5pRR@\xd5|\xb3L\xf4c\x18\
\xd4\xe6\xaa\xab\xc1\x0d#\x9e\x1bM\xe0|\xbdI\xad\xb6\
\xa9\x19\x88\xef\xcd\xd5\xbe\x85\xa5\x95;\xd4.O\xfeI\
\x13TO\x12j\xa4\x1d\xcd\xcc\xe0\xc79\x9d\x5c\xb2\xe2\
K\xb3\xfd\x04\xd7k\x0d\xbe\x9fVS\xc5\xd5\xe0\xfe\x12\
\xf6\xbbU\xf1\x01(\xf3\xc3l+U\xb5\xb5\x16|\xb2\
\xa7e\xce\xafEb\xddj\x1a\xa9\x04K\xd2\xb1\xb1x\
\xc8\xbd\xab\xa3y/\x84\x846\xc6x\xaf\x11c+\xe4\
\xb7\xbcOw\xaa\xbaW\xcb\xceY\x9d\xebS\xde\xb5\xa9\
\xc1\xad\xecj\x22\x1e(\x00\x00\x00\x01\xeb\xe1,3\x7f\
\xc5\x97\x88\xad\x18r\xd3Us\xae\x93\x94T\xf1\xab\x95\
\x13\xadz\x93\xb5@\xf2\x0c\xef)\xf2\x9b\x1cfm\xcb\
\xd0\xd8b\xd0\xf9)\xd8\xe4l\xf5\xd3}\xce\x9e\x14^\
\x97=y\xae\x9ctMW\xa9\x09C\x92\x1b\x1eP\xd1\
w\x8b\xc6gT\xb6\xba~\x0em\xa6\x9aEH\x9a\xbd\
RH\x9c]\xe2n\x89\xda\xa4\xb2\xb4[m\xf6\x8bt\
\x16\xdb]\x15=\x15\x1d;Q\x91A\x04h\xc61:\
\x91\x13\x82\x01\xa3rCe\xec\x0f\x80\x16\x1b\xa5\xed\xac\
\xc4\xd7\xe8\xd5\x1e\xd9\xeab\xd2\x08\x17\xfa8\x95U\x15\
S\xdf;U\xe0\x8a\x88\xd3~'\x04\xd1\x00\x00\x00\x00\
\x00\x00\x00\x00\x00\x02\xbb\xfb\xa0\xde\xdf\xcd\xf2=?\xda\
\x90\x8e\xe4\x88\xee\x83{\x7f7\xc8\xf4\xff\x00jB;\
\x80\x00\x00\x00\x00\x00\x00\x00\x00\x00\x00\x00\x00\x00\x00\x00\
\x00\x00\x00;\xf8s\xd9\x0d\xb7\xe3q}\xb4:\x07\x7f\
\x0e{!\xb6\xfcn/\xb6\x80\x5cJr@\x13\x92\x00\
\x00\x00\x00\x00\x04*\xee\x97}\xf4\xc1\x1f\xa0\xac\xfbQ\
\x13T\x85]\xd2\xef\xbe\x98#\xf4\x15\x9fj !\xe0\
\x00\x00\x00\x00\x00\x00\x00\x00\x00\x00\x00\x00\x00\x00\x00\x01\
\x9fl\xe9\xed\xf3\x81\xbc\xbbK\xe7Z`&}\xb3\xa7\
\xb7\xce\x06\xf2\xed/\x9dh\x16\xb4\x00\x00\x00\x00\x00\x00\
T~n\xfblb\xff\x00.\xd6\xf9\xf7\x96\xe0T~\
n\xfblb\xff\x00.\xd6\xf9\xf7\x81\x8b\x80\x00\x00\x00\
\xedZ.5\xd6\x8b\xad-\xd6\xd9U%-m$\xcd\
\x9a\x9eh\xd7GF\xf6\xae\xadrx\x95\x0b5\xd9\x8b\
8(\xb3k\x036\xa6e\x8a\x9f\x10\xdb\xd1\xb1])\
Z\xbaxZp\x95\x89\xcfq\xfc|J\x8a\x9ct\xd5\
k\x00\xcb\xb2\x8b\x1f\xde\xf2\xd3\x1c\xd1b\x9b\x1c\x8a\xb2\
B\xbb\x95\x14\xea\xe5FT\xc2\xbe\xbe7v.\x9c\x17\
\xa1Q\x17\xa0\x0bj\x06;\x96\xf8\xca\xcb\x8f\xb0m\xbf\
\x14\xd8'\xef\x94u\x91\xeb\xba\xef_\x13\xd3\x83\xa3r\
t9\xab\xaa/\xf9\x19\x10\x00\x00\x00\x00\x03\xc2\xc7\xf8\
N\xcb\x8e0\x8d\xc3\x0b\xe2\x0an\xff\x00A]\x16\xe3\
\xd189\x8e\xe6\xd7\xb5z\x1c\xd5DT^\xb4=\xd0\
\x05v\xe5\x9e]\xde\xb2\xc7l\x1c7\x86/\x0dW\xa4\
u\xe9%%R5Q\x950\xab]\xba\xf6\xfdJ\x9d\
\x0a\x8a\x85\x89\x18\xe6,\xc1\x96\x5cIy\xb0\xde\xab\xa1\
\xd2\xe3b\xacJ\xaa\x1a\x86\xa2o7T\xd1\xec^\xb6\
\xb99\xa7Z\x22\xf4\x19\x18\x00\x00\x00\x00\x03\xe3\xfdc\
\xbcG\xd3\xe3\xfdc\xbc@T&`{=\xc4>T\
\xa9\xf3\xae<3\xdc\xcc\x0fg\xb8\x87\xca\x95>u\xc7\
\x86\x00\x00\x00\x00\x00\x00\x00\x00\x00\x00\x00\x00\x00\x00\x00\
\xf4p\xf5\xf6\xf7\x87\xae\x0d\xb8Xn\xf5\xf6\xba\xb6\xa6\
\x895\x1dC\xa2~\x9dZ\xb5ST\xec<\xe0\x04\x8f\
\xcb\xad\xb03\x1f\x0f\xf7\xba|KOE\x8a)\x1a\x9a\
k*%=F\x9f\xa4bh\xbf+UW\xac\x91\x99\
\x7f\xb5\x96Ubg\xc7Ms\xab\xab\xc3Uo\xd17\
n1\xa2E\xafN\x92\xb5U\xa8\x9d\xae\xdd+\x90\x01\
q\xd6\xab\x95\xbe\xebE\x1dm\xb2\xba\x9a\xb6\x9aD\xde\
d\xd0J\x8fc\x93\xad\x158\x1d\xa2\xa3p\x1e>\xc6\
8\x16\xbd+0\xa6!\xae\xb5\xbdWW\xb2)5\x8a\
O\x85\x1a\xea\xd7|\xa8K\xcc\x93\xdb\x12\xdbt\x9e\x9e\
\xcf\x9941Z\xea\x1e\xa8\xc4\xbaS\x22\xfa\x1dW\xa1\
db\xea\xac\xe8\xe2\x9a\xa7J\xe8\x80K`u\xed\xd5\
\xb4w\x1a(k\xa8*\xa1\xaa\xa5\x99\x88\xf8\xa6\x89\xe8\
\xe6=\xab\xc9QS\x99\xd8\x00\x00\x00\x00\x00\x00\x02\x0e\
\xf7E\xb0\x04v\xfcGh\xccJ\x087c\xba'\xa0\
n.D\xe1\xdf\xe3n\xb19{]\x1a9\xbe(\x93\
\xac\x89%\xa4mW\x85\x9b\x8br\x17\x14P#Qj\
)i\x16\xbe\x9dzQ\xf0}\xd3D\xedTk\x9b\xfd\
b\xad\xc0\x00\x00\x00\x00\x00\x00\x00\x00\x00\x00\x00s\xd0\
RT\xd7\xd7AEG\x0b\xe7\xa9\xa8\x91\xb1E\x1b\x13\
W=\xce]\x11\x11:\xd5T\x0d\xb5\xb2nV?3\
\xf3:\x08\xebaWXm*\xca\xab\x9b\xb4\xe0\xf4\xd7\
\xc0\x87\xfa\xea\x8a\x8b\xf9\xa8\xe2\xcdb\x8d\x91F\xd8\xa3\
cX\xc6\x225\xadjh\x88\x89\xc9\x10\xd6\xdb6\xe5\
\x9d6We\x95\x15\x95X\xc5\xba\xd4\x22T\xdc\xe6N\
;\xf3\xb9\x13V\xa2\xf4\xb5\xa9\xe0\xa7\x8b^\x93e\x80\
\x00\x00\x00\xe1\xae\xaa\xa7\xa1\xa2\x9e\xb6\xaeV\xc3O\x04\
n\x92Y\x1c\xba#Z\xd4\xd5U~D\x03S\xed[\
\x9aL\xcb\x1c\xb3\xa8\xa8\xa2\x99\xa9}\xb9kMnf\
\xbe\x13\x5c\xa9\xe1K\xe2j~\xb5B\xb2&\x92I\xa6\
|\xd2\xbd_#\xdc\xae{\x95x\xaa\xaf\x15Se\xed\
-\x99\xb3\xe6\x86f\xd6^\x18\xf7\xa5\xaa\x99V\x9a\xdb\
\x12\xaf\x06\xc4\xd5\xf5\xdau\xb9x\xa9\xac@\x00\x00\x00\
\x00\x16\x91\xb2\x7f\xb9\xd7\x05\xfcC\xfe\xa3\xca\xb7-#\
d\xff\x00s\xae\x0b\xf8\x87\xfdG\x81\xb4\x00\x00\x00\x00\
q\xd5\x7f%\x97\xe0/\xd4S\xbd\xef\xef\xcdw\xc6$\
\xfbJ\x5cEW\xf2Y~\x02\xfdE;\xde\xfe\xfc\xd7\
|bO\xb4\xa0t\xc0\x00\x00\x00\x09\x1d\xdc\xf2\xf6\xf9\
\xa8\xf2%G\x9c\x88\x8e$\x8e\xeey{|\xd4y\x12\
\xa3\xceD\x05\x85\x00\x00\x00\x00\x10k\xbaO\xec\xdf\x0a\
\xf96O:\xa4\xe5 \xd7t\x9f\xd9\xbe\x15\xf2l\x9e\
u@\x89\x80\x00\x06\xca\xd9{\xdd\x03\x82\xfc\xa9\x17\xd6\
kSel\xbd\xee\x81\xc1~T\x8b\xeb\x02\xd3\x80\x00\
\x00\x00\x00\x00C.\xe9\x97\xaf\xc0>+\x87\xfd\xb1\x0d\
\x09\x97\xdd2\xf5\xf8\x07\xc5p\xff\x00\xb6!\xa0\x00\x00\
\x1f\xb7G#X\xc7\xb9\x8ek\x1f\xae\xeb\x958;N\
\x0b\xa1\xf8$;\xf2\xd9\xd8\xa3cK>2\xb6\xd3\xef\
\xdc\xb0\xfdug~F7WIJ\xe9|/\x1e\xea\
\xf1\xf1*\x91\xe0\x01\xb8\xb6E\xcc\xbf\xde\xdf6\xe8\xe5\
\xae\xa8\xefv;\xbe\x947\x1dW\xc1b9~\xe7*\
\xfc\x07h\xaa\xbe\xf5_\xd6i\xd0\x05\xcc'\x14\xd5\x01\
\xa36,\xcc\xbf\xdd\xf6SAo\xb8Tw\xcb\xdd\x83\
v\x8a\xaby\xda\xbaH\xb4\xfb\x94\xab\xe3j+Uz\
\xd8\xab\xd2o0\x00\x00\x00\x00\x07\x99\x89\xef\xf6|3\
g\x92\xf1}\xaf\x86\x82\x82)#\x8eI\xe5]\x18\xc5\
\x91\xedcu^\x8d\x5c\xe4MOL\xd2\xbbp{\x99\
\xb1G\xc3\xa3\xff\x00\x17\x08\x1b\x9a\x9ax*\xa9\xd9Q\
M4s\xc3\x22o2H\xdc\x8ek\x93\xad\x158)\
\xc8U\xbeM\xe7\xa6<\xcb\x0a\x98\xe2\xb5\x5c]]h\
Gk%\xb2\xad\xca\xe8\x5c\x9f\x9b\xd2\xcf\x93\xe6'\x1e\
Jm\x17\x80\xf3)\xb0\xd0\xfa'\xd2[\xe3\x93\xc2\xa0\
\xacz7}\x7f\xa3\x7f'x\xb9\xf1\xe4\x06\xe5\x00\x00\
\x00\x00\x00\x00\x07\x8b\x8cqV\x1e\xc1\xf6in\xf8\x92\
\xefKm\xa3\x8d\xaa\xaa\xf9\x9e\x88\xae\xd3\xa1\xa9\xcd\xcb\
\xd8\x846\xcf\x0d\xb0.\x97E\x9e\xcf\x96\x90>\xdbF\
\xa8\xad[\x9dC>\xee\xfe\xd67\x93<k\xaa\x81(\
\xf3s80>X\xdb\xdd6\x22\xba\xb1kU\xba\xc3\
o\x81Q\xf5\x12\xf8\x9b\xd0\x9d\xab\xa2\x10{;\xf6\x9c\
\xc7\x19\x80\xe9\xad\xb6\x99\x9f\x87,J\xe5\xd2\x0aY\x15\
'\x95\xbf\xd2H\x9c~D\xd1<f\x92\xba\xdc+\xee\
\xb5\xf3\x5c.u\x93\xd6U\xcc\xe5t\x93L\xf5{\xdc\
\xbd\xaa\xa7T\x02\xf1]T\x00\x00\x00\x00\xe4\xa6\x82z\
\x9a\x86S\xd3C$\xd3H\xed\xd6G\x1bU\xcer\xf5\
\x22'3m\xe4\xae\xcfx\xf73$\x8a\xb2\x0a5\xb4\
\xd9\x15\xe8\x8f\xb8V5Z\x8eN\x9e\xf6\xdeo\xe8\xec\
\xe3\xcc\x9c\xd93\x91\x18\x0f,)\xe3\x9a\xd9@\x97\x0b\
\xba'\x87r\xacj:]\x7f191<_8\x11\
[#vJ\xc4\xd8\x9d\xd4\xf7|v\xf9,\x16\x87h\
\xe4\xa5O\xe5s7\xc5\xc9\x89\xda\xbc{\x09\xab\x97x\
\x03\x09e\xfd\x99\x96\xbc+f\xa7\xa1\x89\x1a\x89$\xa8\
\xd4Yf\xed{\xf9\xbb\xea\xea2p\x00\x00\x00\x03\xa7\
y\xba[l\xb6\xc9\xaewj\xeaz\x1a(\x1a\xae\x96\
y\xe4F1\xa9\xda\xaa\x07p\xe1u]+k\x19F\
\xea\x98R\xa5\xedW6\x15zo\xabS\x9a\xa3y\xe9\
\xdaD|\xef\xdb\x0e\x8a\x93\xbf\xd9\xf2\xca\x95\xb5\x93\xf1\
k\xae\xb5,\xfb\x93{cg7x\xd7\x87\x1eF\x17\
\xb1\x06$\xbe\xe2\xcd\xa2k\xafX\x8e\xe9Sr\xaf\x96\
\xd76\xf4\xd3\xbfyQ5o\x04\xe8D\xecN\x00O\
 \x00\x00\x00\x00\x00\x15\xdf\xdd\x06\xf6\xfeo\x91\xe9\xfe\
\xd4\x84w$Gt\x1b\xdb\xf9\xbeG\xa7\xfbR\x11\xdc\
\x00\x00\x00\x00\x00\x00\x00\x00\x00\x00\x00\x00\x00\x00\x00\x00\
\x00\x00\x01\xdf\xc3\x9e\xc8m\xbf\x1b\x8b\xed\xa1\xd0;\xf8\
s\xd9\x0d\xb7\xe3q}\xb4\x02\xe2S\x92\x00\x9c\x90\x00\
\x00\x00\x00\x00!Wt\xbb\xef\xa6\x08\xfd\x05g\xda\x88\
\x9a\xa4*\xee\x97}\xf4\xc1\x1f\xa0\xac\xfbQ\x01\x0f\x00\
\x00\x00\x00\x00\x00\x00\x00\x00\x00\x00\x00\x00\x00\x00\x00\x0c\
\xfbgOo\x9c\x0d\xe5\xda_:\xd3\x013\xed\x9d=\
\xbep7\x97i|\xeb@\xb5\xa0\x00\x00\x00\x00\x00\x02\
\xa3\xf3w\xdbc\x17\xf9v\xb7\xcf\xbc\xb7\x02\xa3\xf3w\
\xdbc\x17\xf9v\xb7\xcf\xbc\x0c\x5c\x00\x00\x00\x00\x00\x06\
\xec\xd9;9\xea2\xb3\x19\xa5\x1d\xcei$\xc2\xf7G\
\xb5\x95\xd1k\xaa@\xeeI;S\xad9*'4\xed\
D,\x9a\x8a\xaa\x9e\xb6\x8e\x1a\xca9\xe3\x9e\x9ex\xdb\
$R\xc6\xedZ\xf6\xaaj\x8a\x8b\xd2\x8a\x856\x93\x0f\
a|\xf0\xf44\xb0\xe5\x86+\xad^\xf3\x22\xe9e\xa9\
\x95\xdc\x18\xee\x98\x15W\xa1y\xb7\xb7\x87J\x015@\
\x00\x00\x00\x00\x00\x00\x00\x00\x00\x00\x00\x0f\x8f\xf5\x8e\xf1\
\x1fO\x8f\xf5\x8e\xf1\x01P\x99\x81\xec\xf7\x10\xf9R\xa7\
\xce\xb8\xf0\xcfs0=\x9e\xe2\x1f*T\xf9\xd7\x1e\x18\
\x00\x00\x00\x00\x00\x00\x00\x00\x00\x00\x00\x00\x00\x00\x00\x00\
\x00\x00\x00\x00\x1bwg\x8c\xf4\xc4\xb9Ox\x8e\x16\xbe\
K\x8e\x1b\x9aD\xf4]\xb5\xef\xe0\xd4U\xe2\xf8\x95}\
k\xd3\x8a\xf5/OZY6\x11\xc46\x8cW\x86\xe8\
q\x15\x8a\xb1\x95v\xea\xe8\x92X%oJt\xa2\xa7\
B\xa2\xa2\xa2\xa7B\xa2\xa1O\x84\xc9\xeeq\xe3\x8a\x95\
\xa9\xbe\xe5\xed\x5c\xca\xfat\x8f\xd3*\x16\xb9}c\xb5\
k%jv.\xacv\x9d\x8e^\x95\x02g\x80\x00\x00\
\x00\x00\x00\xe1\xaf\xa7\x8a\xae\x86zI\xd8\x92E4n\
\x8d\xed^Nj\xa6\x8a\x85=_h$\xb5_+\xed\
r\xaa\xac\x94u2S\xbfT\xd3\x8b\x1c\xad_\xa8\xb8\
\xb2\xa6\xf3\xd6\x9d)s\xab\x1bB\x9c\x92\xfdZ\xa9\xe2\
Y\x9e\xbf\xf3\x03\x0b\x00\x00\x00\x00\x00\x00\x00\x00\x00\x00\
%\x86\xc0yQ\xe9\xc5\xfeL\xc9\xbc\xd3\xaa\xd1[^\
\xb1[\x1a\xf4\xe1$\xfaxRv\xa3QtN\xd5\xec\
#\xaeW\xe0\xdb\xa6?\xc76\xcc+ib\xac\xf5\x92\
\xa3_&\x9a\xa4Q\xa7\xafz\xf6\x22q-c\x03\xe1\
\xabf\x0f\xc2v\xdc7g\x85!\xa2\xa0\x81\xb1F\x89\
\xd3\xa77/j\xae\xaa\xbe0=\xa0\x00\x00\x00\x02*\
m\xf5\x9a\xde\x92a\xc8\xb2\xee\xcbV\x8d\xb8]\x1b\xdf\
.*\xc5\xf0\xa2\xa7\xe8gb\xb9S\xe6N\xd2Df\
^/\xb6\xe0L\x0ft\xc5WW\x22S\xd0\xc2\xafF\
k\xa2\xc8\xfeMbv\xaa\xe8\x85Sc\xecQs\xc6\
x\xc2\xe7\x89\xee\xf2o\xd6\x5c'Y^\x88\xbc\x18\x9d\
\x0dN\xc4M\x13\xe4\x03\xc3\x00\x00\x00\x00\x00\x00-#\
d\xff\x00s\xae\x0b\xf8\x87\xfdG\x95nZF\xc9\xfe\
\xe7\x5c\x17\xf1\x0f\xfa\x8f\x03h\x00\x00\x00\x00\xe3\xaa\xfe\
K/\xc0_\xa8\xa7{\xdf\xdf\x9a\xef\x8cI\xf6\x94\xb8\
\x8a\xaf\xe4\xb2\xfc\x05\xfa\x8aw\xbd\xfd\xf9\xae\xf8\xc4\x9f\
i@\xe9\x80\x00\x00\x00\x12;\xb9\xe5\xed\xf3Q\xe4J\
\x8f9\x11\x1cI\x1d\xdc\xf2\xf6\xf9\xa8\xf2%G\x9c\x88\
\x0b\x0a\x00\x00\x00\x00 \xd7t\x9f\xd9\xbe\x15\xf2l\x9e\
uI\xcaA\xae\xe9?\xb3|+\xe4\xd9<\xea\x81\x13\
\x00\x00\x0d\x95\xb2\xf7\xba\x07\x05\xf9R/\xac\xd6\xa6\xca\
\xd9{\xdd\x03\x82\xfc\xa9\x17\xd6\x05\xa7\x00\x00\x00\x00\x00\
\x00\x86]\xd3/_\x80|W\x0f\xfbb\x1a\x13/\xba\
e\xeb\xf0\x0f\x8a\xe1\xff\x00lC@\x00\x00,ca\
Zx+6j\xa4\xa4\xaa\x89\x93A5]dr\xc6\
\xf4\xd5\xafk\x9e\xa8\xa8\xa9\xd4\xa8\xa4+\xda+/f\
\xcb\x5c\xd5\xbaa\xed\xc7z\x05\xcf\xf4E\xbeEO_\
N\xf5Uo\x1e\x95N-^\xd6\xa96v\x0a\xf7:\
\xdb\xbe?U\xe7\x0e\xae\xdc\xb9f\x98\xcf,]\x89m\
\xf0+\xaf\x18u\xae\x9d7S\x8c\xb4\xcb\xfcc\x7f\xab\
\xa6\xf2uh\xee\xb0+\xb0\x00\x06\xd5\xd9c1\xdd\x96\
\xb9\xb9n\xb9\xd4\xcc\xac\xb4W/\xa0\xaeI\xd0\x90\xbd\
S\xc3\xfe\xa3\x91\xae\xf1\x22\xa7IhLs^\xc6\xbd\
\x8eG5\xc9\xaa*.\xa8\xa9\xd6SAc{\x10\xe6\
Zc|\xac\x8e\xc5p\x9f~\xf3\x87\x91\xb4\xb2o;\
\xc2\x96\x0f\xf4O\xf9\x117W\xe0\xa7X\x1b\xf4\x00\x00\
\x00\x00\xd2\xbbp{\x99\xb1G\xc3\xa3\xff\x00\x17\x09\xba\
\x8d+\xb7\x07\xb9\x9b\x14|:?\xf1p\x81Z'\xea\
7\xbe7\xb6H\xdc\xe6=\xaa\x8a\xd75tTT\xe9\
C\xf2\x00\x90\xf9!\xb5N2\xc1=\xe2\xd5\x89\xb7\xf1\
-\x91\x9a5\x12i4\xa9\x85\xa8\x9ax\x0f^i\xcb\
\x83\x89\xbf\x95\x99\x9b\x83\xb3.\xce\xb7\x1c+ueJ\
\xc6\x88\xb3\xd3=7'\x81W\xa1\xec\xe8\xf1\xa6\xa9\xda\
T\xc9.;\x9a\xbe\xcb1\x87\xc4)\xfc\xe3\x80\x9c\x00\
\x008\xab*i\xa8\xa9e\xab\xac\xa8\x8a\x9a\x9e&\xab\
\xe4\x96W\xa3\x18\xc6\xa75U^\x08\x84`\xcf\x0d\xae\
\xf0\xf6\x1e\xef\xd6\x8c\xbe\x86;\xed\xc95k\xabd\xd5\
)b_\xcd\xe9\x91~d\xe1\xd2{\xdd\xd09e\x8b\
 \x91\x22\x91\xecG\xdd\xe9\xd8\xfd\xd7i\xbc\xdd\xd98\
/ZpB\xbb@\xc8\xf1\xf67\xc58\xee\xf2\xeb\xb6\
*\xbc\xd4\xdcjW\x83\x12Gx\x11\xa6\xba\xee\xb1\xbc\
\x9a\x9cz\x0cp\x00\x00\x00\x00\xf40\xf5\x96\xed\x88n\
\xd0\xdalv\xea\x9b\x8dt\xeb\xa4pS\xc6\xafs\xbe\
D\xe8\xed\xe4K\x9c\x8f\xd8\xed^\xda{\xcehU+\
Q\xcd\xdeK=+\xf4T\xec\x92T_\xd4\xdf\x9c\x08\
\xcb\x969m\x8c\xb3\x1e\xec\x96\xfc)g\x96\xafu\xc8\
\x93T;\xc0\x82\x0e\xd7\xbdx'>\x5cW\xb0\x9bY\
\x1f\xb2\x86\x11\xc1\xdd\xe6\xeb\x8b\xd6<Kyn\x8eF\
H\xcd)`w?\x05\x8b\xeb\x958qwW#\x7f\
a\xdb\x1d\x9f\x0e\xda\xa1\xb5X\xad\xb4\xb6\xea(Z\x8d\
\x8e\x1ax\xd1\x8dDO\x11\xe8\x81\xf9\x8a8\xe2\x89\xb1\
D\xc6\xc7\x1b\x13F\xb5\xa9\xa2\x22u\x22\x1f\xa0\x00\x00\
\x00\x05TDUUDD\xe6\xaak\x9c\xe1\xce\x8c\x09\
\x96\x14n[\xf5\xd1\xb3\xdcU>\xe5m\xa5T}C\
\x97MSV\xeb\xe0'..\xd3\xb3R\x0dgv\xd2\
x\xeb1\xdd5\xbe\x9au\xb0X\x5c\xaa\x89EH\xf5\
GH\xdf\xe9d\xe6\xef\x12h\x9d\x80J\xcc\xef\xda\x8f\
\x05`D\x9e\xd9`|x\x96\xf8\xd4V\xf7\xb8$\xfe\
\x0f\x0b\xba7\xe4N}\x1c\x1b\xf3\xa1\x083[5\xf1\
\xbef\x5c}\x15\x89\xee\xf2I\x03\x7f\x8a\xa3\x87\xc0\xa7\
\x8d;\x18\x9c\x15yq]T\xc1W\x8a\xea\xa0\x01$\
;\x9e~\xdd\xf5>J\x97\xebi\x1b\xc9!\xdc\xf3\xf6\
\xef\xa9\xf2T\xbf[@\xb0\x80\x00\x00\x00\x00\x00\x15\xdf\
\xdd\x06\xf6\xfeo\x91\xe9\xfe\xd4\x84w$Gt\x1b\xdb\
\xf9\xbeG\xa7\xfbR\x11\xdc\x00\x00\x00\x00\x00\x00\x00\x00\
\x00\x00\x00\x00\x00\x00\x00\x00\x00\x00\x01\xdf\xc3\x9e\xc8m\
\xbf\x1b\x8b\xed\xa1\xd0;\xf8s\xd9\x0d\xb7\xe3q}\xb4\
\x02\xe2S\x92\x00\x9c\x90\x00\x00\x00\x00\x00!Wt\xbb\
\xef\xa6\x08\xfd\x05g\xda\x88\x9a\xa4*\xee\x97}\xf4\xc1\
\x1f\xa0\xac\xfbQ\x01\x0f\x00\x00\x00\x00\x00\x00\x00\x00\x00\
\x00\x00\x00\x00\x00\x00\x00\x0c\xfbgOo\x9c\x0d\xe5\xda\
_:\xd3\x013\xed\x9d=\xbep7\x97i|\xeb@\
\xb5\xa0\x00\x00\x00\x00\x00\x02\xa3\xf3w\xdbc\x17\xf9v\
\xb7\xcf\xbc\xb7\x02\xa3\xf3w\xdbc\x17\xf9v\xb7\xcf\xbc\
\x0c\x5c\x00\x00\x00\x00\x00\x00\xfd\xc1,\xb0L\xc9\xe1\x91\
\xd1\xcb\x1b\x91\xcc{WEj\xa7%E\xeb?\x00\x0b\
\x1c\xd8\xfb;#\xcc\xac*\x96+\xedS\x13\x14\xda\xe3\
D\x95\x1d\xc1j\xe2N\x09*u\xafC\xbbx\xf4\x9b\
\xf0\xa8<\x07\x8a\xaf8+\x15\xd0\xe2[\x05R\xd3\xd7\
\xd1H\x8fb\xf49:Z\xe4\xe9j\xa7\x05B\xd1r\
O1\xed\x19\xa1\x80\xe91-\xad\xccd\xaa\x9d\xee\xb6\
\x95\x1d\xab\xa9\xa6D\xf0\x98\xbfZ/J(\x19\xb8\x00\
\x00\x00\x00\x00\x00\x00\x00\x00\x01\xf1\xfe\xb1\xde#\xe9\xf1\
\xfe\xb1\xde *\x130=\x9e\xe2\x1f*T\xf9\xd7\x1e\
\x19\xeef\x07\xb3\xdcC\xe5J\x9f:\xe3\xc3\x00\x00\x00\
\x00\x00\x00\x00\x00\x00\x00\x00\x00\x00\x00\x00\x00\x00\x00\x00\
\x00\x00o\xad\x83Vd\xda*\xd6\x91\xeb\xb8\xb4u]\
\xf7\xe0\xf7\xa7i\xfa\xf44)1\xbb\x9c\x98\x1e\xa7\xd1\
\xf7\xcc\xc1\xab\x85\xcc\xa7H\xbd.\xa2W7\x83\xdc\xae\
GH\xe4\xf1n\xb55\xfc\xe5\xea\x02i\x00\x00\x00\x00\
\x00\x00\x15G\xb43\xd1\xf9\xe9\x8d\x9c\xdd4\xf4\xee\xa5\
8vH\xa8Z\xe2\xae\x88\xab\xd4TnkV\xa5\xcb\
41]\xc5\xaa\x8a\xda\x9b\xd5d\xc8\xa9\xcbGL\xf5\
O\xac\x0cd\x00\x00\x00\x00\x00\x00\x00\x00\x03o\xec\xa3\
\x95\xb2fnf\xd3\xc3W\x13\xbd$\xb6+j\xae/\
\xe8sQ|\x18\xfcn^\x1e-@\x94;\x09eB\
a\x5c\x18\xecqx\xa5\xdc\xbc^\x98\x9e\x87k\xdb\xe1\
CM\xcd<J\xfek\xd9\xa1&\x0f\xc41G\x04,\
\x86\x1668\xe3j5\x8cjh\x8dD\xe0\x88\x88~\
\xc0\x00\x00\x00j]\xaasF<\xaf\xcb\x1a\x9a\xcaI\
\xa3K\xe5\xc7Z[dk\xc5w\xd5<)4\xeab\
.\xbe=\x13\xa4\x08\xbb\xb7\x86k\xb7\x14\xe2\xf6`K\
-Z\xbe\xd3e\x91}\x18\xacw\x835W%N\xd4\
g\x14\xf1\xaa\xf5\x11\x8c\xe4\xa8\x9aZ\x8a\x89*'\x91\
\xf2\xcd+\xd5\xf2=\xeb\xab\x9c\xe5]UUzUT\
\xe3\x00\x00\x00\x00\x00\x00\x00ZF\xc9\xfe\xe7\x5c\x17\xf1\
\x0f\xfa\x8f*\xdc\xb4\x8d\x93\xfd\xce\xb8/\xe2\x1f\xf5\x1e\
\x06\xd0\x00\x00\x00\x01\xc7U\xfc\x96_\x80\xbfQN\xf7\
\xbf\xbf5\xdf\x18\x93\xed)q\x15_\xc9e\xf8\x0b\xf5\
\x14\xef{\xfb\xf3]\xf1\x89>\xd2\x81\xd3\x00\x00\x00\x00\
$ws\xcb\xdb\xe6\xa3\xc8\x95\x1er\x228\x92;\xb9\
\xe5\xed\xf3Q\xe4J\x8f9\x10\x16\x14\x00\x00\x00\x00A\
\xae\xe9?\xb3|+\xe4\xd9<\xea\x93\x94\x83]\xd2\x7f\
f\xf8W\xc9\xb2y\xd5\x02&\x00\x00\x1b+e\xeft\
\x0e\x0b\xf2\xa4_Y\xadM\x95\xb2\xf7\xba\x07\x05\xf9R\
/\xac\x0bN\x00\x00\x00\x00\x00\x01\x0c\xbb\xa6^\xbf\x00\
\xf8\xae\x1f\xf6\xc44&_t\xcb\xd7\xe0\x1f\x15\xc3\xfe\
\xd8\x86\x80\x00\x00X\xee\xc1^\xe7[w\xc7\xea\xbc\xe1\
\xbee\x8d\x92\xc4\xe8\xa5c^\xc7\xb5Z\xe6\xb95E\
E\xe6\x8a\x86\x86\xd8+\xdc\xebn\xf8\xfdW\x9c7\xd8\
\x15u\xb5\x16Z\xc9\x96Y\xaf_j\x81\x8b\xe9Mo\
\xf0\xdbc\xfa;\xcb\xd5|\x0f\x1b\x5c\x8a\xdf\x91\x17\xa4\
\xd5\x85\x93m\xa3\x96\x9f\xbb\xfc\xa5\x9e\xbe\x82\x04}\xef\
\x0f\xef\xd7Rh\xdd]$H\x9fv\x89<mDr\
&\x8a\xaa\xacjt\x95\xb2\x00\xd9\xbb2\xe6$\x99k\
\x9b6\xcb\xd4\xb29\xb6\xca\x87z\x12\xe4\xd4\xe4\xe8\x1e\
\xa9\xaa\xe9\xd2\xad]\x1c\x9d\xad5\x90\x02\xe5`\x96)\
\xe1d\xd0\xc8\xc9b\x91\xa8\xe6=\x8e\xd5\xaej\xa6\xa8\
\xa8\xa9\xcd\x0f\xd9\x1e6\x17\xcc\xcf\xdd\x96Y\xfe\xe6.\
U\x1b\xf7\x8c<\x8d\x87\xc2_\x0aJe\xfe-\xdc\xf8\
\xee\xfa\xd5\xe5\xc9\xa4\x87\x00\x00\x00i]\xb8=\xcc\xd8\
\xa3\xe1\xd1\xff\x00\x8b\x84\xddF\x95\xdb\x83\xdc\xcd\x8a>\
\x1d\x1f\xf8\xb8@\xad\x10\x00\x02\x5cw5}\x96c\x0f\
\x88\xd3\xf9\xc7\x11\x1c\x97\x1d\xcd_e\x98\xc3\xe24\xfe\
q\xc0N\x00\x00\x11\xdb\xba\x11\xed\x07\x1f\x96i\xfe\xc4\
\xa5x\x16\x1f\xdd\x08\xf6\x83\x8f\xcb4\xff\x00bR\xbc\
\x00\x00\x00\xfd1\x8e\x91\xedc\x1a\xaes\x97F\xb5\x13\
UU\xeaBDdv\xca\x98\xc7\x1a\xf7\x8b\xb6+\xef\
\xb8b\xc8\xe5\xd7vh\xf4\xab\x99\xbf\x9b\x1a\xfa\xc4\xed\
w\xcc\xa6o\xdc\xe7\xc2\xf8z\xe9&$\xbf\x5c\xac\xf4\
u\x97+t\xf06\x8e\xa2h\xd1\xee\x83y\xafUV\
k\xc1\x17\x82qN$\xd7\x03\x0d\xca\xfc\xb2\xc1yo\
j\xf4\x06\x15\xb3CJ\xe7\x22$\xd5.\xf0\xe7\x99z\
\xde\xf5\xe2\xbe.I\xd0\x86d\x00\x00\x00\x00qV\xd5\
SQRKWYQ\x15=<-W\xc9,\xafF\
\xb1\x8dNj\xaa\xbc\x11\x08\xb5\x9e\x1b_\xd8l}\xfe\
\xcf\x97\x14\xf1\xdf+\xf7U\xabs\x97T\xa5\x85\xdf\x9a\
\xdd5\x95S\xaf\x83yqp\x127\x1b\xe3\x0c3\x82\
l\xb2^1M\xe6\x96\xd7F\xc4]\x1d3\xfc)\x17\
\xde\xb1\xa9\xc5\xeb\xd8\x88\xaaC\x1c\xf1\xda\xfa\xf5{m\
E\x9b.)\xe5\xb2\xd0;V\xba\xe77\xf2\xa9\x13\xad\
\x88\x9c#E\xeb\xe2\xee\xd4#\x8e9\xc6X\x9f\x1b\xde\
\xe4\xbc\xe2\xab\xcdM\xce\xb1\xfc\x9d+\xbc\x16'\xbdc\
S\xc1jv\x22\x22\x1e\x00\x1d\x8b\x85me\xc6\xb6Z\
\xda\xfa\xa9\xaa\xaafr\xbeI\xa6z\xbd\xefU\xe6\xaa\
\xab\xc5T\xeb\x80\x00\x00\x00\x92\x1d\xcf?n\xfa\x9f%\
K\xf5\xb4\x8d\xe4\x90\xeey\xfbw\xd4\xf9*_\xad\xa0\
X@\x00\x00\x00\x00\x00\x0a\xef\xee\x83{\x7f7\xc8\xf4\
\xff\x00jB;\x92#\xba\x0d\xed\xfc\xdf#\xd3\xfd\xa9\
\x08\xee\x00\x00\x00\x00\x00\x00\x00\x00\x00\x00\x00\x00\x00\x00\
\x00\x00\x00\x00\x00\xef\xe1\xcfd6\xdf\x8d\xc5\xf6\xd0\xe8\
\x1d\xfc9\xec\x86\xdb\xf1\xb8\xbe\xda\x01q)\xc9\x00N\
H\x00\x00\x00\x00\x00\x10\xab\xba]\xf7\xd3\x04~\x82\xb3\
\xedDMR\x15wK\xbe\xfa`\x8f\xd0V}\xa8\x80\
\x87\x80\x00\x00\x00\x00\x00\x00\x00\x00\x00\x00\x00\x00\x00\x00\
\x00\x06}\xb3\xa7\xb7\xce\x06\xf2\xed/\x9di\x80\x99\xf6\
\xce\x9e\xdf8\x1b\xcb\xb4\xbeu\xa0Z\xd0\x00\x00\x00\x00\
\x00\x01Q\xf9\xbb\xed\xb1\x8b\xfc\xbb[\xe7\xde[\x81Q\
\xf9\xbb\xed\xb1\x8b\xfc\xbb[\xe7\xde\x06.\x00\x00\x00\x00\
\x00\x00\x00\x00l\xfd\x9c3f\xe3\x94\xf8\xee+\x937\
\xe7\xb3\xd5\xabb\xb9\xd2\xa2\xfa\xf8\xf5\xf5\xed\xfc\xf6\xf3\
N\xbe]&\xb0\x00\x5cU\x82\xedn\xbfYh\xef6\
\x9a\xa8\xea\xa8k!l\xd0M\x1a\xea\x8fj\xa6\xa8\xa7\
x\x80\x9b\x12gz\xe1\x0b\xdcx\x07\x13U*X.\
3iE4\x8eUJ9\xdc\xbe\xb7\xb1\x8f_\x99\xcb\
\xafJ\x93\xed\x15\x155E\xd5\x00\x00\x00\x00\x00\x00\x00\
\x00\x00\x1f\x1f\xeb\x1d\xe2>\x9f\x1f\xeb\x1d\xe2\x02\xa13\
\x03\xd9\xee!\xf2\xa5O\x9dq\xe1\x9e\xe6`{=\xc4\
>T\xa9\xf3\xae<0\x00\x00\x00\x00\x00\x00\x00\x1c\xf4\
\x14\x955\xf5\xd0P\xd1A%EL\xf2$qE\x1b\
us\xdc\xab\xa2\x22 \x1c\x00\xdd\x0c\xd9k<\xdc\xc4\
r`\xb6\xe8\xa9\xaakt\xa4E\xf9\x96^\x07\xdfR\
\xcez~E\xb3\xfd\xebG\xff\x00\x94\x0d,\x0d\xd3\xea\
Y\xcfO\xc8\xb6\x7f\xbdh\xff\x00\xf2\x8fR\xcez~\
E\xb3\xfd\xebG\xff\x00\x94\x0d,\x0d\xd3\xeaY\xcfO\
\xc8\xb6\x7f\xbdh\xff\x00\xf2\x8fR\xcez~E\xb3\xfd\
\xebG\xff\x00\x94\x0d,\x0d\xd3\xeaY\xcfO\xc8\xb6\x7f\
\xbdh\xff\x00\xf2\x8fR\xcez~E\xb3\xfd\xebG\xff\
\x00\x94\x0d,\x0d\xd3\xeaY\xcfO\xc8\xb6\x7f\xbdh\xff\
\x00\xf2\x9f\xa8\xf6W\xcf'=\x1a\xec\x1d\x13\x11W\x8b\
\x9du\xa4\xd1>iU@\xd2\x80\x93\x98_b\xfc\xc6\
\xafs_}\xbd\xd8\xac\xd1/\xaeF\xbd\xf5\x12\xa7\xf5\
Z\x88\xdf\xf8\x8d\xef\x96\x9b$e\xa6\x16\x9a*\xdb\xe7\
\xa2\xb1Ulk\xaaz7FS\xa2\xfe\x85\xbc\x17\xc4\
\xe5r\x01\x12vy\xc8\xacO\x9a\xf7x\xe7l2\xdb\
\xb0\xd4RiWs\x91\x9a#\x919\xb2-}{\xfa\
8poOB-\x92\xe0\xec9h\xc2Xf\x83\x0e\
Xi\x1bKn\xa0\x89\x22\x864\xea\xe9U^\x97*\
\xea\xaa\xbd*\xaazT\xb4\xf0R\xd3\xc7OM\x0cp\
C\x1bQ\xac\x8e6\xa3Z\xd4NH\x88\x9c\x90\xe4\x00\
\x00\x00\x00\x00\x00\x03\xc6\xc77\x98\xb0\xee\x0b\xbd_\xa6\
r6;u\x04\xd5NU\xfc\xc6+\xbf\xe4T\x14\xb2\
>Y_,\x8eW=\xeeW9W\xa5W\x99c[\
w\xe2\xc6a\xdc\x88\xab\xb61\xfaU\xdf\xaac\xa1\x8d\
\x11x\xa3\x11{\xe4\x8b\xe2\xddf\xef\xf5\xd0\xae0\x00\
\x00\x00\x00\x00\x00\x00\x009\xa8ij+\xaba\xa3\xa4\
\x85\xf3TN\xf4\x8e(\xd8\x9a\xb9\xceU\xd1\x11\x10\xb4\
M\x9ar\xca\x9f+\xf2\xca\x8e\xd0\xf8\xd8\xb7j\xa4J\
\x9b\x9c\xa9\xf8S*z\xddz\x9a\x9a'\xcf\xd6F\x1d\
\x812\xa3\xd3\xbcE.c\xdei\xb5\xa0\xb5I\xde\xed\
\xad{xKS\xd2\xf4\xecb~\xb5N\xa2v\x00\x00\
\x00\x00\x01\xc7U<4\xb4\xd2\xd4\xd4J\xc8\xa1\x89\x8a\
\xf9\x1e\xf5\xd1\xadj&\xaa\xaa\xbd\x09\xa1W\xbbNf\
\x84\xf9\xa5\x99\xb5wHd\x7f\xa4\xd4J\xb4\xb6\xb8\x97\
TN\xf4\x8b\xc6M:\x1c\xf5\xf0\x97\xb3D\xe8$\xfe\
\xdfY\xaf\xe9\x06\x17\x8f.l\xd5;\xb7;\xc4i%\
\xc1\xcc^0\xd2j\xa9\xb9\xd8\xafT\xd3\xe0\xa3\xba\xd0\
\x81\xc0\x00\x00\x00\x00\x00\x00\x00\x00\x0bH\xd9?\xdc\xeb\
\x82\xfe!\xff\x00Q\xe5[\x96\x91\xb2\x7f\xb9\xd7\x05\xfc\
C\xfe\xa3\xc0\xda\x00\x00\x00\x008\xea\xbf\x92\xcb\xf0\x17\
\xea)\xde\xf7\xf7\xe6\xbb\xe3\x12}\xa5.\x22\xab\xf9,\
\xbf\x01~\xa2\x9d\xef\x7f~k\xbe1'\xdaP:`\
\x00\x00\x00\x04\x8e\xeey{|\xd4y\x12\xa3\xceDG\
\x12Gw<\xbd\xbej<\x89Q\xe7\x22\x02\xc2\x80\x00\
\x00\x00\x085\xdd'\xf6o\x85|\x9b'\x9dRr\x90\
k\xbaO\xec\xdf\x0a\xf96O:\xa0D\xc0\x00\x03e\
l\xbd\xee\x81\xc1~T\x8b\xeb5\xa9\xb2\xb6^\xf7@\
\xe0\xbf*E\xf5\x81i\xc0\x00\x00\x00\x00\x00!\x97t\
\xcb\xd7\xe0\x1f\x15\xc3\xfe\xd8\x86\x84\xcb\xee\x99z\xfc\x03\
\xe2\xb8\x7f\xdb\x10\xd0\x00\x00\x0b\x1d\xd8+\xdc\xebn\xf8\
\xfdW\x9c7\xd9\xa16\x0a\xf7:\xdb\xbe?U\xe7\x0d\
\xf6\x00\xac\xbd\xaf\xb2\xd7\xf7\xb9\xcd\xda\xc6\xd1S\xf7\xbb\
%\xe3Z\xeb~\xebtk\x11\xcb\xf7H\x93\xa3\xc0v\
\xba'\xbdVu\x96hj-\xac\xb2\xcd3/)k\
ih\xa9\x92[\xe5\xafZ\xdbZ\xa2xN{S\xc3\
\x89>\x1buM=\xf21z\x00\xac@}TT]\
\x154T>\x01\xb0\xf6x\xcc*\x8c\xb5\xcd;^!\
I\x1f\xe8\x17?\xd0\xf7\x08\xd1x>\x07\xae\x8e\xec\xd5\
895\xea-B\x8e\xa6\x0a\xcaHj\xe9el\xb0\
O\x1bd\x8aF\xae\xa8\xe6\xb95EN\xc5E)\xb0\
\xb0\x8d\x83\xf3-1^];\x08\xdcj7\xee\xb6\x04\
FG\xbc\xba\xbaJe\xf5\x8b\xdb\xba\xbe\x0f\xcc\x04\x90\
\x00\x004\xae\xdc\x1e\xe6lQ\xf0\xe8\xff\x00\xc5\xc2n\
\xa3J\xed\xc1\xeef\xc5\x1f\x0e\x8f\xfc\x5c V\x88\x00\
\x01.;\x9a\xbe\xcb1\x87\xc4i\xfc\xe3\x88\x8eK\x8e\
\xe6\xaf\xb2\xcca\xf1\x1a\x7f8\xe0'\x00\x00\x08\xed\xdd\
\x08\xf6\x83\x8f\xcb4\xff\x00bR\xbc\x0b\x0f\xee\x84{\
A\xc7\xe5\x9a\x7f\xb1)^\x00\x00\x00M\x9e\xe6\x9f\xde\
Lg\xf1\x9ao\xb2\xf2_\x91\x03\xb9\xa7\xf7\x93\x19\xfc\
f\x9b\xec\xbc\x97\xe0\x000\x9c\xd4\xcdL\x13\x96\xb6\xc5\
\xac\xc5\x17\x88\xa0\x99\xc8\xab\x0d\x1ck\xbfQ2\xfek\
\x13\x8fW\x15\xd1\x13^*\x06li\x5c\xee\xdaG\x01\
\xe5\xb2Mo\x86\xa1\xb7\xfb\xf35o\xa0(\xe4EH\
\x9c\x9f\xfc\xb2qFq\xe8\xe2\xee\xc2*g~\xd4\xf8\
\xdb\x1c:\xa2\xd7\x86\xdf&\x19\xb19\xda5)\xe4T\
\xab\x99\xbf\x9f\x22/\x82\x8b\xef[\xa7R\xaa\x91\xf5U\
UUUUUy\xaa\x81\xb1\xf3\x8f:\xb1\xdeiU\
*_\xee]\xe2\xd8\xd7\xefCl\xa5\xd5\x94\xec\xeaU\
No^\xd7*\xf6hkp\x00\x00\x00\x03\xf7\x0cr\
M+b\x867I#\xd7F\xb5\xa9\xaa\xaa\xf5\x22\x1b\
\xa2\xd3\xb3\x867L\xb4\xbdc\xccL\xcfH(m\xf4\
RT\xc3KP\xc5\xf4MB\xb58x\x1f\x80\xd5\xeb\
w\x1e\xa4P4\xa0\x00\x01$;\x9e~\xdd\xf5>J\
\x97\xebi\x1b\xc9!\xdc\xf3\xf6\xef\xa9\xf2T\xbf[@\
\xb0\x80\x00\x00\x00\x00\x00\x15\xdf\xdd\x06\xf6\xfeo\x91\xe9\
\xfe\xd4\x84w$Gt\x1b\xdb\xf9\xbeG\xa7\xfbR\x11\
\xdc\x00\x00\x00\x00\x00\x00\x00\x00\x00\x00\x00\x00\x00\x00\x00\
\x00\x00\x00\x01\xdf\xc3\x9e\xc8m\xbf\x1b\x8b\xed\xa1\xd0;\
\xf8s\xd9\x0d\xb7\xe3q}\xb4\x02\xe2S\x92\x00\x9c\x90\
\x00\x00\x00\x00\x00!Wt\xbb\xef\xa6\x08\xfd\x05g\xda\
\x88\x9a\xa4*\xee\x97}\xf4\xc1\x1f\xa0\xac\xfbQ\x01\x0f\
\x00\x00\x00\x00\x00\x00\x00\x00\x00\x00\x00\x00\x00\x00\x00\x00\
\x0c\xfbgOo\x9c\x0d\xe5\xda_:\xd3\x013\xed\x9d\
=\xbep7\x97i|\xeb@\xb5\xa0\x00\x00\x00\x00\x00\
\x02\xa3\xf3w\xdbc\x17\xf9v\xb7\xcf\xbc\xb7\x02\xa3\xf3\
w\xdbc\x17\xf9v\xb7\xcf\xbc\x0c\x5c\x00\x00\x00\x00\x00\
\x00\x00\x00\x00\x00\x9f{\x12gzb\xfb\x1cx\x07\x13\
U\xaa\xdf\xed\xb0\xff\x00\x03\x9eWj\xb5\xb4\xed\xe1\xa6\
\xbd214E\xd7\x8a\xa6\x8b\xc7\x8e\x90\x10\xefXn\
\xd7+\x0d\xea\x92\xf3g\xac\x96\x8e\xe1G+f\xa7\x9e\
5\xd1\xccz/\x05\xed\xf1/\x05N\x0a\x05\xc5\x03X\
l\xdf\x9bV\xdc\xd9\xc0\x91\xdc\x98\xe8\xe0\xbdQ\xa3a\
\xba\xd27\x87{\x97O^\xd4\xf7\x8e\xd1U\x17\xc6\x9c\
\xd1M\x9e\x00\x00\x00\x00\x00\x00\x00\xf8\xff\x00X\xef\x11\
\xf4\xf8\xff\x00X\xef\x10\x15\x09\x98\x1e\xcfq\x0f\x95*\
|\xeb\x8f\x0c\xf73\x03\xd9\xee!\xf2\xa5O\x9dq\xe1\
\x80\x00\x00\x00\x00\x00\x00&\xae\xc2\x99%\xe8h\xa2\xcd\
\x0cSD\x9d\xf9\xe9\xff\x00\xe1)\xe5N,o%\x9d\
S\xady7\xe5^\xa3N\xec\x8b\x93\x12\xe6~2\xf4\
\xca\xef\x0b\xdb\x86-Ok\xea\xdc\xba\xa2T\xc9\xcd\xb0\
5{y\xb9z\x13\xb5P\xb2\x1aha\xa6\xa7\x8e\x9e\
\x9e&C\x0cLFG\x1b\x1b\xa3X\xd4M\x11\x11\x13\
\x92\x22\x01\xc8\x00\x00\x00\x00\x00\x00\x00\x00\x00\x00\x00\x00\
\x00\x00\x00\x00\x00\x00\x01\xaa\xf6\x9d\xcdJ|\xab\xcbj\
\x8b\x94/c\xafu\xda\xd3Z\xa1^*\xb2\xaaq\x91\
S\xde\xb18\xafn\x89\xd2\x04?\xdb\xbb0\x22\xc5\xf9\
\xbb\xe9\x0d\x04\xfd\xf2\xdd\x86\xe3u&\xa8\xba\xb5\xd5*\
\xba\xcc\xa9\xe2Tk<lR=\x9f\xba\x89\xa5\xa8\x9e\
I\xe7\x91\xd2K#\x95\xef{\x97Us\x95uUU\
\xe9S\xf0\x00\x00\x00\x00\x00\x00\x00\xc92\xcf\x07\xdd1\
\xee8\xb5\xe1K<j\xea\x9a\xe9\x91\x8a\xed8F\xc4\
\xe2\xf7\xafcZ\x8a\xab\xe21\xb2~l\x1b\x95\x09\x85\
\xf0k\xb1\xe5\xe6\x97v\xef{\x8d\x12\x91\xafN0\xd2\
sE\xecW\xaf\x1f\x127\xad@\x908\x13\x0cZ\xf0\
f\x10\xb6a\x8b4)\x15\x15\xbe\x06\xc4\xcd\x13Ez\
\xa7\xaez\xfes\x97U^\xd5=\xb0\x00\x00\x00\x18\xfe\
cb\xdbV\x05\xc17LWy~\xed\x1d\xbe\x05\x91\
Z\x8b\xa3\xa4w&\xc6\xdf\xces\x95\x1a\x9e3  \
6\xde\xb9\xae\x98\x9f\x17\xc7\x97\xf6j\x9d\xebM\x8eU\
uk\x98\xbe\x0c\xf5zh\xa9\xda\x91\xa2\xab~\x12\xbb\
\xa9\x00\x8f\xb8\xfb\x14\xddq\xb61\xb9\xe2\x9b\xdc\xbd\xf2\
\xba\xe1:\xca\xfd=k\x13\x93X\xdf\xcdkQ\x1a\x9d\
\x88x@\x00\x00\x00\x00\xdf{\x16\xe5R\xe6\x06c\xb2\
\xf5t\xa7\xdf\xb0\xd8^\xd9\xe7G'\x83<\xdc\xe3\x8f\
\xb55M\xe5\xecDN\x90:\xf6}\x953\x86\xe9i\
\xa4\xb9Ch\xa0\x86:\xa8[3\x195k\x19#Q\
\xc9\xaa#\x9b\xd0\xbcy\x1d\xbfR.r\xff\x006\xda\
\xbf\xde,,i\x11\x11\x11\x114D\x00W/\xa9\x17\
9\x7f\x9bm_\xef\x16\x0fR.r\xff\x006\xda\xbf\
\xde,,h\x01\x5c\xbe\xa4\x5c\xe5\xfem\xb5\x7f\xbcX\
N,\x85\xc3wL\x1f\x93\xf8o\x0d^\xa3\x8e;\x8d\
\xbe\x93\xbdN\xd8\xde\x8fj;y\xcb\xc1S\x82\xf3C\
8\x00\x00\x00\x00\x00q\xd5\x7f%\x97\xe0/\xd4S\xbd\
\xef\xef\xcdw\xc6$\xfbJ\x5cEW\xf2Y~\x02\xfd\
E;\xde\xfe\xfc\xd7|bO\xb4\xa0t\xc0\x00\x00\x00\
\x09\x1d\xdc\xf2\xf6\xf9\xa8\xf2%G\x9c\x88\x8e$\x8e\xee\
y{|\xd4y\x12\xa3\xceD\x05\x85\x00\x00\x00\x00\x10\
k\xbaO\xec\xdf\x0a\xf96O:\xa4\xe5 \xd7t\x9f\
\xd9\xbe\x15\xf2l\x9eu@\x89\x80\x00\x06\xca\xd9{\xdd\
\x03\x82\xfc\xa9\x17\xd6kSel\xbd\xee\x81\xc1~T\
\x8b\xeb\x02\xd3\x80\x00\x00\x00\x00\x00C.\xe9\x97\xaf\xc0\
>+\x87\xfd\xb1\x0d\x09\x97\xdd2\xf5\xf8\x07\xc5p\xff\
\x00\xb6!\xa0\x00\x00\x16;\xb0W\xb9\xd6\xdd\xf1\xfa\xaf\
8o\xb3Bl\x15\xeeu\xb7|~\xab\xce\x1b\xec\x00\
\x00\x0a\xdf\xdb_,\x97\x01f\xa4\xb7{|\x09\x1d\x93\
\x10\xb9\xf5t\xc8\xd4\xd1\xb1M\xaaw\xe8\xfb<'#\
\x91:\x9f\xa2r49i[Me\xbb3;*.\
6HX\xcfMi\xbf\x85\xdb\x1e\xbc4\x9d\x88\xba7\
^\xa7\x22\xb9\xab\xf0\xb5\xe8*\xe6\xa2\x19i\xea$\xa7\
\xa8\x8d\xf1M\x13\xd5\x921\xe9\xa3\x9a\xe4]\x15\x15:\
\x15\x14\x0e3=\xc8L\x7fU\x96\xf9\x9fj\xc4\x91=\
\xfe\x85l\x89\x15th\xbc$\x81\xdc\x1e\x8b\xe2\xe6\x9e\
#\x02\x00\x5c\x8d\xbe\xae\x9e\xbe\x82\x9e\xba\x8eV\xcdO\
Q\x1be\x8aF\xf2s\x5c\x9a\xa2\xfc\xcas\x91\x97`\
l\xcaLI\x80e\xc17*\x8d\xeb\x95\x8bOC\xef\
;\xc2\x92\x95\xcb\xe0\xe9\xf0W\x87\x8bBM\x004\xae\
\xdc\x1e\xe6lQ\xf0\xe8\xff\x00\xc5\xc2n\xa3J\xed\xc1\
\xeef\xc5\x1f\x0e\x8f\xfc\x5c V\x88\x00\x01.;\x9a\
\xbe\xcb1\x87\xc4i\xfc\xe3\x88\x8eK\x8e\xe6\xaf\xb2\xcc\
a\xf1\x1a\x7f8\xe0'\x00\x00\x08\xed\xdd\x08\xf6\x83\x8f\
\xcb4\xff\x00bR\xbc\x0b\x0f\xee\x84{A\xc7\xe5\x9a\
\x7f\xb1)^\x00\x00\x00M\x9e\xe6\x9f\xdeLg\xf1\x9a\
o\xb2\xf2U\xe2\x9cEc\xc2\xf6y\xee\xf8\x82\xe7K\
n\xa1\x81\xaa\xe7\xcb<\x88\xd4\xf1'Z\xf6!\x5c\xfb\
<\xe7\x9f\xef?\x84\xf1%5\x0d\x9f\xd3\x0b\xb5\xd2h\
\x9dL\xe9\x1f\xbb\x0cH\xd6\xb9\x15]\xa7\x15_\x094\
D5\xeec\xe6\x16/\xcc+\xb2\xdc\xb1]\xe6z\xe7\
\xa2\xaa\xc5\x12\xae\xecP\xa7S\x18\x9c\x13\xeb\x02Lg\
\x8e\xd8u\x15\x09Qf\xcb\x0ae\x82%M\xd5\xbcT\
\xb3\xc3^\xb5\x8a5\xe5\xe3w\xccD\xab\xdd\xda\xe7{\
\xb9\xcds\xbcW\xd4\xd7\xd6\xce\xed\xe9'\xa8\x91^\xf7\
/\x8dN\x90\x00\x00\x00\x01\x94\xe5\xce_b\xec\xc1\xbc\
6\xd7\x85l\xf3\xd7K\xaf\x87.\x9b\xb1D\x9doz\
\xf0h\x18\xb1\xb5\xf2c \xf1\xeef\xcf\x1dE\x05\x02\
\xdbl\xca\xbe\x1d\xca\xb1\xaa\xc8\xf4\xe9\xdcNo_\x11\
*2Cd\xac-\x85\xbb\xc5\xdf\x1cI\x1e\x22\xba\xa2\
#\x92\x95[\xa5,\x0e\xe7\xcb\x9b\xd58q^\x1c9\
\x12Z\x9e\x18\xa9\xe0d\x10D\xc8\xa2\x8d\xa8\xd61\x8d\
F\xb5\xa8\x9c\x91\x119 \x1a\x9f%6\x7f\xc0yc\
\x0cu4\xd4iw\xbdh\x8a\xfb\x95k\x1a\xe7\xb5\xc9\
\xff\x00\xc6\xdeQ\xfc\x9c{Oci_hLi\xe4\
\xa9~\xa3a\x9a\xf3i_hLi\xe4\xa9~\xa0*\
\xa8\x00\x00\x92\x1d\xcf?n\xfa\x9f%K\xf5\xb4\x8d\xe4\
\x90\xeey\xfbw\xd4\xf9*_\xad\xa0X@\x00\x00\x00\
\x00\x00\x0a\xef\xee\x83{\x7f7\xc8\xf4\xff\x00jB;\
\x92#\xba\x0d\xed\xfc\xdf#\xd3\xfd\xa9\x08\xee\x00\x00\x00\
\x00\x00\x00\x00\x00\x00\x00\x00\x00\x00\x00\x00\x00\x00\x00\x00\
\xef\xe1\xcfd6\xdf\x8d\xc5\xf6\xd0\xe8\x1d\xfc9\xec\x86\
\xdb\xf1\xb8\xbe\xda\x01q)\xc9\x00NH\x00\x00\x00\x00\
\x00\x10\xab\xba]\xf7\xd3\x04~\x82\xb3\xedDMR\x15\
wK\xbe\xfa`\x8f\xd0V}\xa8\x80\x87\x80\x00\x00\x00\
\x00\x00\x00\x00\x00\x00\x00\x00\x00\x00\x00\x00\x06}\xb3\xa7\
\xb7\xce\x06\xf2\xed/\x9di\x80\x99\xf6\xce\x9e\xdf8\x1b\
\xcb\xb4\xbeu\xa0Z\xd0\x00\x00\x00\x00\x00\x01Q\xf9\xbb\
\xed\xb1\x8b\xfc\xbb[\xe7\xde[\x81Q\xf9\xbb\xed\xb1\x8b\
\xfc\xbb[\xe7\xde\x06.\x00\x00\x00\x00\x00\x00\x00\x00\x00\
\x00\x00\x036\xc9\x5c\xc8\xbd\xe5v9\xa5\xc4\x96w\xac\
\x91\xa2\xa4u\xb4\x8a\xed\x19U\x0a\xaf\x84\xc5\xea^\x94\
^\x85D\xedE\xb4|\x09\x8a\xac\xb8\xd7\x0aPbl\
?T\xda\x9b}t{\xf1\xb99\xb5y9\x8eN\x87\
\x22\xea\x8a\x9dhT\x11\xbe6A\xce\xc9\xb2\xcb\x16%\
\x92\xf5:\xae\x15\xbbJ\x89R\x8e^\x14\x92\xae\x88\x93\
\xa7g$rt\xa7\x1e\x80,\x80\x1f\x88%\x8ax#\
\x9e\x09\x19,R5\x1e\xc7\xb1uk\x9a\xa9\xaa**\
sEC\xf6\x00\x00\x00\x00\x00\xf8\xff\x00X\xef\x11\xf4\
\xf8\xff\x00X\xef\x10\x15\x09\x98\x1e\xcfq\x0f\x95*|\
\xeb\x8f\x0c\xf73\x03\xd9\xee!\xf2\xa5O\x9dq\xe1\x80\
\x00\x00\x00\x002\xec\xa3\xc0W\x9c\xc9\xc748^\xcc\
\xc5G\xce\xed\xe9\xe7T\xd5\x94\xf1\x22\xf8R;\xb1\x13\
\xe7]\x10\xc6m\xb4Uw+\x85=\xbe\x82\x9eJ\x9a\
\xba\x99\x1b\x140\xc6\xdd\x5c\xf7\xb9tDD\xebU,\
\xc7e\xac\x9e\xa5\xca\x8c\x0c\xd6U\xb2)q\x1d\xc9\xad\
\x96\xe5:&\xbb\x8b\xa6\xa9\x0bW\xde\xb7_\x95u^\
\xa03\xdc\xb7\xc1\xd6l\x05\x83-\xf8Z\xc5\x02GG\
G\x1e\xee\xf2\xa7\x85+\xd7\xd7H\xe5\xe9s\x97\x8f\xea\
\xe4\x88d@\x00\x00\x00\x00\x00\x00\x00\x00\x00\x00\x00\x00\
\x00\x00\x00\x00\x00\x00\xc5\xb37\x1fa\x8c\xbb\xc3S_\
q=\xc6:hX\x8a\x91D\x8b\xac\xb3\xbf\xa1\x8co\
5_\xa8\x0e\xf6:\xc5V\x5c\x15\x85\xabq& \xac\
e-\x05\x1c{\xcfr\xaf\x17/C\x1a\x9d.U\xe0\
\x88V\x0e|\xe6}\xdb5\xb1\xe5F!\xb8oCF\
\xcda\xb7\xd2k\xaaS\xc2\x8b\xc1;\x5c\xbc\xdc\xbd+\
\xd8\x88z\xbbCgV \xcd\xcb\xfbd\xaa\xde\xa1\xb1\
\xd2\xb9}\x03nc\xf5k?=\xfe\xf9\xeb\xd7\xd1\xc9\
;uX\x00\x00\x00\x00\x00\x00\x00\x0ej*j\x8a\xda\
\xc8h\xe9!|\xf5\x13\xc8\xd8\xa2\x89\x89\xab\x9e\xf7.\
\x88\xd4N\x95UT@6\xb6\xca\xb9Y&h\xe6u\
=%\x5cN\xf4\x8a\xdb\xa5U\xcd\xfc\x91\xccE\xf0b\
E\xebz\xf0\xf1#\x97\xa0\xb3\xa8\xa3\x8e(\x99\x14L\
lq\xb1\xa8\xd61\xa9\xa25\x13\x92\x22t!\xac\xb6\
g\xcb\x1a|\xad\xcb\x1a;<\x91\xb1o\x15ZU]\
&o\xe1L\xe4\xf5\x9a\xf514jx\x95zM\x9e\
\x00\x00\x00\x03\x8e\xaa\xa2\x0aJYj\xaaed0B\
\xc5\x92I\x1e\xba5\x8dD\xd5UW\xa9\x10\x0dU\xb5\
6iE\x95\xd9cU[K;\x1b}\xb8#\xa9m\
q\xf0\xd5$T\xf0\xa5\xd3\xa9\x88\xba\xf8\xf7S\xa4\xac\
J\x89\xa5\xa8\x9eI\xe7\x91\xd2K#\x95\xef{\x97U\
s\x95uUU\xeb6~\xd3\xb9\x9f>h\xe6u]\
\xd2'\xbd,\xf4Z\xd2\xdb\x22U\xe0\x91\x22\xfa\xf5N\
\xb7/\x84\xbf\x22t\x1a\xb0\x00\x00\x00\x00\x0e\xf6\x1f\xb4\
\xd7\xdf\xaftvk];\xea+kfl0D\xd4\
\xd5\x5c\xe7.\x88Z\x96F\xe5\xf5\x06Ze\xc5\xb7\x0c\
R#\x1d<l\xef\x95\xb35?\x8e\x9d\xc9\xe1\xbb\xe7\
\xe0\x9d\x88\x84h\xee\x7feB=\xf3f}\xea\x99t\
b\xba\x0bC^\xde\x9eO\x99>\xca|\xa4\xcf\x00\x00\
\x00\x00\x00\x00\x00\x00\x00\x00\x03\x8e\xab\xf9,\xbf\x01~\
\xa2\x9d\xef\x7f~k\xbe1'\xdaR\xe2*\xbf\x92\xcb\
\xf0\x17\xea)\xde\xf7\xf7\xe6\xbb\xe3\x12}\xa5\x03\xa6\x00\
\x00\x00\x00H\xee\xe7\x97\xb7\xcdG\x91*<\xe4Dq\
$ws\xcb\xdb\xe6\xa3\xc8\x95\x1er ,(\x00\x00\
\x00\x00\x83]\xd2\x7ff\xf8W\xc9\xb2y\xd5')\x06\
\xbb\xa4\xfe\xcd\xf0\xaf\x93d\xf3\xaa\x04L\x00\x006F\
\xccOl{@`\xa5r\xe8\x8bv\x85\xa9\xe3U\xd1\
\x0dnf9#pe\xab8p\x85\xc6OYOy\
\xa6\x91\xde$\x91\xba\x81l\xe0\x00\x00\x00\x00\x00!\x97\
t\xcb\xd7\xe0\x1f\x15\xc3\xfe\xd8\x86\x84\xcb\xee\x99z\xfc\
\x03\xe2\xb8\x7f\xdb\x10\xd0\x00\x00\x0b\x1d\xd8+\xdc\xebn\
\xf8\xfdW\x9c7\xd9\xa16\x0a\xf7:\xdb\xbe?U\xe7\
\x0d\xf6\x00\x00\x00\xaf=\xbb\xb2\xd3\xf7#\x99I\x8a\xed\
\xb4\xfb\x96\x9cD\xae\x95\xfb\xa9\xe0\xc7T\x9f\xc6'f\
\xf7\x07\xf6\xae\xf7Qa\x86\x03\x9f\xd9\x7fK\x99Ya\
u\xc3r\xb1\x9e\x8btk5\x04\xaeO\xe2\xaa\x1a\x9a\
\xb1|J\xbc\x17\xb1T\x0a\xa5\x07=}-E\x05t\
\xf45\x90\xba\x1a\x9ay]\x14\xd1\xb98\xb1\xed]\x1c\
\xd5\xedEEC\x80\x0c\xd7$\xb1\xddf\x5cfU\xa7\
\x14\xd2\xb9\xcb\x14\x12\xf7\xba\xb8\xdb\xfe\x96\x9d\xdc$o\
\xcd\xc5;Q\x0bY\xb4\x5c).\xd6\xaa[\xa5\x04\xcc\
\x9e\x92\xae\x16\xcd\x0c\x8d]Q\xecrj\x8a\x9f\x22\x94\
\xe2O>\xe7\xe6d\xfa{\x82\xea\xb0\x05\xca\xa3z\xbe\
\xc9\xf7Z=\xe7q}+\x97\x92u\xee9t\xecG\
5\x00\x94\xa6\x95\xdb\x83\xdc\xcd\x8a>\x1d\x1f\xf8\xb8M\
\xd4i]\xb8=\xcc\xd8\xa3\xe1\xd1\xff\x00\x8b\x84\x0a\xd1\
\x00\x00%\xc7sW\xd9f0\xf8\x8d?\x9cq\x11\xc9\
q\xdc\xd5\xf6Y\x8c>#O\xe7\x1c\x04\xe0\x00\x01\x1d\
\xbb\xa1\x1e\xd0q\xf9f\x9f\xecJW\x81a\xfd\xd0\x8f\
h8\xfc\xb3O\xf6%+\xc0\x00\x00\x00\x00\x00\x07\xd4\
Er\xa2\x22*\xaa\xf0D@>\x1d\xdb%\xaa\xe5{\
\xbaAk\xb4P\xd4WV\xd4;v( \x8d^\xf7\
/b!\xbd2Ge\xacm\x8e\x96\x0b\xa6 d\x98\
j\xc6\xf5Go\xd4G\xfc&f\xfedk\xcb\xa7\x8b\
\xb4\xf1)82\xab*\xb0NZ[}\x0b\x85\xec\xf1\
\xc33\xbf\x8d\xab\x97\xee\x93\xca\xbd\xaf^:q^\x09\
\xc0\x08\xbb\x91\xdb\x1e\xd5\xd5\xa5=\xe73\xaa]I\x12\
\xf8Ih\xa7w\xdd\x17\xb2G\xa7\x04\xf17\x8fi1\
0\xae\x1b\xb1a[<V\x8c;j\xa5\xb6\xd0\xc4\x9a\
6(#F\xa7\x8dzU{T\xf5@\x00\x00\x03^\
m+\xed\x09\x8d<\x95/\xd4l3X\xedIs\xb7\
[\xf2'\x16E]_MK%U\xbaH\xa9\xd9,\
\xa8\xd7J\xf5D\xf0Z\x8b\xeb\x97\xb1\x00\xabP\x00\x02\
Hw<\xfd\xbb\xea|\x95/\xd6\xd27\x92C\xb9\xe7\
\xed\xdfS\xe4\xa9~\xb6\x81a\x00\x00\x00\x00\x00\x00+\
\xbb\xba\x08\xe4v\x7fh\x9f\x83h\xa7E\xfe\xd4\x84x\
7n\xdc\x17\x04\xae\xda6\xfd\x12**Q\xc5OO\
\xaa~\x89\xaf\xff\x00\xf74\x90\x00\x00\x00\x00\x00\x00\x00\
\x00\x00\x00\x00\x00\x00\x00\x00\x00\x00\x00\x03\xbf\x87=\x90\
\xdb~7\x17\xdbC\xa0w\xf0\xe7\xb2\x1bo\xc6\xe2\xfb\
h\x05\xc4\xa7$\x019 \x00\x00\x00\x00\x00B\xae\xe9\
w\xdfL\x11\xfa\x0a\xcf\xb5\x115HU\xdd.\xfb\xe9\
\x82?AY\xf6\xa2\x02\x1e\x00\x00\x00\x00\x00\x00\x00\x00\
\x00\x00\x00\x00\x00\x00\x00\x00\x19\xf6\xce\x9e\xdf8\x1b\xcb\
\xb4\xbeu\xa6\x02g\xdb:{|\xe0o.\xd2\xf9\xd6\
\x81k@\x00\x00\x00\x00\x00\x05G\xe6\xef\xb6\xc6/\xf2\
\xedo\x9fyn\x05G\xe6\xef\xb6\xc6/\xf2\xedo\x9f\
x\x18\xb8\x00\x00\x00\x00\x00\x00\x00\x00\x00\x00\x00\x00\x00\
\x09\xa1\xb0\xb6xo\xb6\x9f+qMW\x86\x9c,\x95\
2;\x9aqU\xa7r\xaf\xfc?\xd9\xea&AMt\
\xb3\xcdKS\x15M4\xaf\x8ah\x9e\x8f\x8eF.\x8e\
k\x91uEE\xe8R\xc96J\xce\x883G\x07\xa5\
\xba\xeb+Y\x8a-q\xb5\x95\x8cU\xfeR\xceI;\
S\xb7\x93\x93\xa1|`o\x00\x00\x00\x00\x03\xe3\xfdc\
\xbcG\xd3\xe3\xfdc\xbc@T&`{=\xc4>T\
\xa9\xf3\xae<3\xdc\xcc\x0fg\xb8\x87\xca\x95>u\xc7\
\x86\x00\x00\x00\x03~ly\x92\xaf\xcc\x9cZ\x97\xdb\xed\
3\x93\x0bZ\xa4GK\xbc\x9c*\xe6M\x15!N\xb6\
\xf4\xbb\xb3D\xe9\x03p\xec+\x92+m\xa5\x8b3\xf1\
M\x12\xb6\xbaf\xaf\xa4\xd4\xf2\xb7\x8cQ\xaah\xb3\xaa\
/\xe19\x15Q\xbdI\xc7\xa5\x09v~cc\x22\x8d\
\xb1\xc6\xc6\xb1\x8cDkZ\xd4\xd1\x11\x13\x92!\xfa\x00\
\x00\x00\x00\x00\x00\x00\x00\x00\x00\x00\x00\x00\x00\x00\x0e\xb5\
\xca\xe3o\xb6\xd3\xfa\x22\xe3]KE\x0a\x7f\xa4\xa8\x95\
\xb1\xb7\xe7r\xa2\x1a\xcf\x18\xed\x0d\x94X]%e^\
/\xa4\xad\xa8\x8f\xfd\x05\xbd\x16\xa1\xce\xf1+|\x1f\xf8\
\x80\xda\xa7\x15mU5\x15,\x95U\x95\x10\xd3S\xc4\
\xdd\xe9%\x95\xe8\xc61:\xd5W\x82!\x0d\xf3\x07m\
w9\x92\xd3`l+\xb8\xbcZ\xca\xcb\x94\x9a\xae\x9a\
prF\xdeK\xe3UB5f6j\xe3\xec\xc0\xa8\
Y1F#\xab\xaa\x8bU\xdd\xa6c\xbb\xdc\x0d\xd7\xa9\
\x8d\xd1\x00\x999\xd9\xb5\xb6\x14\xc31\xcdk\xc0\xcdf\
\x22\xbb&\xadZ\x8e)K\x0a\xf5\xeb\xcd\xea\x9dI\xc3\
\xb4\x84\x99\x85\x8e1F>\xbfIz\xc57Y\xab\xea\
\x9d\xae\xe29t\x8e&\xfb\xd67\x93S\xc4c`\x00\
\x00\x00\x00\x00\x00\x00\x00\x01+6\x04\xca\x84\xbeb9\
s\x22\xf5L\xabo\xb5I\xde\xed\x8d{xKS\xd3\
'\x89\x89\xa6\x9f\x9c\xbf\x9aE4\xe7\xc4\x95x\x17k\
\xaa\x5c\x1d\x84m\x98f\xcd\x97\x94\xf1Q[\xe9\xdb\x0c\
i\xe8\xd5\xd5\xda'\x17;\xc1\xe2\xe7.\xaa\xab\xd6\xaa\
\x04\xed\x04-\xf5pU~AC\xf4\xe5\xfd\x91\xea\xe0\
\xaa\xfc\x82\x87\xe9\xcb\xfb M B\xdfW\x05W\xe4\
\x14?N_\xd9\x1e\xae\x0a\xaf\xc8(~\x9c\xbf\xb2\x04\
\xd2\x22\xce\xdf\x19\xae\x96\x0c.\xcc\xbb\xb3T+nW\
f$\x95\xeec\xb8\xc5M\xaf\x06\xf8\xde\xa9\xf3'i\
\x89.\xdc\x15zp\xc0Pk\xf1\xd5\xfd\x92,f\x06\
*\xba\xe3lar\xc4\xf7\xa9\xbb\xe5m|\xcb#\xb4\
\xe4\xc4\xfc\x167\xa9\x114D\xf1\x01\xe0\x80\x00\x00\x00\
\x19\x9eK`+\x86d\xe6%\xb7\x0bP\xa3\x9a\xc9\xe4\
\xdf\xaa\x99\x13T\x86\x16\xf1{\x97\xe4\xe5\xda\xa8a\x86\
\xe8\xd9\xcf;hr~\x96\xe3$8B\x1b\xad\xce\xbd\
\xc8\x8f\xac}B\xb1\xcc\x8991\x13E\xe1\xaf\x15\xf9\
\x00\xb2\x1c9g\xa0\xc3\xf6\x1a\x1b%\xae\x06\xc1EE\
\x03a\x85\x8dM\x11\x1a\xd4\xd0\xef\x90\xb7\xd5\xc1U\xf9\
\x05\x0f\xd3\x97\xf6G\xab\x82\xab\xf2\x0a\x1f\xa7/\xec\x81\
4\x81\x0b}\x5c\x15_\x90P\xfd9\x7fdz\xb8*\
\xbf \xa1\xfar\xfe\xc8\x13H\x10\xb7\xd5\xc1U\xf9\x05\
\x0f\xd3\x97\xf6G\xab\x82\xab\xf2\x0a\x1f\xa7/\xec\x814\
\x81\x0b}\x5c\x15_\x90P\xfd9\x7fdz\xb8*\xbf\
 \xa1\xfar\xfe\xc8\x13H\x10\xb7\xd5\xc1U\xf9\x05\x0f\
\xd3\x97\xf6G\xab\x82\xab\xf2\x0a\x1f\xa7/\xec\x814\x81\
\x0b}\x5c\x15_\x90P\xfd9\x7fdz\xb8*\xbf \
\xa1\xfar\xfe\xc8\x13:\xab\xf9,\xbf\x01~\xa2\x9d\xef\
\x7f~k\xbe1'\xdaR\x5cI\xb6\xf5S\xe3s\x17\
\x01\xc3\xe1\x22\xa7\xf2\xd5\xfd\x92 \xd7L\x955\xb3\xd4\
#wRY\x1c\xfd5\xe5\xaa\xeb\xa0\x1c \x00\x00\x00\
\x04\x8e\xeey{|\xd4y\x12\xa3\xceDG\x13ad\
\x1ef\xd4\xe5>7\x93\x13\xd2\xda\xe1\xb9H\xfa))\
;\xcc\xb2+\x11\x11\xceb\xefj\x9f\x07\xf5\x81j\xc0\
\x84^\xad\xeb\xdf\xe4=\xbb\xe9O\x1e\xad\xeb\xdf\xe4=\
\xbb\xe9O\x02n\x82\x11z\xb7\xaf\x7f\x90\xf6\xef\xa5<\
z\xb7\xaf\x7f\x90\xf6\xef\xa5<\x09\xbaA\xae\xe9?\xb3\
|+\xe4\xd9<\xea\x9d\x8fV\xf5\xef\xf2\x1e\xdd\xf4\xa7\
\x9a[h|\xe2\xac\xce\x0b\xcd\xae\xe5Yf\x82\xd6\xea\
\x0aw@\x8d\x8aEz=\x15\xdb\xda\xf1\x03V\x80\x00\
\x1c\xb4s:\x9a\xae\x1a\x86*\xa3\xa2\x91\xafM:\xd1\
u8\x80\x17\x05\x82\xef\x11\xe2\x0c!g\xbe\xc4\xadV\
\xdc(a\xa9\xf0WTE{\x11\xca\x9f\x22\xae\x87\xac\
hM\x851lx\x8f#)-o\x91\xabWb\x9d\
\xf4r7\x7fWw\xb5]\xf8\xdc\xbdZ\xef9\x13\xe0\
\x1b\xec\x00\x00\x00\x00\x08e\xdd2\xf5\xf8\x07\xc5p\xff\
\x00\xb6!\xa15{\xa5v\xeb\x84\xf4\x18*\xe5\x05\x15\
L\xb4T\xae\xadeEC#U\x8e\x17?\xbcn#\
\x9d\xc9\xaa\xed\xd7i\xaf=\x14\x85@\x00\x00X\xee\xc1\
^\xe7[w\xc7\xea\xbc\xe1\xbe\xcd\x09\xb0W\xb9\xd6\xdd\
\xf1\xfa\xaf8o\xb0\x00\x00\x00\x00 6\xdf\x99d\x98\
w\x1b\xc1\x8e\xedt\xdb\x96\xeb\xe2\xee\xd5\xee\xa7\x08\xea\
\x9a\x9c\xfb7\x9a\x9a\xf8\xd1z\xc8\xc0[>s\xe0z\
<\xc4\xcb{\xbe\x15\xabDGUB\xae\xa6\x91\x7f\xd1\
\xcc\xde,w\xc8\xba\x15K}\xb5\xd7Y/5\x96\x8b\
\x94\x0e\x82\xb2\x8egC<nM\x15\xaej\xe8\xa0t\
\x8c\xbb'\xb1\xbdv]\xe65\xa3\x16Q+\x97\xd0\x93\
\x22TD\x9f\xe9aw\x09\x19\xa7N\xadU\xd3\xa9Q\
\x17\xa0\xc4@\x17\x17a\xba\xd0\xdf,\x94W\x9bd\xed\
\x9e\x8a\xba\x06TA#y=\x8eDT_\x99ME\
\xb7\x07\xb9\x9b\x14|:?\xf1p\x9a\xeb\xb9\xeb\x99>\
\x9a\xe1\x8a\xdc\xb9\xb9O\xade\xa7Z\xab~\xf2\xf1}\
3\x9d\xe1\xb5>\x03\xd7\xe6z\x22r6.\xdc\x1e\xe6\
lQ\xf0\xe8\xff\x00\xc5\xc2\x05h\x80\x00\x12\xe3\xb9\xab\
\xec\xb3\x18|F\x9f\xce8\x88\xe4\xb8\xeej\xfb,\xc6\
\x1f\x11\xa7\xf3\x8e\x02p\x00\x00\x8e\xdd\xd0\x8fh8\xfc\
\xb3O\xf6%+\xc0\xb0\xfe\xe8G\xb4\x1c~Y\xa7\xfb\
\x12\x95\xe0\x00\x00\x00\x1e\xf6\x07\xc1\xf8\x97\x1b_#\xb2\
\xe1k=M\xce\xb6O\xc0\x89\xbe\x0b\x13\xdf=\xcb\xc1\
\xad\xedUD&vGl\x83c\xb2z\x1e\xf3\x98\xf3\
\xc7z\xb8&\x8fKl*\xbe\x84\x8dz\x9e\xbc\xe4^\
\xce\x0d\xecP\x22\xdeOd\xae<\xcd\x0a\xb4\xf4\x86\xd8\
\xb0[\x9a\xbfu\xb9U\xa2\xc7N\xde<Q\xae\xd3\xc3\
wcu\xed\xd0\x9c\xb9!\xb3v\x05\xcbd\x8a\xe1<\
\x09~\xbf5\x11V\xba\xb1\x88\xad\x89\xdaq\xefL\xe4\
\xce\x9e<W\xb4\xdc\x94\x14t\x94\x14qQ\xd0\xd3C\
KM\x0bQ\x91\xc3\x0b\x11\x8ccS\x92\x22'\x04C\
\x9c\x02pM\x10\x00\x00\x00\x00\xe3\xaa\xa8\x82\x96\x9aJ\
\x9a\xa9\xa3\x82\x08\x9a\xaf\x92I\x1c\x8dk\x1a\x9c\xd5U\
x\x22v\x9a\x83;\xb6\x89\xc0yd\xd9\xa8\x1fR\x97\
\xbb\xfb8%\xb6\x8d\xe9\xab\x17\xfaY4V\xc7\xe2\xe2\
\xee\xc2\x0cg.x\xe3\xcc\xd1\xa8|w\x9b\x8f\xa1-\
(\xf5t6\xcaO\x02\x16uot\xbd{\x5c\xab\xd9\
\xa0\x12\x9f;\xf6\xbb\xc3\xb8y'\xb4e\xf41\xdf\xae\
i\xabV\xbaMR\x92%\xeboL\x8b\xf3'j\x90\
\xbb01\xce*\xc7\x97\xa7]\xb1U\xe6\xa6\xe3R\xba\
\xee#\xdd\xa3\x22Oz\xc6\xa7\x06\xa7b!\x8d\x80\x00\
\x00\x04\x90\xeey\xfbw\xd4\xf9*_\xad\xa4o$\x87\
s\xd3\xdb\xbe\xa7\xc9R\xfdm\x02\xc2\x00\x00\x00\x00\x0f\
\x8fr5\xaa\xe5\xe4\x89\xaa\x9fM\x7f\xb4N+f\x0b\
\xc9\x8cM}\xef\xbd\xeev\xd1:\x0ae\xde\xd1{\xf4\
\x9fsf\x9e'9\x17\xc4\x8a\x05i\xe7\x15\xf9\xb8\x9f\
5q=\xf9\x8fG\xc5Ys\x9d\xf0\xb9\x17TX\xd1\
\xea\x8c\xff\x00\x85\x10\xc4\xc0\x00\x00\x00\x00\x00\x00\x00\x00\
\x00\x00\x00\x00\x00\x00\x00\x00\x00\x00\x00sQT>\x92\
\xb2\x1a\xa8\xf4\xdf\x86F\xc8\xddyj\x8b\xaa\x1c \x09\
\x15\xea\xc4\xcd\xaf{c\xfa\x1f\xfe\xc7\xab\x136\xbd\xed\
\x8f\xe8\x7f\xfb#\xa8\x02Ez\xb13k\xde\xd8\xfe\x87\
\xff\x00\xb1\xea\xc4\xcd\xaf{c\xfa\x1f\xfe\xc8\xea\x00\x91\
^\xacL\xda\xf7\xb6?\xa1\xff\x00\xecz\xb13k\xde\
\xd8\xfe\x87\xff\x00\xb2:\x80$W\xab\x136\xbd\xed\x8f\
\xe8\x7f\xfb5\xbesf\xf6+\xcdy\xad\x92\xe2\x84\xa1\
G[[#`\xf44=\xef\x83\xd5\xaa\xedx\xae\xbe\
\xb5\x0dz\x00\x00\x00\x00\x00\x00\x00\x00\x00\x00\x00\x00\x00\
\x00\x00\x00\x00\x1e\xae\x0f\xbfV\xe1lSk\xc4v\xd4\
\x89km\xb5Q\xd5@\x927y\xbb\xecr*j\x9d\
)\xaa\x1eP\x02Ez\xb13k\xde\xd8\xfe\x87\xff\x00\
\xb1\xea\xc4\xcd\xaf{c\xfa\x1f\xfe\xc8\xea\x00\x91^\xac\
L\xda\xf7\xb6?\xa1\xff\x00\xecz\xb13k\xde\xd8\xfe\
\x87\xff\x00\xb2:\x80$W\xab\x136\xbd\xed\x8f\xe8\x7f\
\xfb\x1e\xacL\xda\xf7\xb6?\xa1\xff\x00\xec\x8e\xa0\x09\x15\
\xea\xc4\xcd\xaf{c\xfa\x1f\xfe\xcd\x07\x7f\xb9\xd4\xde\xef\
\xd7\x0b\xcdn\xe7\xa2\xab\xea\xa4\xaa\x9bq4n\xfc\x8e\
W;D\xe8MUN\x88\x00\x00\x00\x00\x00\x00\x00\x00\
\x00\x00\x00\x00\x00\x00\x00{\xd8\x07\x17_p6*\xa3\
\xc4\xb8r\xb1\xd4\x97\x0aGj\xd7sk\xd1x+\x5c\
\x9d-T\xe0\xa8\xa7\x82\x00\x91^\xacL\xda\xf7\xb6?\
\xa1\xff\x00\xecz\xb13k\xde\xd8\xfe\x87\xff\x00\xb2:\
\x80$W\xab\x136\xbd\xed\x8f\xe8\x7f\xfb\x1e\xacL\xda\
\xf7\xb6?\xa1\xff\x00\xec\x8e\xa0\x09\x15\xea\xc4\xcd\xaf{\
c\xfa\x1f\xfe\xc2\xed\x89\x9bJ\x9an\xd8\xfe\x85\xff\x00\
\xb2:\x80;Wj\xe9\xaewZ\xbb\x95N\xef~\xab\
\x9d\xf3\xc9\xba\x9a&\xf3\xdc\xae]\x13\xabU:\xa0\x00\
\x00\x007\xc6\x04\xda\x8b\x1b\xe0\x9c)C\x86p\xfd\x8f\
\x0d\xd3[\xe8\xa3\xdc\x8d\xbe\x86z\xb9\xcb\xcd\x5c\xe5\xdf\
\xe2\xe5]UT\xd0\xe0\x09)\xea\xcd\xcd\x1f\xe6\xdc9\
\xf4g\xfe\xd8\xf5f\xe6\x8f\xf3n\x1c\xfa3\xff\x00l\
\x8d`\x09)\xea\xcd\xcd\x1f\xe6\xdc9\xf4g\xfe\xd8\xf5\
f\xe6\x8f\xf3n\x1c\xfa3\xff\x00l\x8d`\x09)\xea\
\xcd\xcd\x1f\xe6\xdc9\xf4g\xfe\xd8\xf5f\xe6\x8f\xf3n\
\x1c\xfa3\xff\x00l\x8d`\x09)\xea\xcd\xcd\x1f\xe6\xdc\
9\xf4g\xfe\xd8\xf5f\xe6\x8f\xf3n\x1c\xfa3\xff\x00\
l\x8d`\x09)\xea\xcd\xcd\x1f\xe6\xdc9\xf4g\xfe\xd8\
\xf5f\xe6\x8f\xf3n\x1c\xfa3\xff\x00l\x8d`\x09)\
\xea\xcd\xcd\x1f\xe6\xdc9\xf4g\xfe\xd8\xf5f\xe6\x8f\xf3\
n\x1c\xfa3\xff\x00l\x8d`\x09#6\xd9y\xa8\xf8\
\x9c\xc6P\xe1\xe8\xdc\xa9\xc1\xed\xa5z\xaa|\xef\xd0\xe8\
O\xb5\xeep\xc8\xd5H\xeb-\x11/[h\x1a\xbf^\
\xa4}\x00n\xda\xcd\xaa3\xb6\xa5\x8a\xcf\xddL0\xb5\
\x7f\xf8\xad\xd05~}\xcdLV\xf3\x9d\xf9\xb5vG\
\xb6\xaf\x1f\xdfw\x1e\x9a9\x91U:&\xaax\x9b\xa2\
\x1a\xf0\x01\xdd\xb8\xdd\xee\xb7)V[\x85\xca\xb2\xad\xee\
\xe6\xe9\xa6s\xd5~u:@\x00\x00\x00\x00\x00\x00\x00\
\x00\x00\x00\x00\x00\x00\x00\x00\x00\x00\x00\x00\x00\x00\x00\x00\
\x00\x00\x00\x00\x00\x00\x00\x00\x00\x00\x00\x00\x00\x00\x00\x00\
\x00\x00\x00\x00\x00\x00\x00\x00\x00\x00\x00\x00\x00\x00\x00\x00\
\x00\x01#\xb6\x05\xc7k\x86\xf3a\xf8b\xaate\x06\
!\x8b\xbd\x229tD\xa8f\xab\x1a\xf8\xd7\xc2o\xf5\
\x8b\x0a)\xc6\xd5_Wk\xb9\xd3\x5c\xa8f|5T\
\xb2\xb6hdj\xaa+\x5c\xd5\xd5\x17\x87\x88\xb5\x9c\x90\
\xc7t\x99\x8d\x96\x96\x9cQN\xe6\xf7\xe9\xe2H\xea\xe3\
O\xf4s\xb7\x83\xdb\xd9\xc7\x8av*\x01\x9a\x80\x00\x00\
\x00\xe2\xac\xa6\xa6\xad\xa4\x96\x92\xb2\x9e*\x8ay\x98\xac\
\x96)X\x8ec\xda\xbc\x15\x15\x17\x82\xa2\xf5\x11s;\
\xb6@\xc3\xf7\xdfD]\xf2\xe6\xa2;\x15\xc5\xca\xafu\
\xbaeU\xa3\x91z\x98\xbe\xba%\xd7\xc6\xde\x84F\xa1\
*\x00\x15\x0f\x8e\xb0^)\xc0\xd7\x97Zq]\x92\xae\
\xd7T\x9a\xabRfx2\x22.\x9b\xccrx/o\
kUP\xc7\xcb}\xc6\xb8K\x0d\xe3K\x1c\xb6\x5cQ\
g\xa5\xbaP\xc8\x9f\xc5\xcc\xde,_|\xc7'\x16;\
\xb5\xaa\x8aCL\xf0\xd8\xfa\xediI\xef9iS%\
\xde\x8d<'Z\xea\x1c\x9e\x89bt\xee;\x82H\x9d\
\x9c\x1d\xf0\x80\xdd{\x05{\x9dm\xdf\x1f\xaa\xf3\x86\xfb\
4f\xc3t5\x96\xdc\x84\xa5\xa0\xb8R\xcdIWO\
r\xac\x8ehfb\xb1\xf1\xb9$TTT^(\xa6\
\xf3\x00\x00\x00\x00\x00An\xe8.Y\xba\xd5\x89\xa9s\
\x1a\xd7M\xa5\x15\xcfH.;\x8d\xe0\xca\x84O\x05\xeb\
\xc3\xf0\x9a\x9aj\xbd-'I\x8df\x86\x0f\xb7\xe3\xcc\
\x07v\xc2\xb7&\xa7z\xae\x81X\xc7\xaaq\x8eD\xe2\
\xc7\xa7\x89\xda(\x15\x18\x0fO\x15Y+\xf0\xd6$\xb8\
X.\x90\xba\x1a\xca\x0a\x87\xc13\x154\xd1\xcd]?\
_3\xcc\x03'\xca\xbcep\xcb\xfc\xc0\xb4b\xdbn\
\xae\x96\x82t{\xe2\xde\xd1&\x89xI\x1a\xaf\xe75\
U5\xe8\xd5\x17\xa0\x9e\xdb\x5c\xde\xad\xf8\x8fdK\xc5\
\xfa\xd3:OCp\x8a\x82\xa2\x07\xa7K\x1dU\x0a\xa6\
\xbdK\xc7\x8at)\x5cF\xf1\xc1\xf9\x95\xe8\xbd\x94q\
\xbeX\xdc\xe7N\xfbD\xeaZ\xebN\xf2\xf3\x89\xd5\xb0\
\xf7\xd8\x93\xe0\xb9\xc8\xf4Nk\xbe\xfe\x86\x81\xa3\x80\x00\
\x09q\xdc\xd5\xf6Y\x8c>#O\xe7\x1cDr\x5cw\
5}\x96c\x0f\x88\xd3\xf9\xc7\x018\x00\x00Gn\xe8\
G\xb4\x1c~Y\xa7\xfb\x12\x95\xe0X\x7ft#\xda\x0e\
?,\xd3}\x89H\xb7\x92[6\xe3\xcc\xc7|5\xf5\
\x14\xee\xc3\xf6\x17n\xb9k\xebbTt\xad^\x98\x99\
\xcd\xfc:x7\xb4\x0d5CIU]W\x15\x1d\x15\
<\xb5539\x19\x1cQ1\x5c\xf7\xb9y\x22\x22q\
U%.Gl\x83|\xbe$\x17\x9c\xc7\x9e[\x1d\x06\
\xa8\xe6\xdb\x22\xd1j\xa6o\xe7\xbb]\x22N\xce.\xec\
BSd\xeeK`L\xae\xa5E\xb0[\x12k\x93\x9b\
\xa4\xb7*\xad\x1fP\xfe\x1a*\x22\xe9\xa3\x11x\xf0n\
\x9d\xba\x9b\x1c\x0f\x07\x03`\xec3\x82,q\xd9p\xad\
\x9a\x9a\xd7D\xce;\x917\xc2z\xfb\xe7\xb9us\xdd\
\xda\xe5U=\xe0\x00\x00\x00\x03\xcf\xc47\xbb>\x1e\xb5\
Mu\xbe\x5c\xa9m\xd40\xb7zI\xea%F1\xa9\
\xe3R!\xe7~\xd8\xba\xa4\xf6l\xae\xa4\xe6\x8a\xc7^\
+#\xfdqD\xbfi\xfd^\xb5y\x81&\xf3C3\
0^[\xda\x1dp\xc5w\x98)\x5c\xadU\x86\x95\xaa\
\x8f\xa8\x9f\xb1\x91\xa7\x15\xe3\xd3\xc9:U\x08G\x9e[\
Vc\x0cj\xb5\x16\x9c%\xdfp\xcd\x89\xfe\x0a\xba7\
\xff\x00\x0c\x9d\xbf\x9d\x22z\xc4_z\xcf\x9dM\x09\x88\
/w\x8cCu\x96\xeb}\xb9\xd5\xdc\xab\xa6]d\xa8\
\xaa\x95\xd2={5^\x8e\xa4\xe4\x87\x9e\x07\xd7\xb9\xcf\
z\xbd\xeeW9\xcb\xaa\xaa\xae\xaa\xaa|\x00\x00\x00\x01\
\xf5\xads\xdc\x8dkU\xceU\xd1\x11\x13USed\
\xdeH\xe3\xcc\xd1\xa9GX\xed\xbe\x86\xb5\xb5\xe8\xd9\xae\
Uz\xb2\x06u\xa2.\x9a\xbd{\x1a\x8b\xf2\x13\x9b$\
\xf6q\xc0Yl\xd8k\xdfL\x97\xeb\xf34w\xa6\x15\
\xb1\xa2\xa4n\xfe\x8a>(\xcf\x1f\x17v\xf4\x01\x152\
?eli\x8d\xddOu\xc5\x0d\x97\x0cX\x9c\xbb\xca\
\xb3\xc6\xa9W;\x7f25O\x05\x17\xdf;N\xb4G\
\x13w*\xf2\xbb\x05e\xa5\xa9(p\xad\x9e(%s\
wg\xad\x95\x11\xf55\x1f\x0eM5T\xecM\x1a\x9d\
\x08\x86j\x00\x00\x00\x00\x00\x10\xc7\xba;\x8e\x11\xcf\xb0\
\xe5\xed$\x88\xbb\xbf\xfeN\xb9\x11x\xa2\xf1dM\xf3\
\x8a\xa9\xf0Iu\x8b/\xb6\xec1\x86n8\x86\xed2\
CCo\xa7}D\xcf_z\xd4\xd7D\xed^H\x9d\
j\x85N\xe6^-\xb8\xe3\xacuv\xc5wG*\xd4\
\xdcj\x16M\xdduH\xd8\x9c\x18\xc4\xeckQ\xad\xf9\
\x00\xc7@\x00\x00\x00\x00\x00\x00\x00\x00\x00\x00\x00\x00\x00\
\x00\x00\x00\x00\x00\x00\x00\x00\x00\x00\x00\x00\x00\x00\x00\x00\
\x00\x00\x00\x00\x00\x00\x00\x00\x00\x00\x00\x00\x00\x00\x00\x00\
\x00\x00\x00\x00\x00\x00\x00\x00\x00\x00\x00\x00\x00\x00\x00\x00\
\x00\x00\x00\x00\x00\x00\x00\x00\x00\x00\x00\x00\x00\x00\x00\x00\
\x00\x00\x00\x00\x00\x00\x00\x00\x00\x00\x00\x00\x00\x00\x00\x00\
\x00\x00\x00\x00\x00\x00\x00\x00\x00\x00\x00\x00\x00\x00\x00\x00\
\x00\x00\x00\x00\x00\x00\x00\x00\x00\x00\x00\x00\x00\x00\x00\x00\
\x00\x00\x00\x00\x00\x00\x00\x00\x00\x00\x00\x00\x00\x00\x00\x00\
\x00\x00\x00\x00\x00\x00\x00\x00\x00\x00\x00\x00\x00\x00\x00\x00\
\x09#\xb0\xc6l\xc7\x831\xac\x98B\xf5R\x91\xd9\xaf\
\x8fjD\xf7\xbbF\xc1S\xc9\xab\xd8\x8e\xf5\xab\xdb\xa1\
\x1b\x8f\xacs\x98\xf6\xbd\x8eV\xb9\xab\xaa*.\x8a\x8b\
\xd6\x05\xcb\x83Dlw\x9c\x10\xe66\x04\x8e\xcdu\xaa\
j\xe2[<i\x1dK\x5c\xef\x0a\xa2$\xe0\xd9\x93\xaf\
\xa1\x17\xb7\xc6op\x00\x00\x00\x00\x00\x00\x08\x88\x9a\xe8\
\x88\x9a\xf1P\x00\x00\x00\x00\x00\x00\x00\x10\xa3\xba\x15\x96\
M\xa6\xad\xa2\xcc\xbbU>\x91\xd4\xaaR]\x11\xa9\xc1\
\x1f\xa7\xdc\xe4_\x1a&\xea\xf8\x93\xac\x87\xc5\xbd\xe3\xfc\
/n\xc6\x986\xe9\x86.\xacGR\x5c)\xdd\x13\x97\
MU\x8b\xf8.N\xd4]\x17\xe4*\x7f\x1ea\x9b\x96\
\x0e\xc6\x17L3v\x89c\xac\xb7\xd4:\x17\xf59\x11\
x9:\xd1SEO\x18\x1e \x00\x00\x00\x01.;\
\x9a\xbe\xcb1\x87\xc4i\xfc\xe3\x88\x8eK\x8e\xe6\xaf\xb2\
\xcca\xf1\x1a\x7f8\xe0'\x00\x00\x0f;\x10Xl\xd8\
\x82\x9a\x0a[\xe5\xb2\x96\xe3\x04\x13\xb6\xa28\xaacG\
\xb1$j*5\xdb\xab\xc1U5^g\xa2\x88\x88\x88\
\x88\x9a\x22\x00\x00\x00\x00\x03V\xe76z\xe0L\xb0\xa6\
\x96+\xa5\xc1+\xaf\x08\x9fs\xb6R9\x1d2\xafF\
\xf7C\x13\xb5@\xda\x12=\x91F\xe9${X\xc6\xa6\
\xaes\x97DD\xf1\x91\xd7<6\xad\xc2\x181e\xb5\
a6\xc7\x89\xafMUc\xd67\xe9M\x02\xf2\xf0\x9e\
\x9e\xb9u\xe8oW\x15B*gf\xd0\xd8\xf33$\
\x9a\x8aJ\xb5\xb3\xd8\x9c\xaa\x8d\xb7R=Q\x1e\xdf\xe9\
\x1f\xcd\xfe.\x09\xd8i\xe03\x0c\xce\xcc\xacg\x98\xf7\
_L1e\xe6j\xcd\xc5U\x86\x99\xbe\x04\x10\x22\xf4\
1\x89\xc1:\xb5]W\xadT\xc3\xc0\x00\x00\x00\x0e\xcd\
\xb2\x82\xb6\xe9_\x0d\x05\xba\x92z\xba\xb9\xdc\x8c\x8a\x18\
X\xaf{\xd5z\x11\x10\x95y\x1d\xb1\xfd\xd2\xea\xd8/\
9\x95Q%\xaa\x91tsmp*z!\xe9\xd4\xf7\
rg\x895_\x10\x11\xb7\x01`\x8cS\x8e\xafl\xb3\
\xe1k=E\xc6\xa9\xdc\xf7\x1b\xa3#N\xb7\xb9x5\
;UI\xa1\x92\x1b!\xe1\xeb\x0aCw\xccIc\xbe\
\xdc4G6\xdf\x1a\xabiaw?\x09S\x8c\x8b\xcb\
\xa99\xf3$^\x0c\xc2xs\x06\xd9\xa3\xb3\xe1\x9bE\
-\xb2\x8d\x88\x9e\x04,\xd1\x5c\xbdn^n^\xd5U\
=\xb08\xa9)\xa9\xe8\xe9b\xa5\xa4\x82*zx\x9a\
\x8c\x8e(\x98\x8dc\x1a\x9c\x91\x118\x22v\x1c\xa0\x00\
\x00\x00\x00\x00\x00\xd7\x1bCf\x95\xbb*\xb2\xf6\xaa\xf7\
3\xe2\x96\xeb3V\x1be#\x97\x8c\xd3/%T\xf7\
\xad\xf5\xcb\xd8\x9asT\x02<\xf7A3b)\x19\x16\
U\xd9j7\x9c\xd7\xb2\xa6\xf2\xf6;\x82i\xe1G\x07\
\xd4\xf5\xf13\xb4\x86\x87j\xefq\xad\xbb\xddj\xae\x97\
*\x99*\xab*\xe5t\xd3\xcd\x22\xea\xe7\xbd\xcb\xaa\xaa\
\xaf\x8c\xea\x80\x00\x00\x00\x00\x00\x00\x00\x00\x00\x00\x00\xfd\
\xc0\xc4\x92fF\xae\xddG9\x1b\xafV\xaa\x07\xe0\x16\
\x03k\xd8\xe7+d\xb6\xd2\xc9Q]\x88_3\xe1k\
\x9e\xe4\xaacQ\x5c\xa8\x9a\xae\x9b\x9c\x0e\xcf\xa8\xdb*\
?\x1b\xc4_Lg\xec\x01^\xa0\xb0\xafQ\xb6T~\
7\x88\xbe\x98\xcf\xd8\x1e\xa3l\xa8\xfco\x11}1\x9f\
\xb0\x05z\x82z\xe2\xfd\x902\xce\x83\x0b]+\xa8+\
\xaf\xec\xaa\xa6\xa4\x92h\x9c\xfa\x96=\xa8\xe6\xb5U5\
M\xd4\xd58\x10(\x00\x00\x00\x00\x00\x00\x00\x00\x00\x00\
\x00\x06\xf8\xd8\xe7)\xb0\xbek\xe2;\xf5\x1e)}z\
Ao\xa4\x8eH\x9bI2F\xaa\xe7=SUUE\
\xe1\xa2r\xed\x03C\x83rmu\x96x\x7f*\xf3.\
\x8a\xc3\x86\xa5\xac}\x0dU\xaa:\xcd*\xa4G\xbd\x8f\
Y%b\xa6\xf2\x22j\x9fsE\xe5\xd2i\xb0\x00\x00\
\x00\x00\x00\x00\x00\x00\x00\x00\x00\x00\x00\x00\x00\x00\x00\x9b\
{7\xec\xe7\x96x\xcf%\xec\xb8\x92\xff\x00Gp\x9e\
\xe3pd\xae\x96FU+\x11\xbaH\xe6\xa6\xea\x22p\
\xe0\x88C\x5cME\x15\xb7\x12]-\xd0+\x96\x1aZ\
\xc9a\x8d\x5c\xba\xaa\xb5\xafV\xa6\xbd\xba \x1ep\x00\
\x00\x00\x00\x00\x00\x00\x00\x00\x00\x00\x00\x00\x00\x00\x00\x00\
\x00\x00\x00\x00\x00\x06Y\x95\xd9y\x8a\xb3#\x10\xa5\x93\
\x0b[\xd6\xa6v\xb7~i\x1c\xed\xd8\xa1g\xbe{\x97\
\x82\x7f\xcc\x0cL\x13{\x06l[\x87h\xe8[Q\x8d\
\xf1]MD\xfa}\xd2:\x14Hbo\x89\xeeEU\
\xf9\x90\xf7g\xd9\x1b&\xeb\xe1u=\xaa\xff\x00ve\
R\xa6\x8dsn\x11M\xa2\xfc\x1d\xd4\xd4\x08\x08\x0d\xfd\
\x9f[0\xe2\xcc\xb8\xb7\xcf\x7f\xb5T\xa6 \xb0C\xe1\
M4q\xee\xcdN\xdf}#8\xf0\xfc\xe4\xd5\x13\xa4\
\xd0 \x00\x00\x00\x00\x00?pE,\xf3\xc7\x04\x11\xbe\
Ydr1\x8ccus\x9c\xab\xa2\x22\x22sU\x03\
\xf0\x09a\x94\x9b\x1b\xde\xef\x144\xf7L{w[,\
r\xb5\x1e\x94\x14\xecG\xd4\x22/C\xd5|\x16\xaf.\
\x1cU\x0d\xcfo\xd9\x0b'\xe9\x98\x895=\xe6\xad\xdd\
.\x96\xbb\x9f\xc8\x8d@+\xa0\x16=U\xb2NM\xce\
\xcd\xd6\xdb\xae\xb0\xf0\xe7\x1dr\xa2\xfe\xb4SLm;\
\xb3F\x0c\xcb\xdc\xb2\xae\xc6\x18r\xe7uIi&\x89\
\xbe\x87\xa9{dk\xda\xf7\xa3y\xa2\x22\xa6\x9a\xea\x04\
H\x00\x00\x018\xf2\x00\x00\x00\x00\x00\x00\x00\x00\x00\x00\
\x00\x00\x00\x00\x00\x00\x00\x00%\xa6\xc8y\x05\x80\xb3'\
,j\xb1&)e\xcaZ\xc4\xb9\xc9J\xc6\xc1S\xde\
\xd8\xd61\x8cT\xe1\xa7\x15Uz\xfe\xa0\x22X2\xdc\
\xe4\xc3\xb4\x18K4\xb1\x16\x1b\xb5\xbagQ[\xeb\x9f\
\x0c\x1d\xf5\xdb\xcf\xdcNH\xab\xd2\xbcy\x98\x90\x00\x00\
\x00\x00\x00\x00\x00\x00\x00\x00\x00\x00\x00\x09\xa3\xb3\x96\xcd\
\xb9q\x8e2R\xcb\x8a\xaf\xec\xba\xbe\xe5ql\xee\x91\
\xd0\xd5\xee5\x9b\xb3>4DM\x17\xa1\x88\xbf(\x10\
\xb8\x1e\x8e'\xa0\x8e\xd5\x89n\x96\xb8^\xe9#\xa3\xac\
\x9a\x9d\x8ew7#\x1e\xadE^\xde\x07\x9c\x00\x00\x00\
\x00\x00\x00\x00\x00\x00\x00\x00\x1b\xf7d\xdc\x83nlT\
\xd6^\xaf\xd5U\x14xr\x82D\x85{\xc6\x89%T\
\xba\x22\xab\x1a\xab\xebQ\x11QUt^i\xdaIk\
\xa6P\xec\xc5\x85\x9c\xeb]\xf6\x9a\xcbOT\xa9\xae\x95\
\x977\xa4\xad\xf9\x11\xe9\xa7\xcc\x05v\x03em#f\
\xc0\x16,\xcd\x9e\x87-\xeb\xd9[d\xf44os\x99\
?~k&Uv\xf3\x1a\xee\xa4M\xde\xbef\xb5\x00\
\x00\x00\x00\x00\x0e\xf5\x82\xd5]}\xbeP\xd9m\x90\xac\
\xf5\xb5\xd5\x0c\xa7\xa7\x8d?\x09\xefr5\x13\xe7Rt\
\xe0\x8d\x8c\xb0%%\x8a&b\xdb\x9d\xce\xe7ur\x22\
\xca\xfaI\x92\x18X\xbaqkSuUS]x\xaf\
\xcc\x04\x08\x04\x90\xda\xbfg(2\xc2\xd5\x0e+\xc2\xd5\
\x95U\x96\x17\xcc\xd8*!\xa8\xf0\xa5\xa5s\xb5\xddr\
\xb9\x11\x11X\xaa\x88\x9a\xf0\xe2\xa9\xd6F\xf0\x00\x00\x00\
\xdd[&e\x1d\x976\xf1E\xde\xdf|\xb8VRA\
AH\xd9\x9a\x94\xc8\x9b\xcfs\x9d\xa7\x15^H\x9a\x1f\
v\xb4\xca+6Rb\x8bE\xbe\xc7_WWM_\
F\xb3;\xd1:+\x9a\xe4z\xb5tT\xe8\xd3@4\
\xa0\x00\x00\x00\x00\x00\x0f{\x00b\xcb\xd6\x08\xc5\x948\
\x96\xc1T\xeaz\xea97\x9b\xa2\xf8/o\xe11\xc9\
\xd2\xd5N\x0a\x85\xa0d\x86fX\xf3O\x04S\xe2\x0b\
K\xd29\xdb\xa4u\xd4\x8a\xed_M6\x9cZ\xbd\x8b\
\xcd\x17\xa5\x0a\xa13l\x9b\xcc\xbcG\x95\xd8\xba\x1b\xf5\
\x86uV*\xa3j\xe9\x1e\xab\xde\xaac\xd7\x8b\x5c\x9f\
R\xf3E\x02\xd8\x81\x83d\xceh\xe1\x8c\xd3\xc2\xcc\xbc\
\xe1\xfa\x84l\xecDme\x0c\x8eN\xfdJ\xff\x00z\
\xe4\xe9Nz;\x92\xa7\xca\x89\x9c\x80\x00\x00\x00\x00\x00\
\x00\x00\x00\x00\x00\x00\x00!\xdft7-\x1d=5\x06\
fZ\xa9\xb5t(\xda;\xb6\xe2~\x0f\xfa)W\xc5\
\xeb\x15~\x011\x0f3\x15X\xed\xd8\x9b\x0d\xdcp\xfd\
\xda\x14\x9a\x86\xe1N\xfay\x99\xf9\xaeM5N\xd4\xe6\
\x8b\xd0\xa8\x80S\xd02L\xce\xc27\x1c\x09\x8f.\xd8\
R\xe8\xd5I\xed\xf5\x0b\x1a;M\x12Fsc\xd3\xb1\
\xcdT_\x94\xc6\xc0\x00\x00\x12\xe3\xb9\xab\xec\xb3\x18|\
F\x9f\xce8\x88\xe4\xb8\xeej\xfb,\xc6\x1f\x11\xa7\xf3\
\x8e\x02p\x00\x00\x00un\xb7\x1b}\xa6\x82[\x85\xd2\
\xb6\x9e\x8a\x92\x16\xefI4\xf2#\x18\xd4\xedU\xe0\x07\
h\xc6\xb3\x07\x1eaL\x05fu\xd7\x15^i\xed\xf0\
\xa2*\xb1\x8ev\xb2J\xbdLbqr\x91\xaf;\xf6\
\xc3\xb7P\xb6kFX\xd36\xbe\xa7\xc2c\xae\x95Q\
\xaaD\xce\xd8\xd8\xbc]\xd0\xba\xbbD\xec!\xc6.\xc4\
\xf8\x83\x16\xde$\xbbb;\xb5U\xce\xb6E\xe3$\xf2\
+\xb4N\xa4NH\x9d\x88\x04\x87\xcf\x1d\xad\xf1\x1e%\
\xf4E\x9f\x01E%\x86\xd4\xf4V:\xad\xda-T\xa9\
\xd6\x8b\xca4^\xce<y\x91\x96\xaa\xa2\xa2\xae\xa6J\
\x9a\xa9\xe5\x9ey\x1d\xbc\xf9$z\xb9\xce^\xb5U\xe2\
\xaaq\x00\x00\x00\x00\x19\xfeQ\xe5\x068\xcc\xeb\x8b`\
\xc3\x96\xa7\xa5\x1a/\xddn\x15\x08\xac\xa7\x8d5\xd1|\
-<%\xecn\xab\xe2\x03\x007\xaeH\xec\xcb\x8es\
\x09b\xb8\xdc\xa2~\x1d\xb1\xbbE\xf4MTj\x92\xcc\
\xdf\xe8\xe3\xe6\xbe5\xd1<d\xac\xc9\x1d\x98\xf0>_\
$\x17+\xacL\xc4W\xe6\x22;\xd151\xfd\xca'\
\x7fG\x1a\xf0O\x1a\xea\xa6\xf7j#Q\x11\x11\x11\x13\
\x82\x22t\x01\xaf\xb2\x8f'\xb06YP6,=j\
c\xabU>\xeb_P\x88\xfa\x87\xae\x9c|/\xc1N\
\xc4\xd0\xd8 \x00\x00\x00\x00\x00\x00\x00\x00\xc7\xf3\x03\x19\
\xe1\xdc\x09\x86\xaa1\x06%\xb8GGG\x0a.\x9a\xae\
\xaf\x95\xdd\x0ccy\xb9\xcb\xd4\x07\xeb\x1f\xe2\xdb&\x07\
\xc2u\xb8\x97\x10U6\x9e\x86\x91\x9b\xce\xe3\xe1=\xdf\
\x82\xc6\xa7K\x95x\x22\x15\x81\x9e\x19\x99z\xcdLs\
Q\x88\xae\xaeX\xa0o\xdc\xa8i\x11\xda\xb2\x9a\x14^\
\x0dN\xd5\xe6\xab\xd2\xa7\xb5\xb4Nt_so\x12\xf7\
\xe9\xf7\xe8\xacT\xaeT\xa0\xb7\xa3\xb5F'\xbf\x7f\xbe\
z\xf4\xafG$5P\x00\x00\x00\x00\x00\x00\x00\x00\x00\
\x00\x00\x00\x00\x00\x19D\x19\x87\x8e\xe0\x85\x90\xc3\x8co\
\xac\x8d\x8dF\xb5\xa9]&\x88\x89\xd1\xcc\xfd\xfe\xf9\x19\
\x81\xf9g~\xfat\x9f\xe6b\x80\x0bi\xc4u5\x0c\
\xc9\xab\x8dc'\x91\xb5-\xc3\xf2H\x92\xa3\xb4r?\
\xd0\xea\xbb\xda\xf5\xeb\xc4\xac\x1f\xdf#0?,\xef\xdf\
N\x93\xfc\xcb9\xc4\xfe\xd1\xf7?\xf6r_\xf0\xeaT\
\xd8\x195V`\xe3\xaa\xaay)\xea1}\xf2Xd\
j\xb5\xecut\x8a\x8eE\xe6\x8b\xc4\xc6@\x00\x0d\xaf\
\xb3\xceH\xe2\x0c\xdd\xbcJ\x94\xb2\xa5\xba\xcbH\xe4J\
\xba\xf7\xb3y\x11W\xf0\x18\x9f\x84\xe5O\x91:I\x89\
j\xd9\xb7\x22\xb0u\x14o\xbeR\xc1P\xe5j#\xaa\
.\xd5\xfb\xadz\xa75DUF\xa7\xc8\x05r\x02\xc9\
%\xc8-\x9f\xb1e3\xe1\xb4[-oUEzI\
j\xb8j\xe6\xa7-|\x17/\x0dU;\x08\xc3\xb4\xce\
\xcdw,\xb2\xa2~'\xc3\xd5R\xdd\xb0\xd2=\x1b:\
\xc8\x89\xdf\xa9\x15\xcb\xa2oi\xc1\xcc\xd7D\xde\xebT\
\xd7\xac\x08\xf2\x00\x00\x0d\x8d\x90\x99K~\xcd\xacX\xb6\
\xabc\x92\x96\x86\x99\x12J\xfa\xe7\xb7V\xc0\xc5^H\
\x9d.^\x84\xff\x00\x22kZr\x0f!2\xe6\xcf\x1c\
\x98\x9a\x9a\xdbR\xf5n\x8e\xab\xbeT\xb7\xee\x8eN\x96\
\xb5U\x1b\xf2\x22\x01\x5c`\xb1\xd4\xb3l\xa9pG1\
)\xf0\x0a\xaa\xa2\xa6\xa9$q\xaf\xcf\xaa\x11\x97l\xac\
\x1f\x96\x18f\xe5b\xa8\xcb\x8a\x8bs\x9bW\x1c\x9e\x8b\
\x8a\x8a\xb5\xb3\xb1\xaa\xd5M\xd5\xe0\xab\xbb\xae\xab\xf3\x01\
\x1f\x09o\xdc\xd5\xf6]\x8c>!O\xe7\x1cD\x82[\
\xf75}\x97c\x0f\x88S\xf9\xc7\x01\xe1wG=\xba\
\xec\xdf\xec\xec?\xe2*\x08\xcaY\xd6od6\x0a\xcc\
\x9cqO\x8b\xb1}er\xc5Ine\x1aSE2\
E\x1e\xebd\x91\xfb\xeew?\xf4\x9as\xe8<Z\x0c\
\xb8\xd9\x82\xd2\x8d\xa1|\x18.Yz=\x17r\x8eG\
\xf2\xe9W<\x0a\xdf\x05\x88\xe6\x16\xcaY]\x8a\xac\xd2\
TahV\xc3\x5c\xf6+\xa9\xaa)%W\xd3\xb9t\
]5b\xaa\xa2\xb5WN)\xc4\x81X\xef\x0b^0\
^+\xaf\xc3W\xdae\x82\xbe\x8aUc\xd3\xf0\x5c\x9d\
\x0ej\xf4\xb5SEE\x03\xc3\x00\xd8\x1b9\xd9-\x98\
\x8f;\xb0\xad\x96\xf3I\x1d]\xbe\xaa\xb7vx\x1e\x9e\
\x0c\x8dF9\xda/f\xa8\x80k\xf0Y\x1eg\xec\xbf\
\x978\xae\xdfo\xa4\xb2Z\xa8\xf0\xbb\xe0\xabIjj\
( D\x92Xw\x5c\x8b\x1f\x15\xd3\x8a\xabWU\xd7\
M\x17\xac\xe1\xb6e\xde\xcd\x99s\x0b(n)\x86V\
\xb24]\xf9.ul\x9a\xa1W\xa7TU\xe1\xe2\xd1\
\x00\xae ZB\xe5\xd6H\xe3\xba\x09\x1bGb\xc2\xb7\
h\x9a\x88\x8e\x92\x81cs\xa3\xe1\xc3\xc2\x8duj\x90\
\xb3k<\x8c\x5c\xa6\xbd\xd3\x5c\xec\xb2KQ\x86nO\
VS\xbaU\xd5\xf4\xd2\xa2k\xde\x9c\xbd:\xa6\xaa\x8b\
\xd2\x88\xba\xf2\xe2\x1a(\x00\x00\x12\x07f=\x9cn\x19\
\xa3O\xfb\xa3\xbe\xd5\xcbk\xc3L\x91Y\x1b\xa3D\xef\
\xd5nNh\xcdx#S\x96\xf7\xccJ\x86e\x1e\xce\
\xb8\x16\x9a:+\xbd\xb3\x0dC+x\xa3\xee\xf5mt\
\xce\xd7\xa7\xc3v\xba|\x80V\xb0,\xaa\xb7\x22\xb2\x0f\
\x1eZ\x9e\xb6KE\x9bu\x13\xf9M\x96\xa9\x11X\xab\
\xae\x8a\xbb\x8a\xa9\xf2/Q\x0e\xb6\x92\xc8k\xdeQW\
\xc5[\x1c\xee\xbaa\xca\xb9;\xdd5n\xee\x8fc\xf4\
\xd7\xbd\xca\x89\xc1\x1c\xa9\xae\x8a\x9c\x17E\xe4\x06\x9a\x00\
\x01g;\x1b\xfb\x9b\xf0\x9f\xe8\xa6\xf3\xd2\x15\xc1\x8f=\
\x9c_\xbc\xa5Q\xe7\x5cX\xfe\xc6\xfe\xe6\xfc'\xfa)\
\xbc\xf4\x85pc\xcfg\x17\xef)Ty\xd7\x01\xe2\x80\
eYY\x81/\xd9\x8d\x8c\xa90\xc6\x1f\x81\x1fQ2\
\xefK+\xbdd\x11\xa7\xae\x91\xcb\xd4\x9f\xadt@1\
PX\x9e\x08\xd9w(\xf0M\xa1\xb5\xd8\xa9\xb1\xde\xa7\
\x89\xba\xd4U\xdc\xe6H\xe9\xd3_\xcc\xd5\x1a\x88\x9d\x0a\
\xbcOf\x1c\x09\xb3=\xe6U\xb5\xd1\xdbp$\xf3\xbf\
\xeeme5DI\x22\xaa\xfb\xdd\xd7j\xab\xe2\x02\xb4\
\xc14\xb3\xdbc\xfa&Z\xeaoya4\xed\xa9\x85\
\xaa\xf7Z*$\xdfIQ8\xaaF\xf5\xe2\x8e\xeaE\
\xe0\xbc\xb8\x10\xc2h\xa4\x86g\xc34o\x8eX\xdc\xad\
{\x1e\xdd\x1c\xd5N\x0a\x8a\x8b\xc9@\xfc\x00d\xf9c\
\x81\xaf\xf9\x89\x8b\xa9p\xce\x1d\xa7Ij\xa7]_#\
\xf8G\x0b\x13\x9b\xde\xbd\x08\x80c\x00\xb0|\xbe\xd9\x1f\
-\xb0\xe5\xb5\x958\xb6Y\xaf\xf5\xacD|\xd2M*\
\xc3N\xcd\x13\x8a#Q}o\xc2U=\xe7`\xdd\x97\
i\xaa=\x07%\x16\x00l\xa9\xc1Z\xfa\xb8\x95Q{\
U\x5c\x05m\x02\xd2-\xb93\x91\xf7:F\xd5\xdbp\
F\x17\xad\xa7w\xad\x96\x9d\x8d\x91\x8b\xe2sUP\xd5\
\x1bU`\x5c\x8a\xc2\xb9cx\xa3\x82\xd3\x87\xacX\x9a\
JT\x9e\xd8\xc8\x9a\xac\xa8{\x91\xda\xa6\xea&\xab\xa3\
\xb7\x5c\xde<\x17\x8aj\x04\x0e\x00\x91\xfb\x0aaL\x09\
\x8c\xf1m\xfe\xcb\x8c,T\xd7Y\xdbD\xd9\xe8\xd2\xa1\
Wu\xa8\xd7\xa2?DE\xe7\xe1'\xc8\x8a\x04p\x04\
\x8f\xdb\x9f+\xf0\xfe\x00\xc56K\x86\x15\xb5\xb2\xddm\
\xb9S\xbd\xb2C\x16\xbd\xed\x92\xb1S\x96\xbc\xb5E\xfd\
Dp\x00\x0f{/l\x12b\x9cud\xc3\xb1\xb5\xca\
\xb7\x1a\xe8\xa0v\xef4k\x9c\x9b\xcb\xf27U\xf9\x09\
\xc5\xb4\xceV\xe5&\x09\xc8k\xed\xce\x93\x06Z\xe9k\
\xe3\x868(\xea\x22f\xec\xdd\xf9\xcfj\x22\xa3\xba\xf9\
\xaa\xf5\xa2(\x15\xfe\x00\x00\x00\x00X\x86\xc08~\x8e\
\xd9\x91\xed\xbcG\x0bR\xb2\xeb[+\xe6\x93N*\xd6\
.\xeb\x13\xc5\xa2/\xceWy=\xbb\x9ex\xd6\x86\xe5\
\x97\x15\x98*IZ\xcb\x8d\xa6\xa5\xf3\xb1\x8ew\x19!\
\x91u\xdeD\xecv\xa9\xf3\x01\x17\xb6\x81\xcd\x9cY\x8e\
s\x02\xec\xf9\xaf5\x90\xda\xe0\xaa\x92\x1a:8es\
\x22\x8e6\xbbD\xd5\xa8\xbcUt\xd5UMqm\xbb\
\xddm\xb5q\xd5\xdb\xeeUt\x95\x11\xbb}\x92C3\
\x9a\xe4^\xbdQM\xa3\xb5~X\xd7\xe5\xceh\xd7*\
@\xf5\xb2\xdde}U\xbeto\x82\xa8\xe5\xd5\xd1\xeb\
\xef\x9a\xab\xa7\x8bE\xe95\xbe\x11\xc3w\xbcY~\xa6\
\xb1\xe1\xebt\xf5\xf5\xf5.F\xb2(\x9b\xae\x9a\xae\x9b\
\xce_\xc1jk\xc5W\x82\x01c\x9b#\xe3\x8b\x8ee\
d\x8c\x15\x98\x95\xd1\xd7V\xd3M-\xb6\xaeG\xb3_\
D#Z\xd5Ez/\x05Uc\xd3^\xbe%{f\
\xf5\x82\x9f\x0bf\x96(\xc3\xd4\x88\xa9Ko\xbaTA\
N\x8b\xcd#G\xae\xe7\xfc:\x16)\x94Xn\xd5\x90\
\x99\x0c\x91b+\x8cLm\x0crW]*\x11|\x15\
\x95\xeb\xc5\xac\xeb\xfc\x16'Z\xa2u\x95\xb7\x8e\xef\xf2\
\xe2\xacm{\xc4\xb3D\x90\xbe\xeb_5b\xc6\x8b\xaa\
3\xbe=]\xbb\xf2k\xa7\xc8\x07\x8a\x00\x00\x00\x00o\
\xdd\x83\xb0\xcd\x0e!\xcf\x98*n\x116X\xec\xf42\
\xdc\x22k\x93T\xef\xads\x18\xc5\xf9\x15\xea\xe4\xedj\
\x1a\x08\xdc\xbb\x1bcz\x0c\x0d\x9e\x16\xfa\xab\xac\x9d\xea\
\x86\xe7\x0b\xad\x92\xca\xae\xd1\xb1,\x8ej\xb5\xce\xd7\xa3\
y\x8dE^\x84]z\x00\x96;lf\xd5\xf3,\xf0\
\x85\xa6\x87\x0c\xca\xdak\xad\xf2IZ\xda\xad5t\x11\
D\x8c\xdeV\xa7-\xe5W\xb5\x11|d\x0f\xbaf\x0e\
:\xbaT\xbe\xa6\xbb\x17\xdff\x95\xeb\xab\x95k\xa4D\
U\xf1\x22\xe8XF\xd6\xf9=Q\x9bX\x22\x8d\xb6y\
b\x8e\xfbh\x95\xf3Qw\xd7h\xc9Z\xf4D\x92%\
^\x8dwX\xa8\xbdm\xed+\x87\x11Y.\xf8v\xf1\
Qh\xbe[\xaam\xd5\xf4\xeeV\xcb\x04\xf1\xab\x5c\xd5\
\xf9y\xa7R\xa7\x05\xe8\x03\xbf\x1e5\xc6Q\xae\xac\xc5\
\x97\xe6\xafe\xc6_\xda?W\xaco\x8c/V\xa5\xb5\
]\xf15\xd6\xbe\x85\x5c\x8eX'\xaas\xd8\xaa\x9c\x95\
QW\xa0\xc7\x80\x00\x09\x9d\x90xofk\xaeY\xd8\
\xff\x00t\x95\x16'b\x17\xd3\xebpJ\xca\xb7F\xf4\
\x97U\xd5<%D\xea\xe5\xc0\x0c\xff\x00a\xfc#\x85\
\xaa2\x12\xd3w\xa9\xc3\xd6\xca\x8b\x85MEJ\xcdQ\
53$\x91\xdaJ\xe6\xa7\x17\x22\xf2DD \xa6f\
\xc1\x0d6cb:zx\x99\x141\x5c\xea\x18\xc61\
4kZ\x92;DD\xea-O-\xed8J\xc9\x84\
\xa9\xad\xd8#\xd0>\x91\xc6\xe7\xac\x1e\x83\x99%\x8bU\
r\xab\xb4r*\xa2\xf8J\xba\xf15}\xeb&\xf6y\
\xaf\xbcVV\xdca\xb2z6\xa2w\xcbQ\xbduF\
\xaf|r\xaa\xbbT\xdf\xe1\xc7^\x00V\xd06^\xd3\
x{\x09\xe1|\xe4\xbb\xd9\xb0S\xe2u\x9a&@\xf8\
\xd2*\x8e\xfc\xc6\xb9\xd15\xceDv\xab\xaf\x15^\x1a\
\xf0\xe5\xd0k@\x00\x95\x9b!\xd9r*|\xbc\xad\xba\
\xe6C\xac2^[q\x926\xc7r\x9f\x94(\xc8\xd5\
\xaa\x8cU\xebW\xf1\xd0\xde\xd4\xd8\xe7e\xfb:w\x8a\
z\xfc\x1b\x025t\xd1\x94{\xc9\xc3\xfa\x8a\x05n\x82\
\xcdh\xad{<\xe6\x83\x1fm\xb7R\xe1+\xbc\xbb\xaa\
\xa8\xcav69\x9b\xaaz\xe6\xe8\x88\xed{P\x89\x9b\
Zd\x0aeeL\x18\x83\x0eI5F\x19\xac\x97\xbd\
#e]\xe9)$\xd3Tc\x9d\xf8M^:/>\
\x0b\xa8\x11\xf4\x00\x00\x169\x97\xb9\x11\x95\xf7\xdc\x90\xb0\
:\x5c\x1fkK\x95\xc7\x0fS\xbd\xf5\xce\x89VT\x9a\
H\x1a\xab&\xf6\xba\xeb\xbc\xedO#\x09\xec\xe7\x92y\
ml\x82\xab\x1d\xd7\xd0\x5c\xeb\x5c\x9a\xbak\xbdKb\
\x85\xcb\xa7\x14dJ\xa8\x8a\x9a\xf5\xea\xa0W\xd0,\xfa\
\xc5k\xd9\xf7\x12\xbb\xd2\x9bE&\x08\xb8=\xeb\xba\x94\
\xd1$*\xf7\xf0\xe4\x8d\xe6\xbc:\x8d3\xb5.\xcc\x16\
\x1a|/Y\x8c2\xea\x89h*hX\xb3U\xdb#\
\xd5\xd1\xcd\x1asX\xd3\x9b\x5c\x89\xc7NJ\x80Bp\
\x00\x00g\xb9\x1f\x95\xf7\xec\xd6\xc6,\xb0\xd9\x91!\x82\
$Ik\xab\x1e\x9a\xb2\x9a-t\xd5z\xd5z\x13\xa7\
\xe4Rq\xe1\x8d\x9b2W\x04Z\x19S~\xa0\xa6\xb8\
\xb9\x8dF\xcd[x\xa8D\x8d\xce\xeb\xddUF7\xc4\
\x05o\x96\x15\xdc\xf1\xf6\x86\xaa\xf2\xe5G\x9a\x84\xc9&\
\xc2\x1b1\xca\xd4\x89\xf4yu\xd4\x9aU\xd3\xa2\xfc\xe8\
\xe3`ev\x1f\xc1Xs\x0d\xbe\x8b\x012\x81\xb6\x89\
j\x1d2\xfa\x0et\x965\x91Q\xa8\xe5G\x22\xaar\
kx\x01Z\xdbL{}\xe3/)\xbf\xeaC]\x1b\
\x17i\x8fo\xbce\xe57\xfdHk\xa0\x00\xde\xdb\x1d\
Y\xf2\xba\xeb\x8a/O\xcc\xe9-\xa9OMK\x1b\xe8\
\x99_?{\x8d\xeeW*;\x86\xa9\xbc\xbai\xc0\x95\
4\xb8\x9be\x9c>\x89\x155N\x0a\xa7F\xa6\x88\x8c\
\xa6G\xf0\xf9\x1a\xa0W\x00,\xce\xddy\xd9\xcb\x1cN\
\xdbM,\x982\xe3-J\xee6\x07@\xc8\xdd\x22\xf4\
\x22o55^\x1d\x06\x8c\xda\xb3f\x1bV\x1f\xc3U\
\x98\xe3/\x22\x96\x1az$Y\xae6\xc7=^\xd6\xc5\
\xcd\xd2D\xab\xc5\x11\xbc\xd5\xbdI\xaar\xd1B\x1f\x80\
\x00\x02hl_\x93\xb9y\x8d\xf2\x82k\xe6(\xc3\xd0\
\xdc\xab\xddt\x9a\x04\x96G\xb97X\xd63DM\x17\
\xf3\x94\xcc0n\xc9ys\x87\xaa\xeb\xef8\xbe\xa5n\
0\xfa&Ii\xe0\x92e\x86\x9a\x9a\x1d\xe5\xdck\x97\
]\x5c\xa8\x9a\x22\xaa\xae\x80W\xf8%\xbe\xd9V|\x93\
\xb5\xe5\xfd\x0cx\x0a,3\x15\xed\x95\xcdj\xa5\xaeV\
\xb9\xeb\x16\xea\xefon\xaa\xea\x9a\xe9\xcc\x89\x00\x01\xb5\
vt\xc9{\xd6ob)`\x82e\xa0\xb2\xd1+V\
\xbe\xb9[\xae\xee\xbc\x98\xc4\xe4\xaf]>NjM;\
>@dV\x05\xb4F\xb7\xbbU\xae}Q\x1a\xea\xcb\
\xddK|7\x22qT\xdeTjk\xd4\x80V\xb9f\
\xdb\x1a{\x990\x97\xe8\xaa\xbf\xc5Lu*\xb0n\xcc\
UmtRR\xe5\xea*\xa6\x9a\xb2\xb2\x06\xb9<J\
\x8f6v\x03\xb4a\xbb\x0e\x0e\xa3\xb5a\x06\xd36\xc9\
\x0b^\xb4\xa9O*I\x1e\x8e{\x9c\xed\xd7\x22\xae\xa9\
\xbc\xe7t\x81Ty\x85\xec\xfb\x11yR\xa7\xce\xb8\xf0\
\x8fw0\xbd\x9fb/*T\xf9\xd7\x1e\x10\x00\x00\x00\
\x0e\xc5\xba\x8a\xae\xe3p\xa7\xb7\xd0S\xc9SWS+\
b\x86\x18\xd3WH\xf7.\x88\xd4N\xb5U\x03\xae\x09\
\xcf\x92\xdb \xe1\xebu\xa6\x0b\xb6e\xcc\xfb\x85\xc5\xec\
\xef\x8f\xa0\x8a]\xc8)\xfats\x93\x8b\xd5:y!\
\xb1]\x83vc\xa7\x9f\xd2\xe9-\xf9~\xc9y+\x1f\
Q\x0e\xf6\xa9\xd6\xaa\xee`V\x98,\x1346L\xcb\
\xdcUk}~\x07\x910\xfd\xc1\xe9\xbf\x0b\xa1z\xcb\
I/R+u\xe0\x9d\xadR\x0acl1z\xc1\xb8\
\x9e\xb7\x0eb\x0a7R\xdc(\xa4\xdc\x95\x8b\xc5\x17\xa9\
\xcd^\x96\xaaqE\x03\xc6\x00\x99\xd9\x07\x86\xb6f\xba\
e\x9d\x91\xd8\x92\xa6\xc6\xfc@\xfa}\xeb\x82V\xd5\xba\
7\xb6]WT\xe2\xa8\x9auh\x06\xd6\xd8N\x08\xe2\
\xd9\xc2\xcb#\x1a\xd4t\xd5Uoz\xa2sT\x9d\xed\
\xe3\xf25\x08\x07\x9bu\xb57\x1c\xd2\xc5U\xd5r,\
\x93\xcdw\xaas\xdc\xab\xfd+\xb8x\x93\x91i\xd9o\
i\xc2vL!In\xc1\x1e\x82\xf4\x8e7H\xb4\xfe\
\x83\x99%\x8bUz\xab\xf4r*\xa2\xf8J\xbd&\xaf\
\xbbe\x8e\xcd\xd57J\xba\x9b\x84xS\xd1\x92\xcc\xf7\
\xd4o\xdd\x18\xd7w\xc5r\xab\xb5M\xfe\x0b\xae\xa0V\
\xc83\xfd\xa2-XV\xc7\x9c\xd8\x8a\xd7\x82\xa4\x82K\
\x0c2\xc5\xe8U\x82n\xfb\x1a+\xa1c\x9e\x8dv\xab\
\xaa#\xd5\xe9\xd9\xa6\x9d\x06\x00\x00\x00\x00\x00\x04\x87\xd8\
\x0f\x0bzy\x9e\x0d\xbc\xcb\x16\xf5=\x8a\x8aJ\x9dU\
5N\xfa\xff\x00\xb9\xb1<z9\xea\x9f\x04\xdc}\xd0\
L\xc3\xbba\x9a|'`\xc3\xf7Z\xab}t\x95\x0f\
\xb9M%4\xaa\xc7#c\xd1\xb1\xa2\xe9\xcd\x15\xcez\
\xe8\xbc\x17p\xef\xf7:\xf0\xc2\xdbr\xb2\xeb\x89\xa5\x8f\
vK\xcdz\xb67i\xeb\xa2\x857S\xfe5\x90\x8d\
\x9bhb\x8f\xdd>\xd0w\xed\xc97\xe9\xed;\x96\xc8\
x\xeb\xa7zO\x0d?\xbct\x80N\xbc]KO\x9b\
{<\xd56\x99\xb1\xaf\xee\x82\xc4\xda\x8atU\xe0\xc9\
]\x1a=\x9a\xfc\x17\xe9\xf3\x15^\xf6\xb9\x8fs\x1e\xd5\
k\x9a\xba**h\xa8\xa5\x88l\x07\x89\xdb|\xc8\xc4\
\xb2\xcb+_=\x8e\xb6Zm\xc5]\x5c\x91={\xe3\
\x15{5s\xd1>\x09\x0d\xb6\x99\xc2\xcb\x83\xf3\xc7\x13\
\xdaZ\xd5m;\xeb\x16\xae\x9dt\xd1\x169\xbe\xe8\x88\
\x9d\x88\xaeV\xff\x00T\x0dn\x00\x02Xw6\xbd\x9d\
b\xaf'E\xe7\x14\xfd\xf7I\xfd\x9b\xe1_&\xc9\xe7\
T\xfcw6\xbd\x9db\xaf'E\xe7\x14\xfd\xf7I\xfd\
\x9b\xe1_&\xc9\xe7T\x08\x98\x00\x00\x00\x00\x00\x00\x00\
\x03\xde\xc0\x98\xc3\x11\xe0|C\x05\xfb\x0c]&\xb7\xd7\
B\xa8\xa8\xe6/\x82\xf4\xd7\xd6\xbd\xbc\x9c\xd5\xe9E\xe0\
N\xfc\x87\xda\xa7\x09cX\xe0\xb4b\xf7\xc1\x86\xef\xcb\
\xa3Q\xf2;JJ\x87~k\xd7\xd6/c\xb8v\xae\
\xba\x15\xe4\x00\xb9\x84TT\xd58\xa0+C$\xb6\x8f\
\xc7\x99l\xe8($\xa9u\xfa\xc0\xc5D[}d\x8a\
\xab\x1bz\xa2\x93\x8a\xc7\xe2\xe2\xde\xc2sd\xdev`\
<\xd1\xa5klW/C\xdd\x11\x9b\xd3[*\xf4e\
C4\xe6\xa8\x9c\x9e\x9d\xadU\xe1\xcfN@l\x90\x00\
\x00\x00\x00\x00\x00\x00\x00\x00\x00\x00\x11?\xba\x0f\x96I\
u\xc3T\xb9\x95k\x83Z\xcbR6\x9a\xe4\x8dN/\
\xa7s\xb4c\xfcl{\xb4\xf1?\xa9\xa4\x17.2\xf7\
l\xa1\xbdY\xabl\xf7:v\xd4P\xd7@\xfaz\x88\
\x9d\xc9\xf1\xbd\xaa\xd7'\xca\x8a\xa5Rg6\x05\xae\xcb\
\x8c\xc7\xbba:\xde\xf8\xf6\xd2\xcb\xad,\xcfM;\xfc\
\x0e\xe3\x1c\x9d\x5c[\xcfNJ\x8a\x9d\x00a\xc0\x00\x04\
\xb8\xeej\xfb,\xc6\x1f\x11\xa7\xf3\x8e\x229.;\x9a\
\xbe\xcb1\x87\xc4i\xfc\xe3\x80\x9c\x00\x005\xde\xd0\xb9\
\x96\x99Q\x972\xe2\x96\xdb=2\x99j\x19K\x0c+\
&\xe3w\xde\x8eTs\x97\xa97y!]\x19\xb3\x9b\
\x98\xe33n.\xa8\xc4\xb7y\x1dJ\x8eU\x86\x82\x05\
VS\xc3\xe2gJ\xf6\xae\xaa\xbdd\xd2\xee\x84{A\
\xc7\xe5\x9a\x7f\xb1)^\x00\x00\x00\x009)`\x9e\xaa\
\xa6:jhd\x9ey\x5c\x8c\x8e8\xda\xaes\xdc\xbc\
\x11\x11\x13\x8a\xaa\xf5\x01\xc6{X;\x0a\xe2,cz\
\x8e\xcf\x86m\x15wJ\xd9?\xd1\xc0\xcdwS\xad\xcb\
\xc9\xa9\xda\xaa\x88H\xac\x8f\xd9\x0f\x11b\x05\x86\xef\x98\
r\xcb`\xb6\xea\x8em\x04z-\x5c\xc9\xf9\xdc\xd24\
\xf1\xea\xee|\x10\x9aX\x07\x04a\x5c\x09ee\xa3\x0a\
\xd9\xa9m\xb4\xc9\xa6\xf7{o\x87\x22\xfb\xe7\xb9x\xb9\
{U@\x8d\xb9\x1d\xb1\xfd\xae\xd7\xe8{\xd6e\xd42\
\xe7Z\xd5\xdfK\x5c\x0e\xfe\x0c\xce\xa4\x91\xdaj\xf5\xec\
M\x13\xa3\x89*\xedV\xfa\x0bU\xbe\x1b}\xb2\x8e\x0a\
:H\x18\x8c\x8a\x08#F1\x8dN\x08\x88\x89\xc1\x0e\
\xc8\x00\x00\x00\x00\x00\x00\x00\x00\x00\x0c?43/\x06\
e\xb5\xa9+\xf1e\xe6*5\x91\x15`\xa6o\x87<\
\xea\x9d\x0cbq_\x1a\xe8\x89\xd2\xa8B\x1c\xef\xda\xb3\
\x19cN\xff\x00j\xc2\xbd\xf3\x0cY\x1d\xabUb\x93\
\xf8T\xed\xfc\xe9\x13\xd6\xa2\xa7\xe0\xb7\xe5U\x02Sg\
\xa6\xd1x',\xe1\x96\x86\x19\xe3\xbe\xe2\x04\xd5\x12\x82\
\x96TT\x89\x7f\xa5zj\x8d\xf1s\xecNd\x04\xcd\
\xac\xce\xc5\xb9\x9d\x7f[\xae&\xb8:V\xb1U)\xa9\
#]\xd8i\xdb\xd4\xc6\xfdk\xcdL1\xefs\xde\xaf\
{\x95\xcer\xea\xaa\xab\xaa\xaa\x9f\x90\x00\x00\x00\x00\x00\
\x00\x00\x00\x00\x00\x00\x00\x00\x00\x00\x00\x00\x00-\x93\x13\
\xfbG\xdc\xff\x00\xd9\xc9\x7f\xc3\xa9Se\xb2b\x7fh\
\xfb\x9f\xfb9/\xf8u*l\x01\xfac\x5c\xf7\xb5\x8c\
M\x5c\xe5\xd1\x13\xadO\xc9\xe8a\xa6\xa3\xf1\x1d\xb1\x8b\
\xc9\xd5q\x22\xff\x00m\x00\xb3<\x0dGk\xc9\xad\x9c\
`\xa9H[\xbbk\xb4\xfa6\xa7D\xd1e\x99\xcc\xde\
]|nTO\x11\x5cY\x8b\x8e\xb16=\xc4U\x17\
\xbcIt\x9e\xaey\x9c\xaa\xc69\xdfs\x89\xba\xf0c\
\x1b\xc9\x11\x0bA\xcd\x5c\x18\xecw\x95\xf7,\x1b\x15\xcb\
\xd2\xd4\xb8S\xb2\x1fD\xf7\x9e\xfb\xb8\x88\xad_[\xab\
u\xe5\xd6\x84c\xf5\x0d\xaf\xfa\xc9O\xf7?\xff\x00\xdc\
\x04I\xc3\x18\x8a\xf9\x86.\xf0]\xec\x17J\xabum\
;\xb7\xa3\x9a\x09\x15\xaa\x9di\xda\x8b\xd4Y\xe6Pb\
\x1aL\xe0\xc8\x9bu\xca\xf9I\x14\xd1\xdehd\xa4\xb9\
A\xa6\x8d{\x91]\x14\xba'B*\xa2\xaav*\x11\
\xe7\xd46\xbf\xeb%?\xdc\xff\x00\xff\x00q$2\x17\
.\xd7+r\xe6\x97\x08-\xddn\xdd\xe2ie\xf4G\
x\xefH\xbb\xefWh\x8d\xdev\x9ak\xd6\x05^c\
k\x15F\x17\xc67\x9c7T\xe4|\xd6\xba\xe9\xa8\xde\
\xe4\xe4\xe5\x8d\xea\xdd\xe4\xec]5\xf9O\x1c\xd9\x1bO\
\xf7\x9fT\x166\xef\x0ec\x99\xe9\xac\xba\xab\x15\x157\
\xb8or\xe9\xde\xd7^\xddMn\x05\x96l\x85\x85h\
\xf0.\xcf\xd6\xeb\x84\xf1$U7(]t\xad{\x91\
\x11U\x155bk\xd4\x8cF\xaax\xd7\xac\x819\xd3\
\x98\x17\x8c\xc7\xc7\xd7\x1cAs\xab\x92X\x1f3\x9bG\
\x0a\xaa\xeeC\x0a*\xee5\xa9\xd1\xc3\x8a\xf6\xaa\x961\
\x1f\xf0m\x99)\xfb\xc2\xab;\xde\x11\x89\x1b\xa7G\xf0\
T*\xc4\x00\x00\x01-\xfb\x9a\xbe\xcb\xb1\x87\xc4)\xfc\
\xe3\x88\x90K~\xe6\xaf\xb2\xeca\xf1\x0a\x7f8\xe0<\
\xbe\xe8m\xfa\xf7\x0enP\xd9a\xbbV\xc7m\xf4\x96\
\x09\xbd\x0a\xc9\xdc\x91+\xd6Y\x91]\xba\x8b\xa6\xba\x22\
|\xc8E\xd5UU\xd5x\x92G\xba'\xed\xedC\xe4\
\x0a\x7f=9\x1b@\x96\xdd\xcf\x1cyxLaq\xc0\
\xb5\xb5\xb3T[*)\x1dUM\x14\x8fW$2\xb1\
S]\xddy\x22\xb5WT\xebD9\xfb\xa4Xr\x9e\
\x0b\xee\x19\xc5\x10\xc4\xc6MU\x0c\x94\x93\xb9\x13\x8b\xf7\
\x15\x1c\xcd|H\xaa\x86\x09\xb0\x1f\xba\x06\x9b\xc9\xd5?\
d\xdc]\xd2\x94O\xdc^\x12]\x13_LfM\x7f\
\xfe4\x02\x0d\x9bKd\xdftV\x0d\xf8\xeb\xbc\xd3\xcd\
Zm-\x93}\xd1X7\xe3\xae\xf3O\x02\x5c\xed\xfd\
\x88o\x98\x7f)\xad\xbe\x92]j\xed\xcbYsH*\
\x1dO\x22\xb1\xd2G\xde\xde\xaa\xd5T\xe3\xa6\xa8\x9f1\
^\xf2\xc9$\xb2,\x92\xbd\xd2=y\xb9\xcb\xaa\xa9=\
;\xa3\xbe\xd4\xf6/,\xa7\x9a\x90\x81\x00l]\x9cq\
}\xd7\x06\xe7\x16\x1c\xaf\xb7UI\x14S\xd7EKW\
\x12;\xc1\x9a\x19\x1e\x8d{U9/\x05\xd5:\x95\x11\
z\x09\xd9\xb6\xad\xa2\x1b\xb6\xce\xf8\x85d\x8d\xae\x92\x8b\
\xbdUD\xe5n\xaa\xc5d\x8d\xd5S\xabV\xef'\x89\
T\xae\xac\xbf\xf6wa\xf2\x95?\x9cie\xfbT{\
\x9f1\x97\x93_\xff\x00 *\xd0\xf40\xd5\xae[\xde\
!\xb7Y\xe0EY+j\xa3\x81\xbas\xf0\x9c\x89\xaf\
\xeb<\xf3`\xec\xe1\x03*3\xdb\x06\xc2\xff\x00Z\xeb\
\xacZ\xfc\x8b\xa8\x16\x0f\x99\xd7\xda\x1c\x96\xc8*\x8a\x8b\
dL\x8dmt,\xa3\xa0c[\xc1fT\xddj\xaf\
G=\x5c\xbe\x22\xb1o\xd7{\x9d\xfa\xedQu\xbcW\
O][R\xf5\x92Y\xa6z\xb9\xcer\xaf\x1ed\xfc\
\xee\x85\xd4I\x16F\xd3\xc0\xd5\xd1\xb3]\xa1\xdf\xed\xd1\
\xafR\xbd@\xcar\xbb\x1d\xdf\xf2\xf3\x18P\xe2;\x0d\
d\xb1IO\x22,\xd0\xa3\xd5\x19Q\x1e\xa9\xbd\x1b\xd3\
\xa5\x158vs\xe6Y\xa61\xb4Y\xb3\x7f%*(\
\xda\xdd\xfa\x1cCjeM\x1b\xde\x9a,n{\x12H\
_\xd8\xadv\xea\xfc\x9a\x15DZ~\xccN{\xf6}\
\xc1K#\xd5\xeb\xe9LH\x8a\xbdH\x9a\x22|\x89\xa2\
\x01VOk\x98\xf71\xedV\xb9\xab\xa2\xa2\xa7\x14S\
\xf2z\xd8\xca6\xc5\x8c/Q14k.\x13\xb5\xa9\
\xd8\x928\xf2@\xb3\x9d\x8d\xfd\xcd\xf8O\xf4Sy\xe9\
\x0a\xe0\xc7\x9e\xce/\xdeR\xa8\xf3\xae,\x7fc\x7fs\
~\x13\xfd\x14\xdezB\xb81\xe7\xb3\x8b\xf7\x94\xaa<\
\xeb\x80\xf1I\xf7\xdc\xf2\xc1\xf0Z\xb2\xbe\xb7\x17I\x0a\
z2\xf5T\xe62EN)\x0cJ\xadDN\xcd\xed\
\xf5\xf9\x88\x08Y\xf6\xc7\xf16-\x9d\xb0\xa27\xf0\xa9\
\xdc\xe5\xf1\xab\xdc\xa0C\x8d\xb2\xb3J\xeb\x8d3N\xe7\
a\xa6\xae\x9d\x98~\xcb;\xa9)\xe9\x9a\xe5FI#\
<\x19$rt\xaa\xbb]5\xe8\xd0\xd1Q\xbd\xf1\xbd\
\x1f\x1b\x9c\xc75uG5tT=,]S-n\
*\xbbU\xce\xba\xcb5l\xcfz\xf5\xaa\xbdUO,\
\x0b\x08\xd8G4n\x18\xdb\x03\xd7a\xab\xfdl\xb5\x97\
[\x13\x99\xde\xa7\x97\x8b\xa4\xa6zh\xd4U\xe9V\xaa\
*j\xbd\x0a\xde\xa2:m\xd9\x83\xe90\xbewK]\
o\xa7H)o\x94\xad\xaesZ\xdd\x1b\xdf\xb5V\xc9\
\xa7\x8fF\xb9{\x5c\xa6Y\xdc\xdcs\xd33q#\x11\
\xcb\xb8\xb6mU\xbasT\x9a=\x17\xf5\xaf\xcez]\
\xd2\xc6\xb516\x0cz'\x84\xb4uH\xab\xe2|\x7f\
\xe6\x04D&\xff\x00sn\xc7J\xcc3\x89\xf1\x13\xa2\
j\xd5\xcbU\x1d#d\xe1\xaaF\xd6\xef*|\xeb\xfa\
\x88@L>\xe767\xb6Q\xd4_0-l\xec\x86\
\xae\xb6F\xd6Qo\xbbN\xfa\xadn\xeb\xd8\x9d\xbah\
\xbf8\x1e7t\x0b0/\xd2\xe6$X\x16\x92\xe1=\
5\xa6\x86\x92)\xa6\x82'\xabRi^\x9b\xc8\xae\xd3\
\x9e\x88\xa8\x88\x84U^+\xaa\x93sm\xdc\x8a\xc4\xf8\
\xab\x10\xc7\x8f\xf0u\x14\x97Y}\x0c\xd8n\x141h\
\xb3&\xe2.\xec\x8co\xe1\xa6\x9c\x15\xa9\xab\xb5\xd3D\
]xC\xda\x9c%\x8a\xe9\xaaV\x9a\xa7\x0c\xde\xa1\x9d\
\x17E\x8eJ\x09Z\xe4^\xad\x15\xba\x81\xb66-\xc7\
7\xbc5\x9d\x96[4\x15\xd2\xfaSz\x95i*\xe9\
\x5c\xf5\xefnUj\xee9\x13\x929\x1d\xa7\x1e\xa5T\
\xe9$\x07to\x0e\xd0\xd5e\xa5\x93\x13\xf7\xa6\xa5\xc2\
\x82\xe6\xdaT\x95\x1b\xc5a\x95\x8fUj\xaf\xc2cU\
>^\xb3T\xec}\x91\x98\xd6\xab3m8\xcb\x10\xd9\
+,\xd6[D\xabR\xd5\xad\x89\xd0\xcbQ\x22\x22\xa3\
\x1a\xc6;Gh\x8eTUr\xa6\x9a&\x89\xae\xa6\xc3\
\xee\x8fc\x0a(\xf0\xc5\x83\x03A;]_=g\xa6\
5\x11\xb7\x9cq1\x8fc7\xba\xb7\x9c\xf5T\xf8\x0b\
\xf2\x84 6f\xcb\xf8\xa9\xb8;<\xb0\xd5\xdaiR\
:g\xd4\xfa\x16\xa1\xcb\xc9#\x95\x15\x8a\xab\xe2\xde\xd7\
\xe45\x99\xc9O+\xe0\x9e9\xe3]\x1f\x1b\x91\xed^\
\xa5E\xd5\x00\xb1m\xbcp\xbf\xa7\xf9\x17Sr\x8a%\
}E\x96\xa5\x95m^\xa6/\x80\xff\x00\xd4\xe2\xb9K\
Q\xc3\x950f\xc6\xcf4\xd2N\xde\xfa\x97\xeb\x22\xc5\
*;\xa6]\xc5c\xb9\xfez)V\xf7:9\xad\xd7\
*\xab}Jn\xcfM3\xe1\x91:\x9c\xd7*/\xeb\
@7\xf6\xc0\x98]/y\xdc\x97\x89c\xde\x86\xc9F\
\xfa\x84^\xa9_\xe03\xf5+\xcd\xa5\xdd#\xc5+\x0d\
\xa3\x0c\xe0\xd8e\xd3\xd1\x12\xbe\xe1R\xcd\x7f\x05\xa9\xb9\
\x1a\xfc\xeb'\xcc{=\xce\x8c0\x94\x19ux\xc52\
\xc7\xa4\xb7Z\xde\xf3\x1b\xb4\xe7\x14I\xa7\xdaW\x11\xc7\
l\xbcQ\xfb\xa8\xcf\xeb\xeb\xa3\x97\xbeS[\x1c\xdb|\
)\xae\xa8\x9d\xed4~\x9e7\xef/\xca\x06\x9b\x00\x00\
\x00\x002l\xb1\xc6\xd7\xbc\xbe\xc6t8\xa2\xc3:\xc7\
UJ\xff\x00\x0d\x8a\xbe\x0c\xd1\xaf\xae\x8d\xc9\xd2\xd5O\
\xf31\x92glc\xb3\xd5\xba\xa6\xd7G\x98\xf8\xde\x89\
\xb5N\x99{\xe5\xaa\xdf3ucZ\x8b\xc2g\xa7\xe1\
*\xfe\x0a/.}Z\x06\xfc\xb8\xd9\xf0\xbe\x7f\xe4\xcd\
\x22\xdem\x95\x94\x94\xd7([<=\xfa\x1e\xf7QG\
2p\xdef\xf2tq\xe3\xc9\xc8\xbdJy\xcc\x83)\
6l\xc0}\xf9\xcd\x82\xde\xd7\xa2\xa29t\x92\xb6\xbe\
DN(\x9d.\xe8\xeajj\x9c\x8d{\x9f[X[\
pN$n\x1a\xc1V\xda[\xddE\x1c\xcdm}L\
\x92*@\xd4E\xf0\xa2\x8fw\x9b\xb4\xe1\xbd\xc9\x17\xa1\
\xc6\x7ft\xa0\xcb\xfd\xa6\xf2r)\xe1\x7f\x81**\xd3\
\xcd\xa2-E\xb2\xa9\x13\x8a95\xe6\x9c5o'7\
E\xe9E\x02\x13m\x0f\x9e\xd8\x936\xeeM\x82V\xad\
\xb3\x0fS\xc8\xae\xa5\xb7F\xfdQW\xa1\xf2/\xe1\xbb\
\xf5'\x1d\x0do\x86\xb0\xe5\xff\x00\x12\xd6\xbe\x8b\x0fY\
n\x17j\x98\xd9\xdf\x1f\x15\x1d;\xa5s[\xaa&\xf2\
\xa3QtMU\x13^\xd3\xd5\xcd<\x05\x88r\xdf\x18\
Ua\x9cIJ\xb1TE\xe1C+\x7f\x8b\xa9\x89U\
wdb\xf4\xb5t\xf1\xa2\xa2\xa2\xe8\xa8\xa8H\xce\xe6\
\xb5\x1b\xdf\x8cquz7\xeep\xdb\xe1\x85W\xa9_\
\x22\xaay\xb5\x02+\xdf-\x17[\x15\xcaKm\xea\xdd\
Wn\xad\x8bE}=LN\x8eF\xea\x9a\xa6\xad^\
<P\xe8\x9b\xcfn\x8a\xc6Um\x19y\x89\xaa\x8a\xb4\
\xb4\xd4\xd0\xbb\xb1{\xd2?\xeaz\x1a0\x00\x00\x00\x00\
\x09E\xb3V\xd4\xf5\xd8B\x96\x97\x0a\xe3\xe4\xa8\xb9\xd9\
#\xd2:j\xf6\xae\xfdE#y#]\xaf\xafb|\
\xe8\x9c\xb5DD%>2\xc19]\x9f\x18B\x1a\xd9\
\x16\x8a\xeb\x03\xda\xa9Iu\xa2r$\xf0/\x0dQ\x1d\
\xcd:5c\xbeT*\xd8\xcbr\xc71\xb1~\x5c_\
\x12\xeb\x85.\xf2\xd1\xbdU\x12h\x17\xc2\x86v\xa7\xe0\
\xbd\x8b\xc1\xc9\xc5{S\xa1Q@\xd89\xf3\xb3~2\
\xcb>\xfdu\xa4k\xaf\xd8q\xba\xbb\xd1\xd4\xf1\xe8\xf8\
\x13\xfaVqT\xf8I\xaap\xe3\xa7#H\x96Q\xb3\
\xce\xd0\xb8c6\xa2K\x1d}<v\x9cK\xde\x95d\
\xa0\x91\xdb\xd1U5\x13\xc2tN^}*\xac^(\
\x9e\xf9\x11T\xd0\x9bk\xe4-\xbf\x09E\xfb\xe0`\xda\
4\xa6\xb4\xcd*2\xe5E\x1f\xac\xa7{\x97\x84\x8cN\
\x86\xaa\xf0TN\x08\xbai\xa2\x01\x14\x80\x00YF\xc3\
\x1e\xe6\xeb\x0f\xe9\xea\xfc\xfb\xca\xff\x00\xcdW\xbd37\
\x13\xa2=\xc8\x9e\x9a\xd4\xf4\xff\x00H\xe2\xc06\x19\xf7\
7X\x7fOW\xe7\xdeW\xeek{gb\x7f+T\
\xf9\xc7\x01\x8d*\xaa\xae\xaa\xba\xa9\xf0\x00\x00\xdc\xbb>\
l\xf9\x8asi\x1fseC,\xd8~);\xdb\xeb\
\xe6\x8d^\xb2\xb99\xb6&p\xdeT\xe9UTD\xed\
\xe4I\x8a-\x93r_\x0d\xd31\xf8\x9e\xf7p\xa9s\
\x93\x8b\xeb\xae,\xa6b\xafN\xea5\x1b\xc3\xe5P \
\xc6\x0e\xbdWa\xdcSl\xbd\xdb\xaa$\x82\xa6\x8e\xa6\
9\x98\xf6.\x8b\xc1\xc8\xbax\x97\x91e\x9bHQ\xc5\
\x88\xf6m\xc4n\x9d\x8dW>\xd6\xda\xb6.\xee\xbb\xae\
n\xeb\xf5O\x99S\xe55\xead\x86\xca\xccr5\xd7\
K:=:\xf1B\xa2\xf9\xd3l\xe7\x84PA\x90\xd8\
\xa2\x1aUE\x82;,\x8d\x89Q\xdb\xde\x0a3D\xe3\
\xd3\xc3\xa4\x0a\xa6\x00\x01i\xd8N\xae\xa2\x83e\xfbM\
u$\xae\x86\xa6\x9f\x06\xc3,R7\x9b\x1e\xda4T\
T\xf1*\x15\x83}\xbd]\xef\xb5\xf2\xd7\xde\xaeuw\
\x0a\xa9\x5c\xaf|\xb5\x12\xab\xdc\xe5^\x9dT\xb3{\x17\
\xb9F\x83\xfd\x88\x8f\xfc\x12\x15p\x07-,\xf3\xd2\xd4\
GSM4\x90\xcd\x1b\x91\xcc\x927+\x5c\xd5N\x94\
T\xe4Zn\xcf\xd8\x92\x5c}\x91\xb6\x1b\xb5\xd6E\xa8\
\xa9\xab\xa2Zz\xc7;\x8a\xbd\xcdUc\x95z\xd5Q\
5\xf9J\xad,\xb7bOs\xad\x87\xe1\xcf\xe7\x14\x0a\
\xeb\xc7\x16\xe6Zq\xa5\xee\xd7\x1bwc\xa4\xaf\x9e\x16\
&\x9ah\xd6\xc8\xa8\x9f\xa9\x10\xf1\x8c\xbb9\xfd\xb6q\
W\x95j>\xda\x98\x88\x16/\xb0n\x13\x82\xc1\x91\xd4\
\xf7\x85\x85[[|\xa8\x92\xaag98\xab\x1a\xe5d\
h\x9d\x9b\xad\xd7\xfa\xcaC\xed\xa6\xf3:\xf1\x98y\x9b\
v|\x95\xf2\xad\x96\x8a\xa5\xf4\xd6\xeaV\xbd{\xdbc\
c\x95\x11\xfarW;MU{{\x09\xf1\xb3\x83\x12\
\x9bg|\x1c\xb1\xa6\x8b\xe9,R|\xaa\xcdJ\xb7\xad\
Uud\xeeU\xd5VG*\xaf\xca\x07\x09a}\xcf\
\x1fhj\x9e?\xff\x00\xbc\xa8\xf3p\x95\xe8XWs\
\xc7\xda\x1a\xab\xcb\x95\x1ej\x10!\xd6\xd3\x1e\xdfx\xcb\
\xcao\xfa\x90\xd7F\xc5\xdac\xdb\xef\x19yM\xff\x00\
R\x1a\xe8\x003\xdc\x96\xca\x8cS\x9a\xd8\x85\xd6\xbc=\
\x14q\xc1\x02#\xaa\xebg\xd5\x22\x81\xab\xd7\xa75^\
\x84N}\x84\xb6\xc3\xbb\x1ce\xc5\x96\xde\xda\xac]\x88\
\xeew\x19\x19\xa7}\x7f}e%:|\x9c\x5c\x9f+\
\x80\x81\xacs\x98\xf4{\x1c\xadsWTT]\x15\x14\
\xb4\xdc\x80\xbb\xcd\x8e\xf6\x7f\xc3\xd5\x97\xe5\xf4T\x95\xf6\
\xc5\xa6\xacs\xd7U\x9bwz'+\xbb\x5c\x8dU_\
\x19\xac\x9f\x91{-S*\xc7Qs\xb4\xb5\xe8\xba*\
I\x89\x95\xab\xf3w\xd47\x96X\xd9\xf0\xb5\x83\x03\xdb\
\xed\x18*x'\xb0\xd3\xa3\xd2\x91\xf0\xd5z!\x8a\x8a\
\xf7+\xb4\x93U\xde\xf0\x95\xdd<9\x01R\xf7\x8aE\
\xb7\xdd\xeb(\x15w\x96\x9aw\xc2\xab\xd7\xba\xe5O\xf9\
\x1dC\xd7\xc6\x9e\xcco~P\x9f\xce8\xf2\x00\xb0\xee\
\xe7\xb7\xb4\x14\x9eZ\xa9\xfb\x11\x11+i\xbcq\x8b1\
\x06kb\x0bu\xda\xfb[QCA_,\x14\xb4\xdd\
\xf1[\x14LE\xd1\x11\x1a\x9c9'>\x92Z\xf7=\
\xbd\xa0\xa4\xf2\xd5O\xd8\x88\x84\xf9\xf3\xed\xcd\x8b\xbc\xab\
?\xdaP0\x90\x00\x16{\xb2\xe6\x1e\xb7\xe0m\x9e\xec\
R=\x9d\xe1g\xa1\xf4\xd2\xbeG'\x85\xbd#w\xdd\
\xaf\xc1n\x89\xe2B\xbd\xf3\x931/\xf9\x91\x8d\xeb\xef\
\xd7\x8a\xc9\x9d\x14\x939))w\xbe\xe7M\x0a/\x80\
\xc6\xa7.\x09\xa6\xab\xcdWU^e\x8d\xe2%ZM\
\x99\xae\xae\x83\xc0Xp\x84\xea\xcd:\x15)\x1d\xa1U\
\xe0\x0b6\xd8\xd3\xdc\xc9\x84\xbfEU\xfe*b\xb2K\
6\xd8\xd3\xdc\xc9\x84\xbfEU\xfe*`+\x9b0\xbd\
\x9fb/*T\xf9\xd7\x1e\x11\xee\xe6\x17\xb3\xecE\xe5\
J\x9f:\xe3\xc2\x00\x00\x00I\xbe\xe7\x8e\x0f\xa6\xbef\
\x8d\xcf\x13VD\x92\xb3\x0f\xd1\xb5`EMQ\xb3\xcc\
\xaek]\xf25\x92i\xda\xa8\xbd\x04d&\xbfsF\
6\xa5\x9f\x1b\xcb\xa7\x84\xea\x8a6\xaf\x89\x1b*\xff\x00\
\xcd@\xfc\xf7B3:\xe7l\x9a\xd9\x97v:\xf9\xe9\
\x12\xa2\x9dk.\x8b\x12\xabVF+\x95\xb1\xc7\xaat\
x/UO\x82B\xb5UU\xd5WUSym\xd3\
S,\xfbG\xde\xe3\x91um=5,q\xf67\xbc\
\xb5\xdf[\x94\xd1\x80J\xdd\x81\xb3R\xe7C\x8c\xd7/\
.\xf5\xf3TZ\xee1\xb9\xd4\x0d\x95\xea\xe4\xa7\x9d\xbc\
tn\xbc\x91\xc9\xaf\x0e\xbd\x0c\xaf\xba9\x83\xa9_g\
\xb1c\x8ax7j\xe3\x99hj\x9e\xd4\xe0\xe8\xd5\x15\
\xccU\xe1\xcd\x15\x15<JG-\x96\x9d#v\x84\xc1\
]\xed\xea\xc5[\x9b\x11t\xe9M\x17T&^\xdf\xed\
E\xd9\xf2uT\xe2\x97Jm>w\x01] \x00,\
\xa7a\x9fsV\x1e\xfd=g\xf8\x99\x0a\xf5\xcc\x8e\x19\
\x87\x88\xfc\xabS\xe7\x5cXV\xc3>\xe6\xac=\xfaz\
\xcf\xf12\x15\xed\x99\x1e\xd8x\x8f\xca\xb5>u\xc0c\
\xe0\x00\x00\x00\x07\xd65\xcfr5\xadW9WDD\
MUT\xf8l}\x99\xf0\xbb\xb1vx\xe1{W{\
\xde\x82:\xd6\xd5\xd4p\xe0\x91\xc3\xf7E\xd7\xb1U\xa8\
\xdf\xeb\x01a\xf8&\x8e\x97*\xb2\x06\x8a:\xb6\xb1\xb1\
\xe1\xfb\x1a\xd4Ui\xc1\x1c\xf6F\xb2I\xf2\xab\xb5\xf9\
\xca\xb3\xbbWT\x5c\xee\x95w*\xb9\x16J\x8a\xb9\x9f\
<\xaf^n{\x9c\xaeU\xf9\xd4\xb6\xec\xc3\xc2v\xfc\
o\x82\xee8R\xe9=U=\x0d\xc1\x8d\x8eg\xd2\xbd\
\x19&\xea9\x1d\xa2*\xa2\xe9\xae\xee\x8b\xc3\x92\xa9\xa3\
\xfdF\x99S\xf8\xee#\xfa[?`\x0d3\xdc\xe9\xc4\
\xfe\x96\xe6}\xdf\x0cK.\xec7\x8a\x0e\xf9\x1b=\xf4\
\xd0\xae\xf2\x7f\xc0\xe9Ok\xbaC\x85R\x0b\xfe\x1b\xc6\
P\xc6\xbaUB\xfa\x0a\x97to1w\xe3\xfdN\x7f\
\xcc\x86\xe8\xc0[.\xe5\xf6\x0a\xc5\xf6\xdcQe\xb8b\
\x06\xd7\xdb\xe6Ib\xef\x95LV;\x86\x8a\xd7&\xe2\
j\x8a\x8a\xa8\xbe3\xb7\xb6\x9e\x16n&\xc8\x1b\xdb\xdb\
\x1a:\xa6\xd3\xbbp\x85\xcb\xcd\xbd\xed|=<lW\
'\xca\x05h\x00\x00\x96\x1d\xcd\xafgX\xab\xc9\xd1y\
\xc5?}\xd2\x7ff\xf8W\xc9\xb2y\xd5?\x1d\xcd\xaf\
gX\xab\xc9\xd1y\xc5?}\xd2\x7ff\xf8W\xc9\xb2\
y\xd5\x02&\x00\x00\x00\x00\x00\x00\x00\x00\x00\x00\x1c\xb4\
\x955\x14uQURO-<\xf19\x1f\x1c\xb1=\
Z\xe698\xa2\xa2\xa7\x14S\x88\x01*2;k\xdb\
\xf5\x85)\xec\xd9\x8d\x04\xb7\xdbr*5.Q\xe9\xe8\
\xc8\x9b\xf9\xc9\xca_\x1a\xe8\xee|W\x914p&3\
\xc3\x18\xe6\xc5\x1d\xef\x0a\xde)\xaeto\xe0\xae\x89\xde\
\x14n\xf7\xafj\xf8Lwb\xa2)P\xc7\xb9\x82\xb1\
n$\xc1\x97\xb8\xef8^\xf1Uk\xadg\x0e\xf9\x03\
\xf4G\xa6\xba\xee\xb9\xbc\x9c\xde\xc5E@-\xf0\x11G\
#\xb6\xbf\xb2\xde\x96\x0b>d\xd3\xc5e\xaf]\x1a\xdb\
\x9c\x08\xabK*\xfe{x\xack\xdb\xc5\xbc\xd7V\xf2\
%=\xba\xb6\x8e\xe3E\x0du\xbe\xaa\x1a\xbaY\xd8\x8f\
\x8ah^\x8fc\xda\xbcQQS\x82\xa0\x1c\xe0\x00\x00\
\x00\x00\x00\x00\x00\x04k\xdb\xab(\xebq\xc6\x14\xa2\xc5\
\xb8n\xdd-m\xfa\xcd\xacr\xc1\x037\xa5\xa9\xa5r\
\xea\xa8\xd4N.s\x1d\xe1\x22'C\x9f\xcdt$\xa0\
\x02\x9a\xa6\x8eHe|SF\xe8\xe4c\x95\xafc\x93\
Ej\xa74T\xe8S\xf0Z\x0et\xe4\x1e\x01\xcd\x08\
\xe6\xaa\xb8\xd0zY|sSr\xebD\xd4l\xaa\xa9\
\xcb\xbe7\xd6\xc8\x9c\xbdw\x1d\x13DT \xcet\xec\
\xfd\x8f\xb2\xc6Ij\xeb(\xbd5\xb1\xa3\xd5#\xb9\xd1\
5\x5c\xc4N\x8e\xf8\xdeq\xaf\x8f\x86\xbc\x95@\xd4\x84\
\xb8\xeej\xfb,\xc6\x1f\x11\xa7\xf3\x8e\x229.;\x9a\
\xbe\xcb1\x87\xc4i\xfc\xe3\x80\x9c\x00\x00#\xb7t#\
\xda\x0e?,\xd3\xfd\x89J\xf0,?\xba\x11\xed\x07\x1f\
\x96i\xfe\xc4\xa5x\x00\x06g\x95\xd9a\x8d3&\xec\
\xda\x0c+f\x9a\xa5\x88\xe4l\xd5oEe<\x1d\xaf\
\x91x'O\x0ek\xd0\x8aM\xdc\x8d\xd9W\x07`\x94\
\xa7\xbbb\xb4\x8b\x13_Y\xe1'}g\xf0H\x1d\xf9\
\x91\xaf\xafT\xebw\xcc\x80E<\x92\xd9\xd7\x1e\xe6c\
\xa1\xafm7\xa4\x96\x07**\xdc\xabX\xa8\x92'\xf4\
L\xe0\xb2x\xf87\xb4\x9c\xf93\x91\xf8\x0f+\xa9\x99\
%\x96\xdc\x95We\x8fvk\xa5W\x87;\xfa\xf7z\
\x18\x9d\x8d\xd3\xb7Sf5\xadkQ\xadj5\xa8\x9a\
\x22\x22h\x88\x87\xd0\x00\x00\x00\x00\x00\x00\x00\x00\x00\xfc\
\xc8\xf6G\x1b\xa4\x91\xedc\x1a\x9a\xb9\xce]\x11\x13\xad\
H\xe9\x9e\x1bW`\xfc\x1b\xe8\x8bF\x11H\xf15\xf1\
\x89\xbb\xdf#\x7f\xf08]\xf9\xd2\x22\xf8j\x9e\xf5\xbe\
%TP7\xee\x22\xbeY\xf0\xed\xa2{\xbd\xf6\xe7K\
m\xa0\x815\x96\xa2\xa6Tc\x1b\xf2\xafOgI\x10\
\xb3\xc7lUsf\xb3\xe5]2\xb7\x8e\xeb\xafUq\
y\xa8\x9c\x9f\xf1?\xfb=$c\xcc\xfc\xc9\xc6Y\x91\
x[\x96,\xbcMV\xadr\xac4\xcd\xf0)\xe9\xd3\
\xa9\x91\xa7\x04\xf1\xf1U\xe9U1\x00;\xf8\x82\xf5v\
\xc4\x17y\xee\xd7\xbb\x8dM\xc2\xbe\xa1\xdb\xd2\xcfQ\x22\
\xbd\xee_\x1a\x9d\x00\x00\x00\x00\x00\x00\x00\x00\x00\x00\x00\
\x00\x00\x00\x00\x00\x00\x00\x00\x00\x00\x00\xb6LO\xed\x1f\
s\xff\x00g%\xff\x00\x0e\xa5M\x96\xc9\x89\xfd\xa3\xee\
\x7f\xec\xe4\xbf\xe1\xd4\xa9\xb0\x07r\xc92S\xde\xa8j\
\x15Q\x12*\x88\xde\xba\xf69\x14\xe9\x80-[9\xe7\
\xb8\xd5d& \xac\xb3UOM\x5c\xeb:\xcf\x04\xf4\
\xf29\x8fb\xee\xa3\xb5k\x9b\xc58k\xc8\xado\xdf\
71\xff\x00/\xf1O\xfb\xde\x7f\xda'\xde\xc9\x19\x85\
k\xcc\x8c\x9d\xa6\xb3WM\x14\xb7Ke7\xa0.\x14\
\xae\x7f\x84\xf8\xb7wZ\xfd9\xee\xb9\xbc<h\xa4u\
\xce]\x91q\xad\xa6\xfd=^\x00\x86;\xfd\x9eg\xba\
FB\xb2\xb2\x19\xe9\x91WTb\xa3\xdc\x88\xf4NH\
\xad\xe2\xbdH\x06\x8e\xfd\xf3s\x1f\xf2\xff\x00\x14\xff\x00\
\xbd\xe7\xfd\xa1\xfb\xe6\xe6?\xe5\xfe)\xff\x00{\xcf\xfb\
FM\x1e\xcf9\xcc\xf7\xabS\x01\x5c\xd1Qt\xf0\x95\
\x88\x9f:\xb8\xf5(\xb6]\xce\xea\xa6o\xa6\x0eH\x93\
M~\xedp\xa7b\xfc\xca\xfd@\xd3\x953MSQ\
%ED\xaf\x9ai^\xaf\x92G\xb9\x5c\xe7\xb9WU\
UU\xe6\xaa\xbd'\x19\xc9Q\x14\x94\xf3\xc9\x04\xccV\
I\x1b\x95\x8fj\xf3EE\xd1P\xe3\x02\xd3\xb0\x9a\xb3\
\x11\xec\xd1le\x1b\xd2E\xaa\xc2\xd1\xc4\x8b\xc9\x15\xe9\
N\x8dT\xfe\xd2*\x15f\xf6\xb9\x8fs\x1e\xd5k\x9a\
\xba9\x154T^\xa2y\xec\x07\x99\x94\x17\x8c\x06\xb9\
wp\x9e8\xee\x96\x85{\xe9#w\x0e\xff\x00L\xf7\
+\x97N\xb5k\x9c\xed{\x1c\x9dJa\x1bBl\x99\
\x89j\xb1mn!\xcbh\xe9kh\xab\xe5Y\xa4\xb7\
IP\xd8\xa5\x82G.\xae\xdds\xd5\x1a\xac\xd7\x8f\x17\
\x22\xa6\xbah\x04A\x06\xe8\xa6\xd9o<'~\xef\xee\
9\xb1\xa2st\x97\x1adO8by\xb5\x94\xd8\xcf\
+\xa4\xb7\xb3\x16\xd1\xd3\xc0\xb5\xecs\xa0Xj\x1b*\
.\xee\x9a\xa2\xe9\xc9x\xa0\x18\x19-\xfb\x9a\xbe\xcb\xb1\
\x87\xc4)\xfc\xe3\x88\x90K~\xe6\xaf\xb2\xeca\xf1\x0a\
\x7f8\xe01\xae\xe8\x9f\xb7\xb5\x0f\x90)\xfc\xf4\xe4m\
$\x97tO\xdb\xda\x87\xc8\x14\xfezr6\x81 \xb6\
\x03\xf7@\xd3y:\xa7\xec\x9b\x8f\xbaS\xec'\x09y\
Jo6\x86\x9c\xd8\x0f\xdd\x03M\xe4\xea\x9f\xb2n>\
\xe9O\xb0\x9c%\xe5)\xbc\xda\x01\x06\x8d\xa5\xb2o\xba\
+\x06\xfcu\xdei\xe6\xad6\x96\xc9\xbe\xe8\xac\x1b\xf1\
\xd7y\xa7\x81){\xa3\xbe\xd4\xf6/,\xa7\x9a\x90\x81\
\x04\xf7\xee\x8e\xfbS\xd8\xbc\xb2\x9ejB\x04\x01\xeee\
\xff\x00\xb3\xbb\x0f\x94\xa9\xfc\xe3K/\xda\xa3\xdc\xf9\x8c\
\xbc\x9a\xff\x00\xf9\x15\xa1\x97\xfe\xce\xec>R\xa7\xf3\x8d\
,\xbfj\x8fs\xe62\xf2k\xff\x00\xe4\x05Z\x19\xb6\
CW\xc7k\xcel%]+\xda\xc6Eu\x87W9\
x&\xae\xd3\xfef\x12~\xe9\xe5\x92\x09\xe3\x9e\x17\xab\
%\x8d\xc8\xf699\xb5QuE\x02\xc4\xb6\xfe\xb7>\
\xb7 \xe4\xa8\x8e7=\xd4w(%r\xa2*\xee\xb5\
w\x9a\xaa\xbf:\x15\xd4Y\xd6Rb\x9c9\x9e\xd9\x16\
\xb45\xf22Yjh\xbd\x01x\xa6k\xd1d\x86]\
\xdd\x15\xdc{tsUSB!\xe3\xbd\x93sZ\xc5\
x\x9a\x1b\x1d\xb2\x0cCn\xdf^\xf1SMS\x1b\x1c\
\xad\xe8\xdfc\xd5\x15\x1d\xa7=5N\xd04\x09k\xd9\
\x0do[.G`\xea9\xf5\x8d\xf0\xd9)\x9d6\xff\
\x00\x0d\xc7,H\xe7\x22\xf8\x95W\xe6\x22FGl\x93\
\x8ck1E\x0d\xd70\xe9\xa9\xad6jY\x9b,\xb4\
K3e\x9a\xabuuFh\xd5V\xb5\xab\xa6\x8a\xaa\
\xba\xe9\xc98\xea\x92\x13k\xdc\xd2\xb7e\xdeWWZ\
\xe9\xaaY\xe9\xfd\xea\x99\xf4\x94\x101Sz697\
_2\xa7B5\xaa\xba/K\xb4N\xb0+\x86\xfdV\
\x97\x0b\xe5}{UU*jd\x995M=s\x95\
y|\xa7H\x00,\xe7c\x7fs~\x13\xfd\x14\xdez\
B\xb81\xe7\xb3\x8b\xf7\x94\xaa<\xeb\x8b\x1f\xd8\xdf\xdc\
\xdf\x84\xff\x00E7\x9e\x90\xae\x0cy\xec\xe2\xfd\xe5*\
\x8f:\xe0<R\xcd6.\xafe~\xce\x98m\xccs\
U`I\xa0r'B\xb2W'\x12\xb2\xc9s\xdc\xfa\
\xcd\x1a\x1bMmv\x5c\xde\xaa\x99\x03+\xe5\xf4U\xae\
I\x1d\xa3V]\x11\x1f\x16\xaa\xbc\x15Q\x11Q:W\
{\xb0\x08\xcd\x996\xc9,\xd9\x83\x88mR\xb1\xcc}\
%\xcax\x95\xaa\x9a*i\x22\xa1\x8f\x93\x9fkM\x9a\
oX\xd3\x15I\x8d\xf0\x12SK_V\xd4K\x85\xbe\
Y\x1b\x0f|{Z\x88\x92F\xe5\xd1\xba\xaa\x22o#\
\x958\xa6\xba\xae\xab\xa6\x82\xb2\xec\xb7\x9d7\x1a\xf6S\
I\x85\x99A\x1a\xbbG\xd4UV\xc2\xd8\xd8\x9dk\xba\
\xe5r\xa7\xc1E\x03h\xf75\xadO\x93\x12\xe2\xeb\xde\
\xeb\xb7 \xa3\x86\x95\x1d\xa7\x05Y\x1e\xae\xd3\xc7\xf73\
\xa7\xdd%\xaf\x8alw\x85\xad\xcdr,\x94\xd6\xe9e\
sz\x92I\x11\x13\xec)&2S\x01\xd8\xf27)\
\x9fE_s\xa7\xfb\x96\xfdu\xda\xe1\x22\xeeF\xb2n\
\xa6\xf6\x8a\xbc\x98\xd4j\x22k\xd5\xae\x88\xab\xa1_{\
D\xe6\x17\xef\x9b\x9a\xd7<M\x0f|m\x07\x83O@\
\xc9\x13G6\x06k\xbb\xaatj\xaa\xe7i\xf9\xc0k\
\xc2\x5cw:\xb0E\x96\xebw\xbd\xe3K\x84\x11\xd4W\
Z_\x1d=\x0a?\x8fys\xda\xaa\xe9\x11:\xf4\xe0\
\x8b\xd1\xaa\x91\x1c\x90[\x0b\xdeq\xe5\x16lz[\x84\
\xa9!\xad\xb7VF\x8bw\x8e\xa5\xea\xc8\xa3\x85\xab\xfc\
f\xf2\x22\xee\xbd5\xd18.\xba\xe9\xda\x81\xbd\xb3\xcb\
i\xccE\x96\x19\xb7Q\x86\xe7\xc0\xf0\xd5\xd9a\x89\x8e\
d\x92L\xf8f\xa8\xd55W\xb1\xfa9\xbb\xa9\xcbM\
\xd5\xe5\xcd\x0f%\xbbn\xe1\x95\x89\x1c\xfc\x05uIz\
Z\x95\x91\xaa|\xfa\x7f\xc8\x91\x19\x99\x7f\xcb\xcb=\x15\
-.aVXa\xa4\xad\x91c\x86+\xabctr\
.\x9cx=\x154\xebU\xe0kK\xce\xce\xf9\x09\x8f\
i\x16\xba\xcbCMK\xdfW\x85U\x86\xbd\x11\xbf#\
uti\xf24\x0d+\x8dv\xd9\xc4\x15\x94o\xa7\xc2\
XB\x8e\xd3+\x93D\xa9\xad\xa8Z\x977\xb5\xacF\
\xb5\xa8\xbe=\xe4\xec\x22\xe6&\xbe\xde1-\xf2\xaa\xf9\
~\xb8Op\xb8\xd5\xbf~z\x89\x9d\xab\x9c\xbc\x93\xc4\
\x88\x9a\x22\x22pDDD%><\xd8\x9e\xf7J\xc9\
*0V+\xa5\xb95\x17V\xd2\xdc\x22X$\xd3\xa9\
\x1e\xdd\xe6\xb9|h\xd4\x22\xee/\xc37\xec#}\x9e\
\xc7\x89-U6\xcb\x84\x0b\xe1\xc3;4]:\x1c\x8b\
\xc9\xcd^\x85MQ@\xf2\x00\x00O\xae\xe7~)[\
\xa6W\xdc\xf0\xd4\xf2\xefKg\xad\xde\x89\x1c\xee=\xea\
T\xd7DN\xa4r/\xceF\x1d\xaf0\xcf\xeeg?\
\xb1\x0d4q\xa3 \xad\x95\xb5\xb05\xa9\xc1\x1b*k\
\xa7\xcf\xa9\x92\xec\x19\x8a\x99\x87\xf3\xc6\x1bd\xf2\xb68\
/t\xaf\xa3]zdO\x0d\x89\xf2\xaahI}\xa4\
2:\xbf1s+\x07b{jSz\x1e\x86f\xc7\
uk\xe4\xdds\xa1k\xd1\xe8\xa9\xaf>\x94\xd3\xb4\x0c\
\xb7/\xe0\xa5\xca\x8d\x9a\xa8\xa6\xa8lq\xad\xa2\xc8\xb5\
sk\xc1\x1f2\xb1^\xa8\xbd\xaa\xe5D\xf9J\xc2\xb9\
U\xcb_q\xa9\xae\x9d\xca\xe9j%t\xafU^*\
\xaeUU\xfa\xcb\x08\xdb\xdb\x13\xb3\x0fdzX\xa9\xdf\
\xde\xe6\xbd\xd52\x95\xacN\x98Y\xe1\xbf\xeab|\xa5\
w\x80\x00\x00\x00\x01\xdb\xb3\xc3\x1dE\xde\x8e\x9eo\xe2\
\xe5\x9d\x8c\x7f\x1e\x85r\x22\x96\x95\x9bu\xb3\xe1m\x9f\
\xef\x95VM\xe8\xa4\xa1\xb2+)\x96$\xe2\xc4\xdcF\
\xa2\xa7\x89\x14\xaa\xc8\xde\xf8\xe4l\x91\xb9Z\xf6*9\
\xaa\x9d\x0a\x85\x9f\xe4n5\xc3\xb9\xc5\x93QS\xcd,\
SL\xea\x1f@]\xe8\xf5\xf0\xe3v\xe6\xeb\xb8/B\
\xa7\x14_\xf2\x02\xb0\x1e\xe7=\xee{\xdc\xaes\x97U\
U]UT\xd8\x99\x05\x9bW\xdc\xa5\xc6,\xbb[\x9c\
\xfa\x8beB\xb5\x97+z\xbbFT\xc6\x9d)\xd4\xf6\
\xea\xaa\xd7tr\xe4\xaa\x8b\xb0\xf3[d\xcc\xc5\xc3\x97\
y\xe5\xc2\x94\x8d\xc4\xb6w=V\x17\xc0\xf6\xb6x\xdb\
\xd0\xd7\xc6\xe5EU\xedn\xa9\xe2\xe4k\xfbnC\xe7\
\x05}{h\xa2\xcb\xeb\xecr9\xdb\xa8\xfa\x8au\x86\
4^\xb5{\xf4j'n\xa0N\xcc\xc2\xc2\x18\x13i\
,\xa6\xa3\xaf\xb7\xd6\xc6\xae{\x16kU\xce6\xeb-\
$\xbah\xe6=\xbc\xf4\xd54{\x17\xab^\x0a\x88\xa9\
\xe7\xec\x8f\x96U\xb9E\x96\x97gb\x94\xa7\xa5\xbaU\
\xd6K=c\x92TV2\x08\xb5l~\x17V\x88\xe7\
\xf8\x9e\x9a\xe8\xba\xa1\xe6l\x83\x92\xb8\xc3*\xa9n\x15\
\xb8\x97\x115\x1bqcU\xd6jww\xc8bz\x7f\
\xa4s\xd7\xfd\x22'\x0f\x03\x86\x9c\xd5\xda&\x9b;4\
ll\xcc\xfc\xa6\xbdX0\xe6#\x8a\x9f\xd38\x1f\x04\
U\xd4\xcfI#W5\xda:7*k\xe0\xaa\xb5X\
\xed8\xa2*\xf8\x80\xac\x9c\xdd\xc4\xeb\x8c\xf3;\x11b\
t\xfe.\xe1]$\x90\xf6D\x8b\xbb\x1a\x7fa\x1ab\
\xa7\xb5\x8d\xb0\xbd\xef\x06bz\xdc9\x88\xa8\x9fGq\
\xa3~\xe4\x91\xbb\x8a/J9\xab\xc9Z\xa9\xa2\xa2\xa7\
4S\xc5\x00\x00\x00\x01\xed\xe0<1s\xc6x\xc2\xd9\
\x85\xac\xfd\xe5+\xae3$0\xac\xcf\xddb.\x8a\xaa\
\xae^\xa4DU\xe9^\x00x\x80\x90\xf5\x1b\x1ef\xf4\
k\xf74\xb1M\xf0+\xb4\xfa\xda\x87\x1b6@\xce\x17\
9\x11i\xac\xacE\xe9Z\xf4\xd1>d\x03K`J\
\xab\x8d\x0e5\xb2\xd5\xdae\x96*\xf8\xab\xa1u;\xe3\
]\x1c\x8f\xdfM4R\xd2\xb3\xd2\x8e\x92\xbf'qe\
-kZ\xe8\x1fj\x9f{ytN\x0cUE\xf9\xd1\
\x08\xfd\x90[#\xcf\x85\xf1]\x0e(\xc7wz\x1a\xe9\
h%I\xa9\xad\xf4H\xe7\xc6\xb2'\x16\xbaG\xb9\x13\
TE\xe3\xba\x89\xa2\xf4\xafA\x99m\xbf\x99\x96\xfc%\
\x95\x95\x98Z\x9a\xae7_/\xd1\xfa\x1d\x905\xda\xba\
8\x17\xf8\xc9\x17\xab\x87\x04\xedP+\xa8\x00\x05\x94l\
3\xeen\xb0\xfe\x9e\xaf\xcf\xbc\xaf\xdc\xd6\xf6\xce\xc4\xfe\
V\xa9\xf3\x8e'\xbe\xc1u\xf0Ul\xf1n\xa6\x8aD\
t\xb4u\xb51J\xdfz\xab*\xbd?S\x90\x89\xf9\
\xdb\x92y\x9b\x0ekbI-\xd8\x22\xf9r\xa0\xa8\xb9\
O=-M\x1d\x1b\xe6\x8eH\x9e\xf5sWV\xeb\xa2\
\xe8\xa9\xc1x\xa0\x1aH\xfa\xd4\xd5\xc8\x89\xd2\xa7\xa1\x88\
\xacW\xac9t}\xae\xff\x00i\xad\xb5W1\xa8\xe7\
S\xd5\xc0\xe8\xa4DT\xd5\x17u\xc8\x8b\xa2\xa1\xe7\xa2\
\xe8\xa8\xa9\xd0\x05\xa8`h\xe92\xfbg[\x5c\x94\xd1\
\xa4q\xda\xb0\xf3j\x9c\x9apY;\xd7|z\xf0\xeb\
z\xaa\xfc\xa5b\xe2\xdcK{\xc5w\xfa\xab\xed\xfe\xe3\
=u}S\xd5\xf2I#\x95~DN\x84NH\x89\
\xc1\x0b5\xca;\x8d\xb71\xf6y\xb46\x09\x9a\xf8\xab\
l\xa9AS\xa2\xf1\x8eV\xc7\xde\x9e\x8a\x9d\x1cQW\
\xc4\xa9\xd6A\x1cS\xb3vp\xd8\xae\xd3Q7\x08V\
\x5c\xe2c\xd5\xb1\xd4\xd0\xe94r\xb7U\xd1\xc9\xa2\xea\
\x9a\xe9\xc9\xc8\x8a\x9d jHU{\xf38\xfe\x12\x16\
\x97\x9b\x1e\xe6\xfb\xe7\xfb:\xbei\x08u\x96\x9b#\xe6\
^!\xab\x8a|F\xca|-oG\x22\xb9\xf5.I\
gs\x7f6&\xaf?\x84\xad&vvS%\x16A\
bj4~\xfaAd\x92$v\x9aon\xc7\xa6\xbf\
\xa8\x0a\xa8\x00\x01h\xf6/r\x8d\x07\xfb\x11\x1f\xf8$\
*\xe0\xb4{\x17\xb9F\x83\xfd\x88\x8f\xfc\x12\x15p\x00\
\xb2\xdd\x89=\xce\xb6\x1f\x87?\x9cR\xb4\x8b-\xd8\x93\
\xdc\xeba\xf8s\xf9\xc5\x02\x00g?\xb6\xd6*\xf2\xad\
G\xdbS\x112\xec\xe7\xf6\xda\xc5^U\xa8\xfbjb\
 Z>\xca\xd5\x91]6x\xc2\x0a\x8a\x8fk-\xcd\
\xa6v\x9f\x98\xaa\xc5O\xd4V-\xf2\x96Z\x1b\xd5u\
\x14\xedV\xcb\x05D\x91\xbd\x154TTr\xa2\x93/\
\xb9\xeb\x99\xb4o\xb3\xd5e\x95\xd2\xa9\x91UA#\xea\
\xadH\xf5DIX\xe5\xd6H\xd3\xad\xc8\xe5Wi\xd4\
\xab\xd4\xa7Ki\xfd\x96\xf15\xef\x1b\x5cq\x9e_2\
\x9e\xbd\x979V\xa2\xae\xdd$\xe9\x14\xac\x99\xcb\xab\xdc\
\xc7=Q\xaej\xae\xae\xd1U\x15\x15U\x11\x14\x08h\
XWs\xc7\xda\x1a\xab\xcb\x95\x1ej\x12)\xd3\xec\xd3\
\x9d\x93\xcb\xde\xd9\x81\xea\x1a\xba\xe9\xab\xea\xa0b|\xea\
\xfd\x09\xa7\xb1\xd6\x03\xc4\xf9w\x94\xd3Xqe\x03(\
n\x0f\xbaMR\x916vK\xf7724E\xd5\x8a\
\xa9\xcd\xab\xc3P \x9e\xd3\x1e\xdfx\xcb\xcao\xfa\x90\
\xd7F\xc5\xdac\xdb\xef\x19yM\xff\x00R\x1a\xe8\x0b\
\x1a\xd82\xc7Kk\xc8ZZ\xf8\xa1kjnur\
\xcf<\x89\xcd\xfa.\xebu\xf1\x22\x10\xff\x00j\xacw\
{\xc69\xc1}\x8a\xb6\xe3<\x96\xdbud\x94\xb4\x14\
\xdb\xeb\xde\xe2c\x17wTo-\xe5\xd3U^\x92Y\
\xf7?\xf1-\x1d\xdb%V\xc6\xd9Qkm\x15\x922\
X\xfaQ\x8f]\xe6/\x8b\x9a|\x86\x89\xda;g<\
\xc8nf^\xaf\xd8j\xc2\xfb\xdd\xa2\xe7T\xfa\xa8]\
F\xadW\xc5\xbc\xba\xab\x1c\xcdQ\xda\xa7Z&\x8a\x04\
i\xd5z\xd4\xb2\xfd\x88\xfd\xcc\xd8[\xe1V\x7f\x8b\x98\
\x87x+e\xdc\xe0\xc4u\x8c\x8e|<\x96:Uv\
\x8f\xa9\xb9J\x91\xa3?\xa8\x9a\xbd~F\x93\xe7$\xb0\
+r\xdb,\xad81\xb7\x15\xb9z\x01%\xde\xa9\xef\
]\xef}\xd2J\xf9\x17F\xea\xba\x22+\xd59\xf4\x01\
V8\xd3\xd9\x8d\xef\xca\x13\xf9\xc7\x1eA\xeb\xe3Of\
7\xbf(O\xe7\x1cy\x00Xws\xdb\xda\x0aO-\
T\xfd\x88\x88O\x9f>\xdc\xd8\xbb\xca\xb3\xfd\xa5&\xc7\
s\xdb\xda\x0aO-T\xfd\x88\x88O\x9f>\xdc\xd8\xbb\
\xca\xb3\xfd\xa5\x03\x09\x00\x01j\x14h\x98\x9bf\x8d\xca\
uW\xfag\x84\x9c\xc6*t\xf7\xcaUD\xe5\xe3*\
\xc1\xc9\xba\xe5j\xf4.\x85\x81l\x17\x99t\x98\x93.\
\x1b\x81\xeb\xaa\xd3\xd3\x9b\x0a+b\x8d\xea\x9b\xd2\xd2\xaa\
\xf8\x0a\xde\xb4f\xbb\x8b\xd4\x88\xddy\x9a\x9b>6L\
\xc6\x14\xf8\xba\xbe\xf1\x97t\x94\xf7K5d\xce\x9d\x94\
I;b\x9a\x93yUU\x88\x8fTG59\x22\xa2\
\xaa\xe9\xcd8j\xa1\x15K6\xd8\xd3\xdc\xc9\x84\xbfE\
U\xfe*b\x14\xd3l\xcf\x9d\xb5\x0fV3\x04L\xd5\
E\xd3Y+ b|\xeez\x13\xc7f\xdc-z\xc1\
Y\x1b\x87\xb0\xc6\x22\xa6m-\xd2\x8a9\xd2\xa2&\xca\
\xd9\x11\xaa\xe9\xe4zxMUE\xf0\x5c\x9c\x94\x0a\xcb\
\xcc/g\xd8\x8b\xca\x95>u\xc7\x84{\xb9\x85\xec\xfb\
\x11yR\xa7\xce\xb8\xf0\x80\x00\x00\x13?\xb9\xa1]\x17\
y\xc7\x16\xd5{RTu\x1c\xedf\xbcU\xbaL\xd5\
_\x93\xc1\xf9\xd0\x86\x06\xda\xd9K3\x22\xcb\x0c\xd9\xa4\
\xb9\xdce\x91\x96J\xf8\xd6\x8a\xe5\xba\x9a\xeeF\xe5E\
l\x9a~c\x91\xaa\xbd;\xbb\xc8\x9c\xc0\xc9v\xf9\xb6\
>\x87hJ\xba\xa71Z\xdb\x85\xba\x9a\xa1\xab\xc7G\
h\xd5\x8f\xfe\x99\xa0\x0b&\xda\x8f&\xa9\xf3\xab\x09[\
.\x98v\xe5J\xcb\xc5\x03\x1d-\xbeu~\xf4\x15p\
\xc8\x88\xaa\xc5su\xe7\xa3U\xae\xe2\x89\xc7\xafT\x87\
\xcf\xd9\x83;\x9b^\xb4\x9f\xb8\xd5r\xa2\xe9\xdf\x12\xba\
\x9f\xbd\xaau\xefo\xe8\x07_c\xcbd\x97M\xa20\
\xbbX\xc7;\xd0\xd3\xba\xa9\xdak\xc1\x18\xc5]T\x95\
\xfd\xd0\x8a\xe8\xe0\xc8\xb8\xa8\xdc\xe4G\xd5]!\xdcN\
\xbd\xd4r\xa9\xda\xd9#!*2\xa6\x9e\xb6\xfd\x89g\
\xa5\xa8\xc45\xd1\xa4H\xc8\x17y\x94\x91sV\xef/\
7*\xe9\xaa\xa7\x0e\x1aj\xba\x91\xfbn\xec\xd4\xb7\xe3\
LcG\x85,5ISm\xb19\xfd\xfef9\x16\
9jW\x82\xee\xaasF\xa7\x0dz\xf5\x025\x00\x00\
\xb2\x9d\x86}\xcdX{\xf4\xf5\x9f\xe2d+\xdb2=\
\xb0\xf1\x1f\x95j|\xeb\x8b\x09\xd8g\xdc\xd5\x87\xbfO\
Y\xfe&B\xbd\xb3#\xdb\x0f\x11\xf9V\xa7\xce\xb8\x0c\
|\x00\x00\x00\x00\x97]\xcd\xec*\xe9\xf1\x16#\xc6S\
G\xf7:X\x1bAN\xff\x00\xcfz\xa3\xdf\xf3#Y\
\xf3\x91\x14\xb2\xed\x8a\xb0\xaa\xe1\x8c\x82\xb3>X\xb7*\
n\xca\xeb\x8c\xbd\xa9\x22\xf8\x1f\xf0#@\xd3\xbd\xd0,\
\xc8\xbfY\xb1n\x1e\xc2\xf8n\xfbq\xb5>\x9e\x8d\xf5\
uo\xa1\xaa|.z\xc8\xed\xd65\xca\xd5NI\x1a\
\xaf\xf5\xc8\xc1\xfb\xe6\xe6?\xe5\xfe)\xff\x00{\xcf\xfb\
G\xb7\xb4\xce*\xfd\xd8\xe7\x86'\xbc1\xea\xfav\xd6\
--2\xeb\xaaw\xa8\x93\xbd\xb5S\xc6\x8d\xd7\xe55\
\xb8\x19jfnd\x22\xeb\xfb\xbf\xc5?\xefi\xff\x00\
h\xb2l\x96\xbeC\x99\x19\x0bd\xaf\xae_D:\xe1\
k\xf4-g~Tz\xbeF\xa2\xc5\x22\xbb\xb5U\xaa\
\xee=eV\x13\xaf\xb9\xc9\x8a\x99Y\x81\xaf\xb8FY\
>\xedn\xacJ\xb8Z\xaa\xaa\xab\x1c\xa8\x88\xed;\x11\
\xccO\xed\x01\x0a\xb1\x8d\x9al;\x8b.\xd6\x19\xd1\xe9\
%\xbe\xb2Ze\xdeM\x15w\x1c\xa8\x8b\xf2\xa2\x22\xfc\
\xa7\x92H\x1d\xbc\xf0\xbb\xecY\xe7=\xd9\x90\xb9\xb4\xd7\
\xcaX\xea\x9a\xf5\xe4\xe9\x1a\x9b\x8fD\xf1h\xdf\x9c\x8f\
\xc0K\x0e\xe6\xd7\xb3\xacU\xe4\xe8\xbc\xe2\x9f\xbe\xe9?\
\xb3|+\xe4\xd9<\xea\x9f\x8e\xe6\xd7\xb3\xacU\xe4\xe8\
\xbc\xe2\x9f\xbe\xe9?\xb3|+\xe4\xd9<\xea\x81\x13\x00\
\x00\x00\x00\x00\x00\x00\x00\x00\x00\x00\x00\x00\x00\x0d\x8d\x93\
\x99\xcd\x8er\xb6\xb7\x5c?rYm\xcfv\xb3[j\
\xb5}<\x9dj\x89\xaf\x80\xee\xd6\xe9\xd1\xae\xa6\xb9\x00\
YVG\xed'\x81\xb3!\x22\xb7UL\xdc?\x7f\x7f\
\x0f@\xd5\xc8\x9b\xb2\xaf\xf4RpGx\xb8;\x82\xf0\
7r**j\x8b\xaa)M\x08\xaa\x8b\xaa.\x8a\x86\
\xfd\xc9\x0d\xa8\xb1\xbe\x03t\x16\xcb\xf3\xdf\x89l,\xd1\
\xbd\xea\xa1\xff\x00\xc2!o\xf4r/>\x1a\xf0v\xbd\
\x1cP\x0b\x1a\x06\x09\x94\xf9\xb5\x8232\xdc\x95\x18f\
\xed\x1b\xeaZ\x9a\xcdC7\x81Q\x12\xf4\xea\xc5\xe2\xa9\
\xda\x9a\xa1\x9d\x80\x00\x00\x00\x00\x00\x00?2\xb1\x92\xc6\
\xe8\xe4c^\xc7\xa2\xb5\xcdrj\x8eE\xe6\x8a\x87\xe8\
\x01\x1b\xb3\xbbd\xdc!\x8b\x9b=\xd7\x05\xacXf\xf2\
\xa8\xae\xef,o\xf09\x9d\xda\xc4\xe3\x1f\x8d\xbc?4\
\xc76 \xcb\xaca\x979\x8b\x8c-\x98\xb2\xcf5\x0b\
\xddC\x07y\x9b\xd7C2w\xc7qc\xd3\x83\xbe\xb4\
\xe9%\xa0\x00\x00\x03C\xed\xcbc\xbcb<\x9a\xa5\xb4\
X\xad\xb5W*\xf9\xefT\xe9\x1c\x14\xf1\xab\xde\xef\x02\
N\x84\xe8\xed5~H\xect\xc6w\x8b\xc6hU\xa3\
\xdd\xaa=\xb6\x8a98x\xa5\x91>\xa6\x7fh\x99\x00\
\x0e\x85\x82\xcdi\xb0Z\xe2\xb5\xd9-\xb4\x96\xda\x18S\
H\xe0\xa6\x89#c{tN\x9e\xb5\xe6\xa7|\x00\x00\
\x00\x00\x00\x00\x00\x00\x18\xd6`\xe3\xbc)\x80\xac\xce\xba\
\xe2\xab\xcd=\xbe\x04\xf5\xads\xb5\x92E\xeac\x13\x8b\
\x97\xc4\x06Jj\xec\xe7\xcf\x5c\x07\x95\xf4\xce\x8a\xeb_\
\xe8\xeb\xba\xb7X\xad\xb4j\x8f\x99z\xb7\xba\x18\x9d\xab\
\xf2jE\x8c\xef\xda\xe7\x12\xe25\x9e\xd1\x80b\x93\x0f\
\xdb\x15\xca\xd5\xadUE\xaa\x99\xbc\xb8tF\x8b\xd9\xaa\
\xf6\xa1\x18\xeag\x9e\xa6\xa2J\x8a\x99\xa4\x9ai\x1c\xae\
|\x929\x5c\xe7*\xf3UU\xe2\xaa\x06\xdd\xce\xcd\xa1\
\xb1\xeefI-\x1c\x95ke\xb1*\xaa6\xddE\x22\
\xb5\x1e\xdf\xe9_\xceO\x17\x04\xec4\xf0\x00\x00\x00\x00\
\x00\x00\x00\x00\x00\x00\x00\x00\x00\x00\x00\x00\x00\x00\x00\x00\
\x00\x00\x00\x00\x00Iz\xcd\xaf\xb1M^\x03\x9f\x0b\xcd\
\x85m{\xd3[]@\xea\xa6\xce\xf4^1\xab7\xf7\
t\xe7\xd3\xa6\xa4h\x00\x00\x00\x0fw\x03\xe2\xecE\x82\
q\x0c\x17\xec3t\x9e\xdf]\x0a\xf0|k\xe0\xbd:\
Z\xf6\xf2sW\xa9I9\x86v\xdc\xbe\xc1K\x1cX\
\x8b\x05P\xd6\xcc\x89\xe1\xcfGV\xe8Q\xcb\xf0\x1c\xd7\
}\xa2#\x00&\x9dV\xdc4\x88\xc5\xf4._\xce\xf7\
t$\x97\x04j~\xa6)\x8a_\xb6\xd7\xc6\xd5,{\
l\xd8V\xcbnW\x22\xa3]4\x92T+{\x7f\x05\
\x08\xae\x00\xe4\xa9\x9aZ\x9a\x99j'~\xfc\xb2\xbd^\
\xf7i\xa6\xaeU\xd5T\xe3\x00\x0e\xdd\x9e\xe5_g\xba\
S]-u\x93\xd1V\xd2\xc8\x92A</V\xbe7\
'%EBL\xe0}\xb4q\xa5\xaa\x81\x94\xb8\x9f\x0e\
\xdb\xb1\x03\xd8\xd4jT\xc7*\xd2\xca\xee\xb7?F\xb9\
\xaa\xbe$j\x11l\x012*v\xe3\x9bu}\x0d\x97\
Q\xab\xba\x16K\xaa\xa2'\xcd\x11\xa2s\xff\x00:\xaf\
\xb9\xc1_o\x9a\xebl\xa1\xb7S\xdb\xda\xe4\x82*u\
s\x97Wi\xaa\xb9\xcb\xcf\x92t!\xab@\x03il\
\xef\x9cu\xf9;|\xb9\xdch\xec\xb4\xf7f\x5ci\xdb\
\x0c\x91K2\xc5\xba\xadv\xa8\xe4r\x22\xf5\xaf\x0d:\
MZ\x00\xd89\xf9\x99\xf5\x99\xb5\x8eY\x8a+mp\
\xdb\x1d\x1d\x1ct\x91\xd3\xc5*\xc8\x88\xd69\xce\xd5\x5c\
\xa8\x9a\xaa\xab\xd7\xa3\xa8\xd7\xc0\x01\x9bd\xaeb\x5c2\
\xbb\x1d\xd3\xe2\xbbm\x0c\x15\xd2\xc5\x14\x90\xba\x09\x9c\xad\
k\xda\xf4\xd1x\xa7\x14S*\xda\x0f>\xafy\xc3C\
j\xa1\xb8Yh\xadt\xd6\xe9\x1f+[\x0c\x8e{\x9e\
\xf7&\x9a\xaa\xae\x9a&\x9d\x06\x9f\x00\x0f{/qM\
~\x09\xc6\x96\xbcUk\x8e\x09k-\xb3\xf7\xd8\xd92\
*\xb1\xdc\x15\x15\x17EE\xe4\xaax \x0d\xc7\x9f\x1b\
@\xe2L\xdc\xb0\xd0Y\xae\xb6\x8bu\xbe\x9a\x92\xa5j\
S\xd0\xea\xe5s\xdf\xba\xadMUW\x82\x22*\xfc\xe6\
\x9c\x00\x0e\xd5\xa6\xb6km\xd2\x92\xe3N\x8dY\xa9f\
d\xd1\xef&\xa9\xbc\xd5EM~c\x7ff\xae\xd5\xb8\
\xa7\x1e`\x1a\xfc%&\x1d\xb6\xdbc\xafcc\xa8\xa8\
\x8aW=\xca\xcdQ\x5c\x88\x8a\x9a&\xbai\xd3\xc1H\
\xee\x00\x00\x00\xc80\x1e3\xc4\xf8\x1a\xf6\xdb\xce\x15\xbc\
T[+\x117\x5c\xe8\xd5\x15\xb27\xde\xb9\xab\xaa9\
;\x15\x09\x1f\x87\xb6\xdb\xc5t\xb4\x8d\x8e\xf9\x83mW\
)\xd3\x82\xcbOR\xfad_\xea\xaa<\x8a\x00\x09M\
\x8a\xf6\xd4\xc6\xb5\xf4n\x83\x0f\xe1\x9bM\x9aG&\x9d\
\xfaY]R\xe6\xf6\xa2h\xd4\xd7\xc6\x8aF\xecW\x88\
\xef\x98\xae\xf9=\xef\x11]*nW\x09\xf4\xdf\x9ew\
\xea\xba'$N\x84D\xe8D\xe0\x87\x94\x00\x00\x00\x90\
\xb9I\xb5F$\xcb\xdc\x01C\x84)\xb0\xd5\xb6\xbe\x0a\
\x14{`\x9eI\x9e\xc7h\xe7+\xb8\xa2\x22\xa2\xf1U\
\xea4%\xde\xb6K\x95\xd6\xb2\xe33Z\xd9j\xa7|\
\xefF\xf2Es\x95\xcb\xa7\xceu@\x03\xf5\x13\xdf\x14\
\x8d\x927\xb9\x8fb\xa3\x9a\xe6\xae\x8a\xd5NJ\x8a~\
@\x12\x13-v\xb6\xcc\xac+G\x05\xba\xee\xca<M\
E\x0bwZ\xb5\x9b\xcc\xa8\xd19'}o?\x1b\x9a\
\xaa\xbdfsY\xb7\x0d\xe1\xf4\xea\xdaL\xbe\xa1\x86m\
8>K\x9b\x9e\xd4_\x82\x91\xa7\xd6D \x06\xc9\xcd\
\xcc\xed\xcc\x1c\xceOC\xe2+\xb2GmG#\x9bn\
\xa3gz\xa7ENJ\xa9\xaa\xab\x97\x97\xaeU\xd3\xa3\
C[\x00\x00\x9d\xfd\xce+U$\x19u~\xbc5\x8c\
Z\xaa\xab\x82D\xe7\xfe\x121\x8cM\x1b\xe2\xd5UH\
 Jm\x823V\xd5\x85ou\xf8#\x10T\xc7I\
Kw\x91\xb2\xd1\xd4H\xe4k\x1b:&\x9b\x8e^\x8d\
\xe4\xd3E\xeb@0\x8d\xb7/\xb7\x0b\xc6\x7f\xde)j\
\xe5\x91i\xed\xade-,j\xab\xba\xc6\xa3QWD\
\xedUUSN\xd9\xee\xd7[5ZU\xda.u\xb6\
\xea\x84\xe5-,\xee\x89\xe9\xf2\xb5QI\xe5\xb4\xf6\xcd\
\x12f^\x22La\x84\xee\x94\x94WI\xa2kj\xa1\
\xa8\xd7\xbdTn\xa6\x8ds\x5c\xd4]\x1d\xa6\x89\xc7\x82\
\xf3#\xc4\xbb%gK&V2\xcbn\x91\xa8\xba#\
\xd2\xe5\x12\x22\xa7_\x15\xd4\x0c\x9ff\xcd\xa5\xb3\x02\x1c\
{b\xc2\x98\xa6\xb9\xd8\x86\xd7t\xad\x86\x85\xaf\x9d\x89\
\xe8\x88\x1d+\xd1\x8dr=4\xdeDs\x91U\x1d\xaa\
\xe9\xc9M\xd5\xdd\x02\xc2\x96\xab\xa6L.'\x96\x08\xdb\
s\xb2\xd5\xc3\xde'D\xf0\xdd\x1c\xafH\xdd\x1a\xafK\
us]\xe3oj\xeb\x83l\xed\xb2\x86!\xc3\xf8\xe6\
\xd7\x8bq\xddm\x14,\xb5\xce\xda\x9az\x0ag\xf7\xd7\
>f.\xacW;\x925\x17Gp\xd5uD;=\
\xd0l\xcf\xb5;\x0fR\xe5\xad\xa6\xae:\x9a\xe9jY\
Us\xefNG$\x0cg\x16F\xef\xceW*;N\
\x84oh\x10\x98\x03i\xe4.I_\xf3\x81.\xebd\
\xba[\xa8\x12\xd8\x91\xf7\xc5\xab\xdf\xf0\xd5\xfb\xda\x22n\
\xa2\xfb\xd5\x03[Zn\x15\xb6\x9b\x9d5\xce\xddS%\
5e,\xad\x96\x09\xa3]\x1c\xc7\xb5uEB\xc46\
E\xce\x8cQ\x9bT\xb78\xaf\xf6Z*v\xda\xe2\x89\
\xae\xae\xa7{\x93\xbf\xca\xedxn*h\xde\x09\xaf\x05\
\xf9\x08\xf8\xdd\x8cs1j\x9b\x1a\xddl\x09\x12\xaak\
/~~\x89\xf2n\xeaJ,\xac\xc1\xf8kg|\x9e\
\xac}\xda\xeb\x1b\xdb\x0e\xf5]\xc6\xb5Ss\xbe\xc9\xa6\
\x88\xd6\x22\xf3\xe8kS\x9a\x81\x18\xfb\xa1\xf8\xa9n\x99\
\xa7o\xc30\xc8\xab\x05\x9a\x89\x1d#QuN\xfb/\
\x84\xab\xe3\xdd\xddB1\x19\x16eb\x8a\x9ci\x8f/\
8\xa2\xabT\x92\xe3V\xf9\x91\xaa\xbe\xb1\xaa\xbe\x0b~\
D\xd1\x0ct\x00\x00\x00\x00\x01\xed\xe0\xbc[\x890e\
\xe5\x97\x8c/x\xaa\xb5\xd6\xb54\xef\x90;M\xe4\xea\
r/\x07'b\xa2\xa1\xe2\x00%>\x12\xdbS\x1a\xdb\
\xe9[\x0e\x22\xc36\xab\xd3\xda\xdd;\xf4R\xba\x95\xee\
\xedw\x07&\xbe$C \xaa\xdb\x8e\xa3\xbdiM\x97\
Qw\xc5Nr]WD_\x92>?\xa8\x87\x00\x0d\
\xcb\x9a\xdbI\xe6n?\xa5\x92\xdd5\xca;%\xaaD\
V\xbe\x92\xd8\x8b\x1f}j\xf4=\xea\xaa\xe7p\xe0\xa8\
\x8a\x88\xa9\xcd\x0e\x86Bg\xa6,\xca)j\xe0\xb62\
+\x95\xa6\xaf\xc2\x96\xdfR\xf5H\xd2N\x1ftb\xa7\
\xadv\x89\xa2\xf4*i\xaf$T\xd5 \x0d\xb3\xb4\x16\
uT\xe7\x03\xads\x5c0\xbd\xb6\xd7UoG\xb5*\
`z\xbeI\x18\xed<\x05UD\xf0QuTN<\
Ut\xd3U\xd7S\x00\x00\x00\x00\xf70\x16(\xb9`\
\xbcam\xc56t\x81\xd5\xf6\xe9\xbb\xec);\x15\xd1\
\xaa\xe8\xa9\xa3\x91\x15\x15SE^\x94<0\x04\xb2\xb3\
m\xb9\x8aaf\x97l\x15i\xadw\x5c\x15O\x83\xeb\
G\x9e\xca\xed\xc6\xee\xf6\x8a\x99t\x9b\xfd^\x9a\xf0\xf9\
\xfb\xd1\x0d\x00\x12s\x1am\x9b\x98\x17X$\xa7\xc3\x96\
kV\x1fd\x8cV\xf7\xd5U\xa9\x99\x8b\xd6\xd7;u\
\xa8\xbe6\xa9\x1c\xf1\x0d\xea\xed\x88n\xf5\x17{\xe5\xc6\
\xa6\xe1_P\xed\xe9g\x9d\xea\xe79|k\xd1\xd9\xc9\
\x0f<\x00\x00\x01\xb2\xf2+:1fQ\xdc\xaa$\xb2\
w\x8a\xcbub\xa2\xd5PT\xeb\xde\xe4T\xe4\xf6\xaa\
qk\xb4\xe1\xafW4^\x1ao\xc6m\xc7Q\xde\x95\
_\x97\x11w\xce\x84K\xb2\xe8\xbf\xfdD8\x00g\xf9\
\xf5\x99u\x19\xaf\x8f]\x8a\xaam1Z\x9d\xe8X\xe9\
\x9bO\x1c\xcb*\x223^;\xca\x89\xae\xaa\xab\xd0`\
\x00\x01\xb2\xb2O:\xb1\xa6S\xd5\xcd\xfb\x9f\xa8\x86\xa2\
\xdbR\xf4}M\xbe\xa9\xaa\xe8^\xa9\xc3y4TV\
\xbbN\x1a\xa7f\xa8\xba!\xbe\xe1\xdb\x8e\xb1)\xd7\xbf\
e\xd4\x0b2rV\xddU\x1a\xbf\xfd\x5c\x08t\x00\xde\
\x19\xa9\xb4\xfef\xe3\x88\x1fCO[\x1e\x1c\xb6\xbb]\
a\xb6+\x99#\xd3\xa9\xd2\xaa\xef/\xf5wQzP\
\xf7\xf1F\xd6\x98\x9e\xfd\x975\x98>|1m\x8f\xd1\
T\x09F\xfa\xb4\x9d\xea\xed4DWn\xaasTE\
\xe9\xe9#\x80\x00\x00\x02AR\xedU\x8c\xa9\xf2\xb5\x98\
\x0d\xb6;Gy\x8e\xd1\xe9S*\xd3\x7f}#H\xbb\
\xd2?w]7\xb7t\xec\xd7\xa3\xa0\x8f\xa0\x00$\x06\
M\xedC\x88\xb2\xdb\x02Sa*l7m\xb8\xc1L\
\xf7\xba)\xa4\x99\xecr#\x97]\x15\x13]x\xf8\x88\
\xfe\x00\xf41%\xda\xa6\xfd\x88.\x17\xaa\xc4jTW\
T\xbe\xa2Djh\x88\xe79UQ;8\x9ex\x00\
sP\xd5\xd5PV\xc3[EQ-5T\x0fI!\
\x9a'\xab_\x1b\x91uG5S\x8a*/I$\xf0\
\x06\xd9\x18\xf6\xc7C\x1d\x1e$\xb4\xd0bV\xc4\xdd\xd6\
\xce\xe7\xad4\xee\xeds\x9a\x8a\xd5\xfe\xca\x11\x98\x012\
&\xdb\x8e~\xf6\x9d\xe7.cW\xe9\xc7~\xec\xa8\x88\
\xbf$F?|\xdbc\x1cTj\x96|+c\xa0\xd7\
\x97\x7f|\x93\xaa|\xca\xc2+\x80=\x8cg\x88\xaeX\
\xb7\x14\xdc1%\xddaZ\xfb\x84\xcb4\xeb\x14{\x8c\
\xde\xd1\x13\x82tr<p\x00\xcar\xcb\x1f\xe2\x8c\xb9\
\xc4\x8c\xbfa[\x82\xd2\xd4\xa2nK\x1b\x93z)\xd9\
\xae\xbb\x8foJ~\xb4\xe8T$\xad\xa7n\x0b\xb4t\
\x8de\xd3\x00Q\xd4T#|)i\xee\x0e\x8d\xaew\
\xc1V;D\xf9T\x88 \x09\x1f\x98\xdb_\xe6&#\
\xa5\x92\x8b\x0fRQazy\x1b\xa3\x9f\x03\x96j\x8e\
\xdd$r\x22'\xc8\xdd{O\x99g\xb5\xb60\xc1\xd8\
2\x93\x0fUY\xa9\xaf\xb2\xd3:Gz:\xb2\xaeE\
\x9aM\xf7\xb9\xfe\x1a\xf1\xd5Q]\xa6\xba\xf2D#\x88\
\x03\xb1r\xab\x96\xbe\xe3S]>\x9d\xf6\xa2W\xca\xfd\
\x13\x86\xf3\x95U\x7fZ\x9dp\x00\xdfY\x03\xb4\xa5\xd7\
)\xb0\x5c\xd8^\x0c/Gv\x81\xf5o\xaad\xaf\xaa\
tNj\xb9\x1a\x8a\x8b\xa3W_Z\x9dF\x9b\xc67\
\xc9\xf16+\xbab\x0a\xa8\x99\x0c\xd7\x1a\xa9*\x1f\x1b\
=k\x15\xca\xab\xa2x\x8f$\x00\x00\x01\xde\xb0^.\
\x96\x0b\xbd5\xde\xcbp\xa8\xb7\xd7\xd3?~\x1a\x88\x1e\
\xac{\x17\xb1S\xad8*rTUE$\xb6\x09\xdb\
G\x1a\xda\xe8\x19K\x89\xb0\xed\xba\xff\x00#\x1a\x8dm\
Ds-,\x8e\xd3\xa5\xfa5\xcdU\xf1#P\x8b`\
\x09\x91S\xb7\x1c\xfa\x7f\x07\xcb\x98\x95z\xe4\xba\xaa}\
Q\x18\xbd\xf3m<\xc1\xa9G6\xd3\x87l\x16\xf6\xb9\
\x15\x11el\x93\xb9;Qw\x9a\x9f\xa8\x8b\xe0\x0e\xcd\
\xd6\xba\xa2\xe7t\xab\xb9U\xabV\xa2\xaew\xcf*\xb5\
\xba\x22\xbd\xeeW.\x89\xd1\xc5N\xb0\x00\x00\x00\x00\x00\
ml\xa1\xcf\xec\xc5\xcb:f[\xec\xf7(\xab\xad\x0d\
\xf5\xb6\xfa\xf6\xac\x91G\xaa\xea\xbb\x8a\x8a\x8eg5\xe0\
\x8b\xa6\xab\xae\x8an\x98\xb6\xe2\xbb$\x08\xd9r\xf2\x89\
\xf2\xe9\xeb\xdbtr7\xe6\xefk\xf5\x91\x00\x01\xbc\xf3\
Wj,\xcb\xc74SZ\xe0\xa8\xa7\xc3\xd6\xc9\xb5k\
\xe1\xb7\xa3\x92Y\x18\xbf\x82\xe9Uu\xd3\xe0\xee\x9a0\
\x00\x00\x00$>HmGu\xcb\x1c\xbd\xa4\xc1\xf1\xe1\
*;\xa4\x14\x92\xca\xf8\xa7uc\xa2v\x92=^\xa8\
\xa8\x8d]x\xb9x\xf5hhK\xdd\xc2k\xb5\xe6\xb6\
\xe9P\xd6\xb6j\xca\x89'\x91\x1b\xc9\x1c\xf7+\x97N\
\xcdT\xe9\x80\x00\x00\x00\x00\x04\x9b\xb7\xed\x89\x8bm\xf8\
:\x1b\x0d\x16\x15\xb3\xc14\x14iK\x0dK%z#\
4n\xea9\x19\xd9\xcfMH\xc8\x00\xfdK#\xe5\x95\
\xf2\xc8\xaa\xe7\xbd\xca\xe7*\xf4\xaa\x9f\x90\x00\x1b\x07\x22\
3R\xf1\x94\x98\xbak\xfd\xa6\x8a\x9e\xb9*)\x9dM\
=<\xeeV\xb5\xecUG&\x8a\x9c\x95\x15\xa8\xa6\xbe\
\x00m}\xa0\xf3\xb2\xe9\x9c3Z\x9fq\xb1\xd0\xdb\x12\
\xda\xd9\x11\x9d\xe1\xea\xf7;\x7fMur\xe9\xc3\x82p\
5@\x00l\x9c\x82\xcd\xdb\xb6P\xe2\x0a\xeb\xad\xae\xd9\
Iqmm:A43\xb9[\xc1\x17TTT\xe4\
~\xf6\x80\xce\x0b\xaeo\xdfm\xf7;\x95\xaa\x92\xda\x94\
4\xeb\x04Q\xc0\xf7?]\x5c\xaeUU_\x1fQ\xac\
\xc0\x00\x00\x00\x00\x00\x00\x00\x00\x00\x00\x00\x00\x00\x00\x00\
\x00\x00\x00\x1d\xcb5\xd2\xe3f\xb9\xc1s\xb4\xd7TP\
\xd6\xc0\xed\xe8\xa7\x82Ec\xd8\xbd\x8a\x84\xb0\xc8\xfd\xb0\
\xab\xa8{\xc5\x9f3\xa9\xdf]N\x88\x8cm\xd6\x99\x89\
\xdf[\xdb#\x13\x83\xbcm\xd1{\x08\x86\x00\xb8,'\
\x89l8\xae\xcf\x15\xdf\x0e\xddinTR\xa6\xad\x96\
\x09\x11\xc8\x9d\x8a\x9c\xd1{\x14\xf5\x8a\x8d\xcb\xdc{\x8b\
0\x0d\xe5\x97\x5c+y\xa8\xb7\xcc\x8b\xab\xd8\xd7k\x14\
\xa9\xd4\xf6/\x07'\x0e\x92kd\x86\xd6\xf8g\x13-\
=\xa3\x1dE\x1e\x1f\xba\xbbu\x8d\xabEU\xa5\x99\xdc\
\xb8\xaf8\xd7\x97>\x1cy\xa0\x12p\x1f\x8ay\xa1\xa9\
\x82:\x8ayc\x9a\x19\x1a\x8ed\x91\xb9\x1c\xd7\x22\xf2\
TT\xe0\xa8~\xc0\x00\x00\x00\x00\x00\x00\x00\x00\x00\x00\
\x00\x00\x00\x00\x00\x15Q\x11UWDNj\x00\xea^\
.v\xfb=\xb6{\x95\xd6\xb6\x9e\x8a\x8e\x06\xab\xe5\x9e\
w\xa3\x18\xc4\xedU4~wmA\x81\xf0\x0aOl\
\xb2\xc8\xccI}b*w\x9ai>\xe1\x0b\xb4\xfc9\
\x13\x87W\x06\xeb\xf2\x10\x7f6ss\x1cfe\xc1g\
\xc4\xb7g\xba\x95\x17\xeeT0x\x14\xf1\xa7F\x8cN\
k\xcb\x8a\xea\xa0J,\xf2\xdb\x02\xdfnuE\x97,\
\xe9\xd9p\xa9MX\xeb\xb4\xed\xfb\x8b{cg7x\
\xd7D!\xc6.\xc4\xf8\x83\x17^e\xbcbK\xb5U\
\xce\xb6U\xe3$\xef\xd7N\xc4NMN\xc4<p\x00\
\x00\x00\x00\x00\x00\x00\x00\x00\x00\x00\x00\x00\x00\x00\x00\x00\
\x00\x00\x00\x00\x00\x00\x00\x00\x00\x00\x00\x00\x00\x00\x00\x00\
\x00\x00\x00\x00\x00\x00\x00\x00\x00\x00\x00\x00\x00\x00\x00\x00\
\x00\x00\x00\x00\x00\x00\x00\x00\x00\x00\x00\x00\x00\x00\x00\x00\
\x00\x00\x00\x00\x00\x00\x00\x06\xca\xc0\xf9\xe9\x9ax:\x96\
:;>,\xacZ8\xf4\xdc\xa7\xa9\xd2f5\x13\xa1\
7\xb5TN\xc4S8n\xd7\xf9\xc6\x8c\xddZ\x8b\x1a\
\xaf\xbe[zk\xf6\x88\xfa\x00\xdb\x98\xb7h\xfc\xdf\xc4\
\x94\xf2ST\xe2\xb9h\xa0\x95\x15\x1f\x1d\x0cm\x83T\
^\x8dS\x8a|\x8aji\xa5\x96y\x9f4\xd2>Y\
dr\xb9\xef{\x95\x5c\xe5^j\xaa\xbc\xd4\xfc\x00\x06\
]\x96\xb9\x93\x8c\xf2\xea\xb6z\xac#y\x92\xde\xb5(\
\xd4\xa8\x8fq\xaed\xbb\xba\xe9\xbc\x8a\x9d\x1a\xa9\x88\x80\
$\x0f\xaa\xf78\xfb\xd6\xe7\xa2\xec\x9a\xe9\xa6\xff\x00\xa5\
\xe9\xaf\xd7\xa1\xac\xb3#4\xf1\xdea\xbd\x9f\xba\xbcA\
S[\x04n\xde\x8e\x994d,^\xb4cxk\xda\
\xba\x98X\x00\x00\x00\x00\x00\x00\x00\x00\x00\x00\x00\x00\x00\
\x00\x00\x00\x00\x00\x00\x00\x00\x00\x00\x00\x00\x00\x00\x00\x00\
\x00\x00\x00\x00\x00\x00\x00\x00\x00\x00\x00\x00\x00\x00\x00\x00\
\x00\x00\x00\x00\x00\x00\x00\x00\x00\x00\x00\x00\x00\x00\x00\x00\
\x00\x00\x00\x00\x00\x00\x00\x00\x00\x00\x00\x00\x00\x00\x00\x00\
\x00\x00\x00\x00\x00\x00\x00\x00\x00\x00\x00\x00\x00\x00\x00\x00\
\x00\x00\x00\x00\x00\x00\x00\x00\x00\x00\x00\x00\x00\x00\x00\x00\
\x00\x03jd\xc6|c\xcc\xb0\xa8\x8e\x1bmz\xdc-\
\x08\xbe\x1d\xb2\xb1\xca\xf8x\xf3V\xf4\xb1xsBs\
d\xa6\xd0\x98\x0b3c\x86\x8e\x0a\xb4\xb3\xdf\x1d\xa3V\
\xdbX\xf4G=\xddQ\xbf\x82I\xf2h\xbd\x85b\x9f\
\xa8\xde\xf8\xa4l\x91\xbd\xcc{WV\xb9\xab\xa2\xa2\xf5\
\xa2\x81r\xc0\xafl\x8f\xda\xc3\x17\xe0\xd6Ah\xc5\xec\
\x93\x13YX\x9b\xad\x92G\xe9W\x03z7^\xbe\xbd\
\x13\xa9\xdcx\x22\x22\xa16r\xcf30Nc[R\
\xb3\x09\xdf)\xeb\x1c\xd6\xa3\xa6\xa5r\xeeTC\xf0\xe3\
^)\xd5\xaf\x14^\x85P3\x00\x00\x00\x00\x00\x00\x00\
\x00\x00\x00\x00xX\xdb\x18a\x8c\x15g}\xdb\x14\xde\
\xa8\xedt\x8dE\xddt\xd2h\xe9\x15:\x18\xdf\x5c\xf5\
\xecj*\x90\xd7<v\xc0\xbb\xdd\xfd\x11f\xcbjy\
-4K\xab\x1ds\x9d\x13\xd12'[\x1b\xca4\xed\
\xe2\xbe %&o\xe7&\x05\xcb\x0a-\xfcCtl\
\x95\xceO\xb9[\xe9U$\xa8\x7f\x0e\x96\xeb\xe0\xa7k\
\xb4\xec\xd4\x83y\xdf\xb4\xb69\xccGMn\xa1\x99\xd8\
~\xc2\xe5V\xa5%$\x8a\x92J\xdf\xe9_\xcd\xdc:\
\x13D\xec4\xb5\xca\xba\xb6\xe5]-u\xc2\xaez\xba\
\xa9\x9c\xae\x92i\x9e\xaf{\xd5zUW\x8a\x9dp>\
\xaa\xaa\xae\xab\xc5O\x80\x00\x00\x00\x00\x00\x00\x00\x00\x00\
\x00\x00\x00\x00\x00\x00\x00\x00\x00\x00\x00\x00\x00\x00\x00\x00\
\x00\x00\x00\x00\x00\x00\x00\x00\x00\x00\x00\x00\x00\x00\x00\x00\
\x00\x00\x00\x00\x00\x00\x00\x00\x00\x00\x00\x00\x00\x00\x00\x00\
\x00\x00\x00\x00\x00\x00\x00\x00\x00\x00\x00\x00\x00\x00\x00\x00\
\x00\x00\x00\x00\x00\x00\x00\x00\x00\x00\x00\x00\x00\x00\x00\x00\
\x00\x00\x00\x00\x00\x00\x00\x00\x00\x00\x00\x00\x00\x00\x00\x00\
\x00\x00\x00\x00\x00\x00\x00\x00\x00\x00\x00\x00\x00\x00\x00\x00\
\x00\x00\x00\x00\x00\x00\x00\x00\x00\x00\x00\x00\x00\x00\x00\x00\
\x00\x00\x00\x00\x00\x00\x00\x00\x00\x00\x00\x00\x00\x00\x00\x00\
\x00\x00\x00\x00\x00\x00\x00\x00\x00\x00\x00\x00\x00\x00\x00\x00\
\x00\x00\x00\x00\x00\x00\x00\x00\x00\x00\x00\x00\x00\x00\x00\x00\
\x00\x00\x00\x00\x00\x00\x00\x00\x00\x00;v\x8b\x9d\xc6\xd1\
p\x86\xe3j\xaf\xa9\xa0\xac\x85\xdb\xd1OO+\xa3\x91\
\x8b\xd6\x8eE\xd5\x0e\xa0\x02E\xe5\xd6\xd7\xb9\x95\x87!\
e%\xfe*,QJ\xdd<*\xa4X\xaa\x11:\xbb\
\xe3x/\x8d\xcdr\x92\x0b\x02m\x81\x95\xf7\xde\xf7\x05\
\xfe;\x96\x19\xa9r&\xf2\xd4E\xdf\xe0E\xeaG\xc7\
\xab\xbeUb!^@\x0bh\xc3\xd9\xa3\x97\x18\x81\x1b\
\xe9>9\xc3\xd5Ow(\x9b_\x1be\xfe\xc2\xaa9\
>c/k\x9a\xf6\xa3\x9a\xe4sU5EE\xd5\x14\
\xa6\x96\xf3$F\xcd\xff\x00x[\xfae\xfa\xc0\xb0\xf0\
`Y[\xeb?\xa9\xff\x00$=\x1c\x7f\xfc\x8eO\x82\
\xef\xb2\x06X\xaa\x88\x9a\xaa\xe8\x865\x883\x03\x02\xe1\
\xfd\xe4\xbd\xe3\x1b\x05\xbd\xcd\xe6\xc9\xee\x115\xff\x00\xd9\
Wk\xfa\x88\x83\xb4\x0f\xde;\x87\xc0\xff\x00\x9a\x11-\
\xdc\xc0\xb1\xbco\xb5\x9eRa\xf8\xe4e\xb6\xbe\xb7\x11\
U7\x82GAN\xa8\xcd{d\x93u4\xedn\xf1\
\xa11\xf6\xd9\xd8\xe2\xec\xc9)\xf0\x9d\x92\xdd\x87a{\
tI\xa4_ET7\xb5\x15\xc8\x8cO\xec)\x17\x80\
\x1e\xb6(\xc4\x97\xfcQt}\xcf\x11^+\xae\xb5\x8e\
\xe0\xb3UL\xe9\x1c\x89\xd4\x9a\xf2N\xc4\xe0y \x00\
\x00\x00\x00\x00\x00\x00\x00\x00\x00\x00\x00\x00\x00\x00\x00\x00\
\x00\x00\x00\x00\x00\x00\x00\x00\x00\x00\x00\x00\x00\x00\x00\x00\
\x00\x00\x00\x00\x00\x00\x00\x00\x00\x00\x00\x00\x00\x00\x00\x00\
\x00\x00\x00\x00\x00\x00\x00\x00\x00\x00\x00\x00\x00\x00\x00\x00\
\x00\x00\x00\x00\x00\x00\x00\x00\x00\x00\x00\x00\x00\x00\x00\x00\
\x00\x00\x00\x00\x00\x00\x00\x00\x00\x00\x00\x00\x00\x00\x00\x00\
\x00\x00\x00\x00\x00\x00\x00\x00\x00\x00\x00\x00\x00\x00\x00\x00\
\x00\x00\x00\x00\x00\x00\x00\x00\x00\x00\x00\x00\x00\x00\x00\x00\
\x00\x00\x00\x00\x00\x00\x00\x00\x00\x00\x00\x00\x00\x00\x00\x00\
\x00\x00\x00\x00\x00\x00\x00\x00\x00\x00\x00\x00\x00\x00\x00\x00\
\x00\x00\x00\x00\x00\x00\x00\x00\x00\x00\x00\x00\x00\x00\x00\x01\
\xff\xd9\
\x00\x00\x07\xa6\
\xff\
\xd8\xff\xe0\x00\x10JFIF\x00\x01\x01\x00\x00\x01\x00\
\x01\x00\x00\xff\xe2\x01\xd8ICC_PROFI\
LE\x00\x01\x01\x00\x00\x01\xc8\x00\x00\x00\x00\x040\x00\
\x00mntrRGB XYZ \x07\xe0\x00\
\x01\x00\x01\x00\x00\x00\x00\x00\x00acsp\x00\x00\x00\
\x00\x00\x00\x00\x00\x00\x00\x00\x00\x00\x00\x00\x00\x00\x00\x00\
\x00\x00\x00\x00\x00\x00\x00\x00\x01\x00\x00\xf6\xd6\x00\x01\x00\
\x00\x00\x00\xd3-\x00\x00\x00\x00\x00\x00\x00\x00\x00\x00\x00\
\x00\x00\x00\x00\x00\x00\x00\x00\x00\x00\x00\x00\x00\x00\x00\x00\
\x00\x00\x00\x00\x00\x00\x00\x00\x00\x00\x00\x00\x00\x00\x00\x00\
\x00\x00\x00\x00\x00\x00\x00\x00\x09desc\x00\x00\x00\
\xf0\x00\x00\x00$rXYZ\x00\x00\x01\x14\x00\x00\x00\
\x14gXYZ\x00\x00\x01(\x00\x00\x00\x14bXY\
Z\x00\x00\x01<\x00\x00\x00\x14wtpt\x00\x00\x01\
P\x00\x00\x00\x14rTRC\x00\x00\x01d\x00\x00\x00\
(gTRC\x00\x00\x01d\x00\x00\x00(bTR\
C\x00\x00\x01d\x00\x00\x00(cprt\x00\x00\x01\
\x8c\x00\x00\x00<mluc\x00\x00\x00\x00\x00\x00\x00\
\x01\x00\x00\x00\x0cenUS\x00\x00\x00\x08\x00\x00\x00\
\x1c\x00s\x00R\x00G\x00BXYZ \x00\x00\x00\
\x00\x00\x00o\xa2\x00\x008\xf5\x00\x00\x03\x90XYZ\
 \x00\x00\x00\x00\x00\x00b\x99\x00\x00\xb7\x85\x00\x00\x18\
\xdaXYZ \x00\x00\x00\x00\x00\x00$\xa0\x00\x00\x0f\
\x84\x00\x00\xb6\xcfXYZ \x00\x00\x00\x00\x00\x00\xf6\
\xd6\x00\x01\x00\x00\x00\x00\xd3-para\x00\x00\x00\
\x00\x00\x04\x00\x00\x00\x02ff\x00\x00\xf2\xa7\x00\x00\x0d\
Y\x00\x00\x13\xd0\x00\x00\x0a[\x00\x00\x00\x00\x00\x00\x00\
\x00mluc\x00\x00\x00\x00\x00\x00\x00\x01\x00\x00\x00\
\x0cenUS\x00\x00\x00 \x00\x00\x00\x1c\x00G\x00\
o\x00o\x00g\x00l\x00e\x00 \x00I\x00n\x00\
c\x00.\x00 \x002\x000\x001\x006\xff\xdb\x00\
C\x00\x05\x03\x04\x04\x04\x03\x05\x04\x04\x04\x05\x05\x05\x06\
\x07\x0c\x08\x07\x07\x07\x07\x0f\x0b\x0b\x09\x0c\x11\x0f\x12\x12\
\x11\x0f\x11\x11\x13\x16\x1c\x17\x13\x14\x1a\x15\x11\x11\x18!\
\x18\x1a\x1d\x1d\x1f\x1f\x1f\x13\x17\x22$\x22\x1e$\x1c\x1e\
\x1f\x1e\xff\xdb\x00C\x01\x05\x05\x05\x07\x06\x07\x0e\x08\x08\
\x0e\x1e\x14\x11\x14\x1e\x1e\x1e\x1e\x1e\x1e\x1e\x1e\x1e\x1e\x1e\
\x1e\x1e\x1e\x1e\x1e\x1e\x1e\x1e\x1e\x1e\x1e\x1e\x1e\x1e\x1e\x1e\
\x1e\x1e\x1e\x1e\x1e\x1e\x1e\x1e\x1e\x1e\x1e\x1e\x1e\x1e\x1e\x1e\
\x1e\x1e\x1e\x1e\x1e\x1e\x1e\xff\xc0\x00\x11\x08\x01\x00\x01\x00\
\x03\x01\x22\x00\x02\x11\x01\x03\x11\x01\xff\xc4\x00\x1a\x00\x01\
\x01\x00\x03\x01\x01\x00\x00\x00\x00\x00\x00\x00\x00\x00\x00\x00\
\x08\x03\x05\x07\x06\x04\xff\xc4\x006\x10\x01\x00\x01\x03\x01\
\x05\x05\x05\x06\x07\x01\x00\x00\x00\x00\x00\x00\x01\x02\x03\x04\
\x05\x06\x07\x111A\x17!V\xa4\xd2\x12\x13QR\xc1\
\x14\x15\x222\x91\xd1#$%Cab\xb1\x81\xff\xc4\
\x00\x14\x01\x01\x00\x00\x00\x00\x00\x00\x00\x00\x00\x00\x00\x00\
\x00\x00\x00\x00\xff\xc4\x00\x14\x11\x01\x00\x00\x00\x00\x00\x00\
\x00\x00\x00\x00\x00\x00\x00\x00\x00\x00\xff\xda\x00\x0c\x03\x01\
\x00\x02\x11\x03\x11\x00?\x00\x8c\x80\x00\x00\x00\x00\x00\x00\
\x00\x00\x00\x00\x00\x00\x00\x00\x00\x00\x00\x00\x00\x00\x00\x00\
\x00\x00\x00\x00\x00\x00\x00\x00\x00\x00\x00\x00\x00\x00\x00\x00\
\x00\x00\x00\x00\x00\x00\x00\x00\x00\x00\x00\x00\x00\x00\x00\x00\
\x00\x00\x00\x00\x00\x00\x00\x00\x00\x00\x00\x00\x00\x00\x00\x00\
\x00\x00\x00\x00\x00\x00\x00\x00\x00\x00\x00\x00\x00\x00\x00\x00\
\x00\x00\x00\x00\x00\x00\x00\x00\x00\x00\x00\x00\x00\x00\x00\x00\
\x00\x00\x00\x00\x00\x00\x00\x00\x00\x00\x00\x00\x00\x00\x00\x00\
\x00\x00\x00\x00\x00\x00\x00\x00\x00\x00\x00\x00\x00\x00\x00\x00\
\x00\x00\x00\x00\x00\x00\x00\x00\x00\x00\x00\x00\x00\x00\x00\x00\
\x00\x00\x00\x00\x00\x00\x00\x00\x00\x00\x00\x00\x00\x00\x00\x00\
\x00\x00\x00\x00\x00\x00\x00\x00\x00t=\xcc\xdb\xd8]O\
S\xfb\x8fkt\x8a+\xbf\x91_\xf2\x99s\x93v\xdc\
MS\xfd\xba\xa2\x9a\xe2;\xfaO\x0e}\xdf\x07o\xec\
\x83w~\x1e\xf3\xb9\x1e\xb0I\xa2\xb2\xec\x83w~\x1e\
\xf3\xb9\x1e\xb3\xb2\x0d\xdd\xf8{\xce\xe4z\xc1&\x8a\xcb\
\xb2\x0d\xdd\xf8{\xce\xe4z\xce\xc87w\xe1\xef;\x91\
\xeb\x04\x9a+.\xc87w\xe1\xef;\x91\xeb; \xdd\
\xdf\x87\xbc\xeeG\xac\x12h\xac\xbb \xdd\xdf\x87\xbc\xee\
G\xac\xec\x83w~\x1e\xf3\xb9\x1e\xb0I\xa2\xb2\xec\x83\
w~\x1e\xf3\xb9\x1e\xb7\x10\xdf5\xbd\x85\xd35?\xb8\
\xf6KH\xa2\x8b\xf8\xf5\xff\x007\x97\x197nDU\
\x1f\xdb\xa6*\xaec\xbb\xac\xf0\xe7\xdd\xf1\x07<\x00\x00\
\x00\x00\x00\x00\x00\x00\x00\x00\x00\x00\x00\x00\x00\x89\x98\x9e\
1\xdd*Cq\x1b\xc9\xfb\xf3\x1e\xde\xcd\xeb\x97\xff\x00\
\xaaY\xa3\x865\xea\xe7\xbf&\x88\x8eS?<G\xeb\
\x1d\xfc\xe2S{&5\xfb\xd8\xd9\x16\xf2q\xee\xd7j\
\xf5\xaa\xa2\xbbu\xd1<*\xa6\xa8\x9e11=$\x17\
H\xe7{\x98\xde%\x9d\xb0\xd2\xfe\xc3\x9f]\x16\xf5\xbc\
Z?\x8bO(\xbfO/yL\x7f\xd8\xe9?\xe2]\
\x10\x00\x00\x00\x00s\xbd\xf3\xef\x12\xce\xc7\xe9\x7fa\xc0\
\xae\x8b\x9a\xdeU\x1f\xc2\xa7\x9cX\xa7\x97\xbc\xaa?\xe4\
u\x9f\xf1\x00\xd3\xef\xdfy1\xa1c\x5c\xd9\xbd\x0e\xff\
\x00\xf5[\xd4\xf0\xc8\xbdD\xf7\xe3Q=\x22~y\x8f\
\xd2;\xf9\xf0M\xd333\xc6{\xe5\x93&\xfd\xec\x9c\
\x8b\x999\x17k\xbbz\xedS]\xca\xeb\x9e5UT\
\xcf\x19\x99\x9e\xb2\xc6\x00\x00\x00\x00\x00\x00\x00\x00\x00\x00\
\x00\x00\x00\x00\x00\x00\x00\xfb4mK7G\xd51\xf5\
=;\x22\xbc|\xacz\xe2\xbbw)\xe9?X\x9eS\
\x1daY\xee\xbbm\xf0v\xd7A\x8c\x9b~\xc5\x9dB\
\xc4E9\x98\xf1?\x92\xaf\x9a?\xd6z~\x9d\x12\x03\
o\xb2\x1bE\xa9l\xbe\xbbcW\xd2\xee\xfb\x17\xad\xcf\
\x0a\xa8\x9f\xcbv\x89\xe7EQ\xd6'\xf6\x9ep\x0bX\
h\xb6\x1bjt\xdd\xae\xd0-j\xdau|8\xfe\x1b\
\xd6f\x7f\x15\x9a\xfa\xd3?I\xeb\x1d\xed\xe8\x00\xd1m\
\xc6\xd4i\xbb%\xa0^\xd5\xb5\x1a\xf8\xc5?\x86\xcd\x98\
\x9e\x15^\xb9\xd2\x98\xfd\xfaG\x19\x06\xbbz\x1bo\x83\
\xb1Z\x14\xe4\xdc\xf6og\xdf\x89\xa7\x13\x1b\x8f\xe7\xab\
\xe6\x9f\x851\xd7\xf4\xea\x935\xadO;Y\xd525\
=K\x22\xac\x8c\xac\x8a\xfd\xbb\x95\xd5\xd6~\x11\xf0\x88\
\xe5\x11\xd2\x1f^\xd7\xed\x16\xa5\xb5\x1a\xed\xfd_T\xbb\
\xed\xde\xb9<)\xa2?-\xaa#\x95\x14\xc7H\x8f\xde\
y\xcbP\x00\x00\x00\x00\x00\x00\x00\x00\x00\x00\x00\x00\x00\
\x00\x00\x00\x00\x00\x00\x00\xf4\xfb\xb7\xdb-Cb\xf5\xfa\
5\x0c^7q\xaep\xa3+\x1eg\x84]\xa3\xe9T\
s\x89\xfaL\xabm\x9e\xd64\xfd\x7fG\xc7\xd5\xb4\xbb\
\xf1{\x16\xfd>\xd55G8\x9e\xb4\xcct\x98\x9e\xe9\
\x84D\xf7[\xa1\xdb\xfc\x9d\x8b\xd6=\xdd\xf9\xae\xf6\x8f\
\x93T}\xa6\xccw\xcd\x13\xcb\xdeS\x1f4u\x8e\xb1\
\xdd\xf0\xe0\x15\x1e\xd0\xeb\x1a~\x81\xa3\xe4j\xda\xa5\xf8\
\xb3\x8bb\x9fj\xaa\xa7\x9c\xcfJb:\xcc\xcftB\
I\xdeF\xd9j\x1bi\xaf\xd5\x9f\x953k\x1a\xdf\x1a\
q1\xa2x\xd3j\x8f\xadS\xd6~\x91\x0d\xa6\xf7\xf6\
\xff\x00#m5\x9fw\x8f5\xda\xd1\xf1j\x98\xc6\xb3\
=\xd3\x5c\xf2\xf7\x95G\xc6zGH\xff\x00\xde>\x10\
\x00\x00\x00\x00\x00\x00\x00\x00\x00\x00\x00\x00\x00\x00\x00\x00\
\x00\x00\x00\x00\x00\x00\x00\x00\x00\x00\x00\x00\x00\x00\x00\x00\
\x00\x00\x00\x00\x00\x00\x00\x00\x00\x00\x00\x00\x00\x00\x00\x00\
\x00\x00\x00\x00\x00\x00\x00\x00\x00\x00\x00\x00\x00\x00\x00\x00\
\x00\x00\x00\x00\x00\x00\x00\x00\x00\x00\x00\x00\x00\x00\x00\x00\
\x00\x00\x00\x00\x00\x00\x00\x00\x00\x00\x00\x00\x00\x00\x00\x00\
\x00\x00\x00\x00\x00\x00\x00\x00\x00\x00\x00\x00\x00\x00\x00\x00\
\x00\x00\x00\x00\x00\x00\x00\x00\x00\x00\x00\x00\x00\x00\x00\x00\
\x00\x00\x01\xff\xd9\
\x00\x00B\xe1\
\xff\
\xd8\xff\xe0\x00\x10JFIF\x00\x01\x01\x00\x00\x01\x00\
\x01\x00\x00\xff\xe2\x01\xd8ICC_PROFI\
LE\x00\x01\x01\x00\x00\x01\xc8\x00\x00\x00\x00\x040\x00\
\x00mntrRGB XYZ \x07\xe0\x00\
\x01\x00\x01\x00\x00\x00\x00\x00\x00acsp\x00\x00\x00\
\x00\x00\x00\x00\x00\x00\x00\x00\x00\x00\x00\x00\x00\x00\x00\x00\
\x00\x00\x00\x00\x00\x00\x00\x00\x01\x00\x00\xf6\xd6\x00\x01\x00\
\x00\x00\x00\xd3-\x00\x00\x00\x00\x00\x00\x00\x00\x00\x00\x00\
\x00\x00\x00\x00\x00\x00\x00\x00\x00\x00\x00\x00\x00\x00\x00\x00\
\x00\x00\x00\x00\x00\x00\x00\x00\x00\x00\x00\x00\x00\x00\x00\x00\
\x00\x00\x00\x00\x00\x00\x00\x00\x09desc\x00\x00\x00\
\xf0\x00\x00\x00$rXYZ\x00\x00\x01\x14\x00\x00\x00\
\x14gXYZ\x00\x00\x01(\x00\x00\x00\x14bXY\
Z\x00\x00\x01<\x00\x00\x00\x14wtpt\x00\x00\x01\
P\x00\x00\x00\x14rTRC\x00\x00\x01d\x00\x00\x00\
(gTRC\x00\x00\x01d\x00\x00\x00(bTR\
C\x00\x00\x01d\x00\x00\x00(cprt\x00\x00\x01\
\x8c\x00\x00\x00<mluc\x00\x00\x00\x00\x00\x00\x00\
\x01\x00\x00\x00\x0cenUS\x00\x00\x00\x08\x00\x00\x00\
\x1c\x00s\x00R\x00G\x00BXYZ \x00\x00\x00\
\x00\x00\x00o\xa2\x00\x008\xf5\x00\x00\x03\x90XYZ\
 \x00\x00\x00\x00\x00\x00b\x99\x00\x00\xb7\x85\x00\x00\x18\
\xdaXYZ \x00\x00\x00\x00\x00\x00$\xa0\x00\x00\x0f\
\x84\x00\x00\xb6\xcfXYZ \x00\x00\x00\x00\x00\x00\xf6\
\xd6\x00\x01\x00\x00\x00\x00\xd3-para\x00\x00\x00\
\x00\x00\x04\x00\x00\x00\x02ff\x00\x00\xf2\xa7\x00\x00\x0d\
Y\x00\x00\x13\xd0\x00\x00\x0a[\x00\x00\x00\x00\x00\x00\x00\
\x00mluc\x00\x00\x00\x00\x00\x00\x00\x01\x00\x00\x00\
\x0cenUS\x00\x00\x00 \x00\x00\x00\x1c\x00G\x00\
o\x00o\x00g\x00l\x00e\x00 \x00I\x00n\x00\
c\x00.\x00 \x002\x000\x001\x006\xff\xdb\x00\
C\x00\x05\x03\x04\x04\x04\x03\x05\x04\x04\x04\x05\x05\x05\x06\
\x07\x0c\x08\x07\x07\x07\x07\x0f\x0b\x0b\x09\x0c\x11\x0f\x12\x12\
\x11\x0f\x11\x11\x13\x16\x1c\x17\x13\x14\x1a\x15\x11\x11\x18!\
\x18\x1a\x1d\x1d\x1f\x1f\x1f\x13\x17\x22$\x22\x1e$\x1c\x1e\
\x1f\x1e\xff\xdb\x00C\x01\x05\x05\x05\x07\x06\x07\x0e\x08\x08\
\x0e\x1e\x14\x11\x14\x1e\x1e\x1e\x1e\x1e\x1e\x1e\x1e\x1e\x1e\x1e\
\x1e\x1e\x1e\x1e\x1e\x1e\x1e\x1e\x1e\x1e\x1e\x1e\x1e\x1e\x1e\x1e\
\x1e\x1e\x1e\x1e\x1e\x1e\x1e\x1e\x1e\x1e\x1e\x1e\x1e\x1e\x1e\x1e\
\x1e\x1e\x1e\x1e\x1e\x1e\x1e\xff\xc0\x00\x11\x08\x00{\x03E\
\x03\x01\x22\x00\x02\x11\x01\x03\x11\x01\xff\xc4\x00\x1d\x00\x01\
\x00\x02\x03\x01\x01\x01\x01\x00\x00\x00\x00\x00\x00\x00\x00\x00\
\x07\x08\x04\x05\x06\x03\x01\x02\x09\xff\xc4\x00Y\x10\x00\x01\
\x03\x03\x02\x03\x04\x04\x06\x0b\x0b\x08\x09\x05\x00\x00\x01\x00\
\x02\x03\x04\x05\x11\x06\x12\x07!1\x08\x13AQ\x14\x15\
\x22a\x1627Rq\x81\x17#5rtu\x91\xa1\
\xb1\xb2\xb3\x186BVfs\x84\xa5\xb4\xd2\xe3$F\
b\x94\x95\xa2\xc1\xc3%4CD\x82\x93\xc2\xd1\xe13\
d\x92\xf0\xf1\xff\xc4\x00\x1b\x01\x01\x00\x03\x01\x01\x01\x01\
\x00\x00\x00\x00\x00\x00\x00\x00\x00\x00\x03\x04\x05\x02\x01\x06\
\x07\xff\xc4\x006\x11\x00\x02\x02\x02\x00\x03\x04\x09\x03\x03\
\x04\x03\x00\x00\x00\x00\x00\x01\x02\x03\x04\x11\x05!1\x12\
\x13AQ\x14\x22aq\x81\xa1\xc1\xd1\xf02\x91\xb1\x06\
\x15\xe1#4B\xf15\x82\xb2\xff\xda\x00\x0c\x03\x01\x00\
\x02\x11\x03\x11\x00?\x00\xb7H\x88\xba9\x08\x88\x80\x22\
\x22\x00\x88\x88\x02\x22 \x08\x88\x80\x22\x22\x00\x88\x88\x02\
\x22 \x08\x88\x80\x22\x22\x00\x88\x88\x02\x22 \x08\x88\x80\
\x22\x22\x00\x88\x88\x02\x22 \x08\x88\x80\x22\x22\x00\x88\x88\
\x02\x22 \x08\x88\x80\x22\x22\x00\x88\x88\x02\x22 \x08\x88\
\x80\x22\x22\x00\x88\x88\x02\x22 \x08\x88\x80\x22\x22\x00\x88\
\x88\x02\x22 \x08\x88\x80\x22\x22\x00\x88\x88\x02\x22 \x08\
\x88\x80\x22\x22\x00\x88\x88\x02\x22 \x08\x88\x80\x22\x22\x00\
\x88\x88\x02\x22 \x08\x88\x80\x22\x22\x00\x88\x88\x02\x22 \
\x08\x88\x80\x22\x22\x00\x88\x88\x02\x22 \x08\x88\x80\x22\x22\
\x00\x88\x88\x02\x22 \x08\x88\x80\x22\x22\x00\x88\x88\x02\x22\
 \x08\x88\x80\x22\x22\x00\x88\x88\x02\x22 \x08\x88\x80\x22\
\x22\x00\x88\x88\x02\x22 \x08\x88\x80\x22\x22\x00\x88\x88\x02\
\x22 \x08\x88\x80\x22\x22\x00\x88\x88\x02\x22 \x08\x88\x80\
\x22\x22\x00\x88\x88\x02\x22 \x08\x88\x80\x22\x22\x00\x88\x88\
\x02\x22 \x08\x88\x80\x22\x22\x00\x88\x88\x02\x22 \x08\x88\
\x80\x22\x22\x00\x88\x88\x02\x22 \x08\x88\x80\x22\x22\x00\x88\
\x88\x02\x22 \x08\x88\x80\x22\x22\x00\x88\x88\x02\x22 \x08\
\x88\x80\x22\x22\x00\x88\x88\x02\x22 \x08\x88\x80\x22\x22\x00\
\x88\x88\x02\x22\xe5\xf8\x81\xac(\xf4\x9d\x0cr>1S\
U1\x22(\x03\xc3I\x1f8\xf8\xe1z\x93\x93\xd2'\
\xc6\xc6\xb7&\xd5UKr}\x11\xd2TM\x0d</\
\x9e\xa2VE\x13\x06\x5c\xf7\xb85\xad\x1ed\x9e\x8a7\
\xd5\xfcZ\xb6P\xb5\xd4\xf6\x08\xc5\xc2\xa78\xef\xa4i\
l-\xf3\xf2s\xbf0\xe7\x9c\x95\x15\xea\x8d[}\xd4\
r\x13r\xad{\xa1\xce[N\xcff&\xf38\xf6G\
R2FNN<V\x89Z\x86:\x5c\xe4~\x87\xc2\
\xff\x00\xa3j\xabS\xcc}\xa7\xe4\xba||_\xcb\xe2\
uM\x93[\xeb\xaa\x87\xb1\xb2V\xdc@9s7\x06\
B\xd2\x07\x97&\x03\xf9\xca\xd5\x1a\x8dC\xa4\xaeo\x89\
\x92\xd6\xda\xea\x81\x05\xed\x0e,\xdf\x83\xcb#\xa3\x9b\x9c\
\xf9\x82\xbd4\xae\xa2\xd4Vz\xc6Ga\xa8\xa8\xdf#\
\xbf\xea\xedn\xf6\xc8O/\x89\xd0\x9f\xcf\xe4\xa7\xb6[\
\xe1\xd5\x1ae\x93kK\x0d%,\x8dis\x9a\xe9r\
ch\xc1.\xdd\xc8\xb38\xe9\x9e\x9dOP\xa4\x9c\xbb\
\xbe\xab\x91k\x8aq7\xc2\xe6\xaa\x95qt\xbeZ]\
\x7fn\x8d{\xbfs\x82\xd1\x9ceh,\xa4\xd50\x9f\
\x06\x8a\xc8\x19\xef\xea\xf6\x0f\x0f\x1c\xb7\xcb\xa2\x96\xad\x17\
;}\xde\x82:\xebe\x5cUT\xd2\x0c\xb5\xf1\xbb?\
Q\xf1\x07\xdcy\x85\x07k^\x0f\x5ci\xc3\xabt\xc5\
Cn\x14\xce\x1b\x84/p\x12`\xe3\x1bOG\x0f\x1c\
\xf2\xfa\xd4gk\xbe\xea\x0d+s{\xe8*\xaa\xed\xd5\
Lv%\x8c\xe5\xb9#\xc1\xec<\x8e2y\x10\xa5X\
u\xe4-\xd4\xf9\x9f\x1f\x9d\x8d\x85\x93\xbbq_g\xd9\
\xe1\xfbx\x7f\x05\xc9E\x19\xf0\x83\x8a0j\xe7z\xa2\
\xe7\x1ct\xb7x\xe3\xdc\x08v\x19R\x07R\xd0z8\
\x0c\x12\xde~$r\x1c\xa4\xc5\x9fm3\xa6]\x99\xae\
g\xce\xca./L\xc5\xba\x5cm\xf6\xbaCWs\xae\
\xa5\xa1\xa6\x04\x03-D\xad\x8d\x80\x9e\x83s\x88\x0bQ\
\xf0\xe7D\xff\x00\x1ct\xf7\xfbN\x1f\xef.\x7f\xb4\x0d\
\x82\xef\xa98qQk\xb2Q:\xb2\xb1\xf5\x119\xb1\
5\xedi\xc0<\xce\x5c@U\x9b\xec-\xc4\xdf\xe2\xb4\
\xdf\xeb0\xff\x00}i\xe0`c\xe4U\xdb\xb2\xd5\x17\
\xbe\x9c\xbe\xa6nVU\xd5O\xb3\x08m|Ks\xf0\
\xe7D\xff\x00\x1ct\xf7\xfbN\x1f\xef'\xc3\x9d\x13\xfc\
q\xd3\xdf\xed8\x7f\xbc\xa8\x85\xea\xd9[f\xba\xd4\xda\
\xeeP\x18+)\xa41\xcd\x19p;\x5c:\x8c\x82A\
\xfa\x97K\xa6\xf8c\xaeu\x15\x9a\x0b\xc5\x9a\xc3%]\
\x0c\xfb\x84r\x89\xa3hv\xd7\x16\x9eNp=A\x0b\
J|\x07\x1e\x11R\x95\xbaO\xc7\x91R<R\xe9=\
(m\xfcK\xabj\xd4\xdan\xedU\xe8\xb6\xadAi\
\xaf\xa8\xda]\xddSVG+\xf0:\x9c4\x93\x85\xb5\
s\x83Z\x5c\xe2\x03@\xc9$\xf2\x0a\xb7vs\xe1\xce\
\xb3\xd2\xfcB7;\xf5\x8eJ:CG$}\xe1\x9a\
7\x0d\xc4\xb7\x03\x0dq>\x05X\xab\x97\xdc\xea\x9f\xe6\
\x9d\xfa\x0a\xc3\xcd\xc7\xae\x8b{\x15\xcb\xb4\xbc\xcd<k\
gm}\xa9\xc7L\xd3\xc5\xad\xb4d\xb22(\xb5u\
\x82G\xbd\xc1\xackn0\x92\xe2N\x00\x03w2W\
@\xbf\x9c\x87\xaa\xb3\xfd\x99x\xa6\xdb\x9d<:*\xff\
\x00S3\xeeL\x07\xd0*%;\x84\xd1\x81\x9e\xec\x9e\
\xbb\x9a\x01 \x9e\xa3\x97\x80\x07K?\x81\xbcz\xfb\xca\
\xdfk]~\xe5,^&\xad\x9fbk[\xe8O\x8b\
Mr\xd5z^\xdb[%\x15\xc7RY\xa8\xea\xa3\xc6\
\xf8j+\xa3\x8d\xed\xc8\x04e\xaep# \x83\xf5\xad\
\xca\xa5]\xa5\xfe[/\xff\x00\xd1\xff\x00\xb3\xc4\xa8\xf0\
\xcc(\xe6Z\xeb\x93\xd6\x96\xfeh\xb5\x9b\x92\xf1\xe0\xa4\
\x96\xf9\x97&\xd3t\xb6]\xe9MU\xaa\xe3I_N\
\x1cXe\xa6\x99\xb2\xb3p\xea2\xd2Fy\x8eK1\
C\xdd\x91\xfeJ\xa4\xfce7\xeaF\xb0;Pq\x1a\
\xf1\xa6)\xe9\xb4\xe5\x8aOE\x9e\xbe\x13$\xd5\x8c\x7f\
\xdb#fH\xda\xcf\x9aO\xce\xea\x07L\x1ek\xcf@\
\x94\xf2\xde5o\xa3\xea{\xe9J4+\xa6KW]\
M\xa6\xed5^\x8bu\xd4\x16\x9a\x0a\x8d\xa1\xdd\xd5M\
dq?\x07\xa1\xc3\x888X\x9f\x0etO\xf1\xc7O\
\x7f\xb4\xe1\xfe\xf2\xa4\x9aOH\xea\x8dc=@\xb0\xdb\
'\xb8\xbe\x00\x1d3\x83\xda\xd0\xdc\xf4\xcb\x9c@\xc9\xe6\
\xba/\xb0\xb7\x13\x7f\x8a\xd3\x7f\xac\xc3\xfd\xf5\xad.\x09\
\x8b[\xec\xce\xe4\x9f\xc1}J\x0b\x89_.q\xafk\
\xe2\x5c+^\xa8\xd37Z\xc6\xd1\xdb5\x15\xa2\xba\xa5\
\xc0\xb8CO[\x1c\x8f u;ZI\xe4\xb7\x0a*\
\xe0\x07\x0c)\xf4]\x96;\xa5\xd6\x95\xbf\x08\xaa\x98{\
\xd79\xc1\xde\x8e\xc3\xff\x00f\xdcr\x07\x18\xc9\x19\xfa\
p\xa5U\x83\x95\x0a\xab\xb5\xc6\xa7\xb4\xbcMJ%9\
AJkL\x22,{\x95m5\xba\xdf=}d\xcc\
\x86\x9e\x9e3$\xaf{\x83CZ\x06I$\xf2U\xd2\
m\xe9\x12\xb7\xa3!\x15\x12\xe2\xbe\xb6\xad\xd7\x1a\xce\xa6\
\xf3!1\xd3\xb4w\x14q\x86\x86\x96@\xd2KA\xc1\
9q\xc9'\x99\xe6H\x07\x00)\xb3\xb1\x8b\x9c\xeb>\
\xa3.q?\xe5\x10u?\xe8\xbdmd\xf0Yc\xe3\
w\xd2\x97>\x5c\xb5\xe7\xed\xd9\x9dO\x11W]\xdd\xc6\
<\xbc\xcb\x02\x8a\x10\xed\x0b\xc3-S\xae55\xbe\xe1\
bu#`\xa7\xa3\xee_\xdfNXwoq\xe8\x01\
\xe5\x82\x14\x87\xc2+\x0d\xc3Lp\xea\xd3b\xba\x98\x8d\
e+d\x12wo\xdc\xder=\xc3\x07\xe8!P\xb3\
\x1e\xb8Q\x1b\x15\x89\xc9\xf8y\x16\xa1l\xe5k\x83\x8e\
\x92\xf1\xf3:\xc4DU\x09\xc2/\x0a\xe9\xfd\x16\x86z\
\x9d\xbb\xfb\x98\xdd&\xdc\xe38\x19\xc6Uy\xfd\xd3\xff\
\x00\xc8\x7f\xeb_\xf0U\xacl+\xf2\xb7\xddGz\xf6\
\xaf\xa9\x05\xd95Q\xae\xf1\xebe\x8dE\x5c\xdb\xda}\
\xbb\x86\xed\x10Cs\xcc\x8b\xaeN?\xf2\x97{\xc3\x0e\
4i\xadmqm\xa5\xd0Mj\xb9\xbf=\xd4\x13\xb8\
9\xb3`d\x86<u=y\x10=\xd9R\xdb\xc2\xf2\
\xe9\x8b\x9c\xe1\xc9{\x9f\xf0q^v=\x92\xec\xc6\x5c\
\xc9=\x17\x15\xc6-y\xf6<\xd34\xd7\xafUz\xcf\
\xbe\xadm/u\xe9\x1d\xce\xdd\xcc{\xb7gk\xbef\
1\x8f\x15\xe3\xc1\xae!\xfd\x91l\xd5\xb7\x1fTz\xb3\
\xd1j\x04;='\xbe\xdd\xec\x87g;[\x8e\xbd\x14\
\x1e\x8bos\xdf\xeb\xd5\xf3\xe5\xff\x00d\xbd\xfd}\xe7\
u\xbfX\xee\xd1\x11W%\x08\x88\x80\x22-.\xaf\xd5\
\x16-'ju\xca\xfdq\x8a\x8e\x11\x9d\x81\xc7/\x94\
\x8f\xe0\xb1\xa3\x9b\x8f\xd1\xf5\xafc\x19M\xa8\xc5m\x9e\
JJ+o\xa1\xbaE\x8fn\xaa\x8e\xba\xdfM]\x08\
p\x8e\xa2&\xca\xc0\xe1\x82\x03\x80#>\xfek!x\
\xd6\xb9\x1e\xa7\xb0\x88\x88\x02\x22 \x08\x88\x80\x22\x22\x00\
\x88\x88\x02-.\xaf\xd5\x16-'ju\xca\xfdq\x8a\
\x8e\x11\x9d\x81\xc7/\x94\x8f\xe0\xb1\xa3\x9b\x8f\xd1\xf5\xad\
\x95\xba\xaa:\xeb}5t!\xc2:\x88\x9b+\x03\x86\
\x08\x0e\x00\x8c\xfb\xf9\xae\x9c$\xa3\xdak\x91\xe7io\
\xb3\xbefB\x22.OB(>\xff\x00\xc7\xff\x00U\
k\xaa\xbd1\xf0K\xbe\xf4z\xf3G\xe9\x1e\xb1\xdb\xbb\
\x0f\xdb\xbbotq\xe7\x8c\xfdjpV/\xc5\xb6\x85\
\x17b\xd6\xfat\x22\xaa\xfa\xedmA\xefA\x11\x15r\
P\x88\x88\x02\x22 \x08\x8bE\xac\xf5n\x9f\xd2\x16\xb7\
\x5c/\xd7\x18\xa9c\xc1\xee\xd9\xd6IO\xcdcG2\
\x7f0\xf1\xc2\xea\x10\x94\xe5\xd9\x8a\xdb<\x94\x94V\xdb\
\xe4oQyRN\xca\x9aX\xaa#\x0e\x0c\x95\x8d{\
C\xba\x80Fy\xafU\xcfC\xd0\x88\x88\x02\x22 \x08\
\x88\x80\x22\x22\x00\x88\x88\x02\x22 \x08\xa1\xfe q\xf7\
L\xe9\xab\x94\xd6\xcbe\x1c\xd7\xca\xb8\x1cY+\xa2\x94\
G\x0b\x5c:\x8d\xf899\xe5\xc8c\xde\xb4v\x1e\xd2\
\xf6j\x9a\xd6Ey\xd3UV\xe8\x1c\xec\x19\xa1\xa9\x15\
\x1b}\xe5\xbbZq\xf4d\xfd*\xfcx^\x5c\xe1\xdb\
Pz\xf8\x7f\x1dJ\x92\xce\xc7\x8c\xbb.\x5c\xc9\xf1\x16\
5\xb2\xba\x8e\xe7o\x82\xe1o\xa9\x8e\xa6\x96\xa1\x82H\
\xa5\x8d\xd9k\xda|B\xc9T\x1ai\xe9\x96\xd3\xd8E\
\xcfq\x1bTE\xa3te~\xa3\x96\x9b\xd2\x85#Y\
\xb6\x0e\xf3gx\xe7=\xad\x03v\x0e9\xbb\xc8\xf4P\
\x9f\xee\x9f\xfeC\xff\x00Z\xff\x00\x82\xaec\xf0\xfc\x8c\
\x98\xf6\xaa\x8e\xd7\xbd}Y^\xec\xbai\x97foO\
\xe2X\xd4P^\x88\xed\x07\xf0\x9bV\xdb,\x1f\x04}\
\x13\xd3\xa7\x10\xf7\xde\xb2\xdf\xb3>;{\xa1\x9f\xca\x17\
[\xc6\xae(}\x8d\xfdS\xff\x00A\xfa\xd3\xd6=\xf7\
\xfd\xef\xb9\xee\xfb\xbe\xef\xfd\x07g;\xfd\xd8\xc2\xf6\x5c\
;&6\xaa\x5c}g\xd1m}\xcf#\x99L\xa0\xec\
O\x92\xf7\x92:*\xe5\xfb\xa7\xff\x00\x90\xff\x00\xd6\xbf\
\xe0\xac\xdbOi\xab\x5c\xb5\x0de\xd3J\xd5\xd2BN\
\x0b\xe9\xea\xdb9\x03\xcf\x05\xac\xfd*g\xc1\xb3R\xdf\
c\xe6\xbe\xe4k\x88\xe3?\xf9|\x9f\xd8\xb0\x08\xb5\x9a\
b\xfdi\xd4\xb6h.\xf6Z\xc8\xea\xe8\xe6\x1e\xcb\xdb\
\xd5\xa7\xc5\xae\x1dC\x87\x88+f\xb3e\x17\x17\xa6\xb9\
\x97\x13Mm\x04D^\x1e\x84D@\x11\x11\x00DD\
\x01V\xae)\x5c'\xb8\xeb\x9b\x99\x9b\x00C3\xa0`\
\x04\xe05\x87h\xfc\xb8\xcf\xd6\xac\xaa\xab\xda\xf8\xe3[\
\xde\x7f\x0e\x9b\xf5\xca\xb1\x8c\xbdf}\xb7\xf4Db\xf2\
\xac\x93\xea\xa3\xf51.\xf6;\xa5\xaa\x18'\xad\xa4\x92\
8j\x22d\xb1K\x8c\xb1\xc1\xc3#\x9fL\xe0\x1e]\
y.\x87\x87\xba\x16MT{\xf7\xdci\xe9\xe9\x98\xef\
m\x8dpt\xc4\x023\xec\xf8\x0c\x13\xcc\xf8\xa9\x92+\
U=\xf3\x86\xf4V\xba\x82\x03j-\xd0\x868\xff\x00\
\x05\xfd\xdbKO\xd4B\xac\xf7h\xeb\xecwZ\x9a\x19\
\x1f-<\xf0\xbc\xc6\xf0\xd7\x10z\xabT\xb7v\xd2z\
f\xd5<z\xcc\xfal\xae\x0dB\xc8\xbdo[\xe5\xe7\
\xa6M\x15\xda\xa3Cp\xf2\x94P\xd9i\xe3\xb8\xd7\x86\
\x80\xf7\xc6\xe0I\xf1\xcb\xa4\xc6>\xa1\xf9\x94I\xad\xf5\
\xe5\xfbTL}:\xa8\xc7L1\xb6\x96\x12[\x13H\
\x04g\x1e'\x99\xe6s\xd5s\xb5\x0c\xa8l\x0c\xa8|\
R\x08\xa4\xc8d\x85\xa7k\xb1\xd7\x07\xc5c\xd2SU\
\xdc*\xd9IE\x04\x95\x13\xc8\xe0\xd6\xb26\xe4\x92V\
\x85\x18\x90\x87\xac\xf9\xbf3\x06\xc8\xd3\x8e\xdd\x8d\xf6\xa7\
\xe3'\xcd\xff\x00\x83\xa4\xd2\x1cB\xd4ZVf\xfa\x0d\
a\x96\x94\x1fj\x96b]\x11\xc9\xe7\x81\xe0yu\x18\
Y\x9a\xc3R\xdfx\x9dze=\xb7OA\x96\x9d\x91\
\x08!\x0e\x97n\xe2F\xf9\x0fN\xbe\xe1\xe2\xba]\x11\
\xc1j\x99\xd8.Z\xc2\xa4[\xe9\x18\x03\xfb\x86\xbc\x07\
\xb8dd=\xc7\x93F2<\xf9\xf8-\x95\xeb\x8a:\
;D\xdb\xc5\x9b@[a\xae\xa9\xf6ZekH\x8d\
\xc7h\xc3\x8b\xba\xbd\xdf\xf1\xca\xe9J\xb9Y\xfe\x84;\
S\xf3\xf0^\xf6|\xdef]nNk\xaf\x99\x07\xd1\
V\xd7i\xcdM\x0dHi\x8a\xb6\xdfT\x0b\x98\xe2G\
\xb4\xc7si\xc1\xe9\xc8\x83\x82\xae\xfd\x0c\xa6\xa2\x8a\x09\
\xdc\x002F\xd7\x90:\x0c\x8c\xaa\x17x\xac\xa9\xab\xbb\
UUV\x0cT\xcd;\xa4\x98\x16\xed\xc3\xcb\x89<\xbc\
9\xf8+\xdfg\xfb\x91G\xfc\xc3?T.x\xed}\
\x98\xd6\xdf^\x7fC\x1e\x8c\x9e\xfar^FZ\x22/\
\x9d-\x14S\x8d\x9f+\x1a\x97\xf1\x84\x9f\xa5Z\x1e\xcc\
\x9f\x22\xb6?\xbe\xa8\xfe\xd1\x22\xab\xdcl\xf9X\xd4\xbf\
\x8c$\xfd*\xd0\xf6d\xf9\x15\xb1\xfd\xf5G\xf6\x89\x17\
\xd6\xf1\x8f\xfc}\x7f\xfa\xff\x00\xf2\xcc\x1e\x1f\xfe\xee\x7f\
\x1f\xe5\x12R\xc7\xb9}\xce\xa9\xfei\xdf\xa0\xac\x85\x8f\
r\xfb\x9dS\xfc\xd3\xbfA_'\x1e\xa8\xde}\x0f\xe7\
\xad\xaa\x93\xd3\xee\xb4\xb4\x22A\x1f\xa4L\xc8\xb7\x91\x9d\
\xbb\x9c\x06q\xf5\xad\xbe\xab\xb1\xde4&\xb2\x9a\xdb4\
\xb2A]A0|51nf\xecsd\x8c=|\
\x8e|\x0f\xd0\xb0\xb4\xa7\xef\xa6\xd5\xf8l_\xae\x15\xc6\
\xe3\x87\x0e\xa0\xd7\xda`\xc7L\xd8!\xbc\xd2\x9d\xf4s\
\xbcc>q\xb8\xf5\xda\x7f1\xc1\xf3_{\x9b\x9e\xb1\
n\x84g\xfae\xbd\xfb:\x1f-\x8d\x8a\xef\xaeR\x8f\
Tap\x1b\x89\xb4\xfa\xde\xc4\xca+\x8dLm\xd4\x14\
\xcc\xc5D{C{\xe6\x8e\x924t9\xf1\x03\xa1\xf0\
\xc6\x15y\xed/\xf2\xd9\x7f\xfe\x8f\xfd\x9e%\xca\xda.\
W\xed\x0d\xabEU+\x9fCu\xb7\xcc\xe6=\x8e\x19\
\xc1\x07\x0ec\x87\x88<\xc1\x0b+\x8a:\x96=_\xad\
\xab5\x14p\xf7&\xb2*s$~\x0d\x91\xb0F\xc7\
\x81\xee\xdc\xd7c\xdd\x85\x16/\x0eX\xd9\x8e\xda\xff\x00\
D\x93\xf8=\xaf\x97\x91\xdd\xf9n\xecu\x09\xfe\xa4\xfe\
\xe5\x94\xec\x8f\xf2U'\xe3)\xbfR5\xc2\xf6\xc2\xd3\
sGy\xb7\xeazzbi\xe6\x8b\xd1\xea%\x04\x9c\
=\xa4\xed\xc8\xe8\x06\xdf\xcb\x85\xddvG\xf9*\x93\xf1\
\x94\xdf\xa9\x1a\x96.\x94\x14WJ\x09\xa8.4\xb1U\
R\xcc\xdd\xb2E+C\x9a\xe1\xe4B\xc0\xb3-\xe2q\
)\xd9\xad\xf3{5aG\x7f\x87\x18{\x11N\xf8+\
\xc5\xba\xbe\x1eS\xd5\xdb\xa5\xb6\xc7p\xb6\xd4\xc9\xdf\xf7\
a\xc29\x19.\xd0\xdc\x87`\xf2 \x0eD\x1e\x9c\xb1\
\xcf6\x17Hq\xabA\xea)\x1bO\xeb\x17[j]\
\xb4\x08\xeb[\xb09\xc4\x12@vH\xc0\xc7S\x85\xcc\
\xebN\xce\xbar\xe74\xf5v\x0a\xd9\xad3<e\xb0\
\x11\xbe\x10\xe2\xe2I\xf3\x03\x07\x00\x0e\x98\x0a\x0d\xe2_\
\x0b5>\x84`\xab\xb8G\x1dM\xbd\xf2\x18\xd9W\x01\
%\xb9\xf0\xdc?\x83\x9f\x0c\xf9-)W\xc3\xb8\x94\xb7\
\x17\xd9\x9b\xf8\x7f\x87\xf0)\xa9fa\xc7Mn+\xf3\
\xde]\xe8\xde\xc9#l\x91\xbd\xafc\x80s\x5c\xd3\x90\
A\xe8A_\xa5T\xfb3q\x22\xe5m\xd4T\x9aB\
\xe5P\xfa\x8b]k\xfb\xba`\xe0\x5c\xe8e=\x03O\
\x83I\xea:x\xf9\xabX\xbe\x7f;\x0axv\xf6%\
\xcf\xc9\x9a\xb8\xb91\xc8\x87i\x05[;Wq\x01\x93\
\xc84=\xaebDN\x12\x5c\x1e\xd2\x08.\xea\xd8\xfc\
\xf2:\x9e~\xe50\xf1\x87ZA\xa1\xf4Me\xd3\xbc\
\x8c\xd7\xbd\xbd\xd5\x0cN<\xdf)\xe4\x0e<C~1\
\xf7\x0cx\xaa\xdf\xc0M\x17W\xaf\xf5\xcc\xb7\xdb\xe3d\
\xaa\xb7\xd3Lj+e\x93\x9f\x7f1;\x83O\x9eO\
3\xeeZ\x1c'\x1e\x10O2\xef\xd3\x1e\x9e\xd7\xf9\xf3\
*g\xdb)5\x8f_Yu\xf7\x18\xd7\xfd\x004\xe7\
\x02)55\xc1\x80\xdc\xee\xf7\x18\x1d\x1b\x5c\xd1\x98)\
\xfb\xb9\x8b@#\xe7\xf2q\xe7\xd03\x90 \xa9'\xb1\
\x7f\xdcmG\xf8D\x1f\xaa\xf5\xbb\xedz\xd6\xb3\x85\x94\
MkCZ.\xb1\x00\x00\xe4\x07u*\xd2v/\xfb\
\x8d\xa8\xff\x00\x08\x83\xf5^\xae\xdd\x91<\x9e\x19e\x93\
\xea\xdf\xd5\x15\xeb\xaa4\xe6\xc6\x11\xf0_Fd\xf6\x91\
\xe2F\xad\xd1z\xa6\xddC\xa7\xeb\xe2\xa7\x82z.\xf6\
F\xbe\x9d\x92e\xdb\xdc3\x97\x03\xe0\x02\x92\xb85|\
\xb9jN\x1aY\xefwy\x9b5mK$2\xbd\xac\
\x0c\x07\x12\xbd\xa3\x90\xe49\x00\xa0~\xd9_\xbf{?\
\xe2\xdf\xf9\xafS/g?\x91}=\xfc\xdc\xdf\xb7\x91\
S\xcb\xa6\xb8\xf0\xda\xa6\xa2\xb6\xdf_\x1f\x12\xc5\x16M\
\xe6N-\xf2K\xecHH\x88\xb0\x8d3\x0a\xfb\xf7\x12\
\xbf\xf0i?T\xaaK\xc1\x1a*;\x87\x15l\x14U\
\xf4\x90U\xd2\xcbPD\x90\xcf\x18{\x1e68\xe0\xb4\
\xf2*\xed_~\xe2W\xfe\x0d'\xea\x95B4\x85\xfa\
\xb3K\xeaJ+\xfd\x04pKUF\xf2\xf8\xd9;I\
a8#\x98\x04\x1f\x1f0\xbe\x93\x81FS\xa6\xe8\xc7\
\xab_FcqI(\xdb[}?\xe8\xbb5\xdc8\
\xd05\xb4\xce\xa7\x9bGX\xda\xc7u0\xd12'}\
N`\x0e\x1fQT\xdbXQ\x9d\x19\xc4\xab\x85%\xa2\
\xa2F\x9bU\xc0\x9aYI\xf6\x9b\xb1\xd9nO\x98\xe5\
\xf9\x17y]\xda#\x885\xd0\x1azjk5$\x8f\
\x04\x09)\xa9^^>\x8d\xefp\xfc\xcb\x03\x84\xfc2\
\xd4\x9a\xe3U\xc5v\xbd\xd2UEj\xf4\x9e\xfe\xb6\xaa\
\xa9\xa5\xae\xa89\xdc\xe6\xb7<\xdc\x5cz\x9e\x83'\xe8\
V\xf0i\xbb\x063\x9eT\xfd]t\xde\xca\xf9VW\
\x94\xe3\x1a#\xcf\xcfD\xb1\xda\xeaS?\x0a-\x13\x96\
:3%\xda\x17\xecwV\xe6\x09\x8e\x0a\xe18\x0f\xc4\
{\x0f\x0f\xf8}u\x96\xe7\xde\xd4\xd6T\x5c?\xc9\xe8\
\xe1\xc6\xf7\x81\x1br\xe2O&\xb4y\x9f\xa8\x1ej@\
\xed\x8b\xf2en\xfcs\x17\xecg\x5cOeM\x09\xa7\
\xf5\x0c7K\xf5\xf6\x82\x1b\x89\xa5\x99\xb4\xf4\xf0N\xdd\
\xd1\xb4\xed\xdc\xe79\xa7\x93\x8f0\x06yuU\xb1\x9d\
_\xda\xdb\xb7}\x9d\xf4^\xf2k\xbb\xcfN\xd5}t\
t\x96.\xd2\xf6z\xab\x93 \xbb\xe9\xaa\x9bu+\x9d\
\x83Q\x15P\x9c\xb7\xde[\xb1\xbc\xbc\xf0I\xfaT\xef\
GQ\x05e$5t\xb2\xb6h'\x8d\xb2E#N\
C\xda\xe1\x90G\xb8\x82\xaawj\x9d)c\xd3z\xa2\
\xd9=\x8e\x82\x1a\x08\xeb\xe9\xde\xe9`\x81\xbbc\x0ek\
\x80\xcbZ97 \x8eC\x97%,\xf0\xfbQKe\
\xec\xc3M\x7f\x8eN\xf2z+l\xfd\xc9# =\xb2\
=\x8c\x04y\x02\x1a>\x80\xaa\xe6\xe1Q*+\xbb\x1d\
k\xb4\xf5\xaf\xcfq>6M\xaa\xd9\xd5s\xdfeo\
f\xc3\x89\x9ch\xd2\xfa*\xb9\xf6\xb1\x1c\xd7[\xa4\x7f\
\xfdJzr\x03b>Oy\xe8}\xc0\x13\xe7\x85\xc4\
\xdb;N[\xa4\xaak.ZJ\xaa\x9a\x02Fd\x82\
\xb5\xb38\x0f=\xa5\x8c\xfd*2\xe0\x16\x90\xa5\xd7\xbc\
C\x91\x97\xd9$\x9e\x96\x9e'\xd6\xd54\xbc\xee\xa8v\
\xe0\x03I\xeb\xcc\xbb$\xf5\xc0>j\x7f\xe2\x87\x09t\
}\xcfE\xd7\x0b]\x8a\x86\xd9p\xa4\xa6t\x94\xb3R\
B#%\xcci!\xae\xdb\x8d\xc0\xe3\x04\x9c\x9ey\xea\
\xa7\xb7\x1f\x87\xe2N4[\x16\xe4\xfa\xbd\xf4\xd9\x1c.\
\xcb\xbe.\xd84\x97\x91\xda\xd9\xf5]\x92\xf3\xa5\x1f\xa9\
\xadUb\xb2\xde\xc8_+\x8cc\xdb\x1b\x06\x5c\xd2\xd3\
\x8c8y\x1cxx*k\xc6\x8d_K\xad\xb5\xddM\
\xee\xde+YD\xf8\xa3d1U`9\x9bX\x03\xb9\
\x078\x00]\x93\xc8\xf8\xae\xbb\xb2\xa5\xdeVkj\xbd\
/9t\xb6\xdb\xcd\x1c\xac\x9a\x1d\xc4\x0d\xcdi;\xb9\
t;w\x0e^c\xc9r\xfcx\xb0Z4\xc7\x13.\
\x16{\x1d'\xa2P\xc3\x1c.d]\xe3\x9f\x82\xe8\xda\
\xe3\xcd\xc4\x9e\xa4\xf8\xab\x9c;\x12\xbcL\xd9\xd7\xcd\xbd\
m?g\xdc\xad\x99\x91<\x8ch\xcf\xc3z~\xf2\xca\
p_\x89\xd6\x1da\x14:z\xd9Is\x86\xaa\xdfo\
\x8d\xd2\xbe\xa2667\x06\xeda\xdaZ\xf2O3\xe2\
\x07%\x97\xc5\x0e,\xe9\x9d\x07(\xa2\xab3W\xdd\x1c\
\xd0\xe1GO\x8c\xb0\x1e\x85\xee<\x9a\x0f\xd6}\xd8\xe6\
\xbc\xf4.\x92\xd2Z\x1fI\xbbU\xda-\x1e\x8fX\xeb\
8\x9a\xa6OH\x95\xfd\xe3DbG\x0c9\xc4\x0c\x96\
\xf8\x05Y\xb8ge\x7f\x12\xb8\xb1\x14\x17\xda\xa9\x1c\xda\
\xd9e\xab\xad{O\xb4\xf0\x01qh\xf2\xc9\xc0\xf7\x03\
\xcb\xa2\xce\xa3\x0f\x1b\x22\xdb-\xe6\xab\x8f\xee\xd9r\xdc\
\x8b\xea\x84+\xe4\xe7\x22X\xa4\xed;F\xea\xa0\xda\xbd\
\x1d<T\xf9\xe6\xf8\xab\xc3\xdf\x8f\xbd,h\xfc\xeag\
\xd0\xfa\xba\xc5\xac\xec\xc2\xe9a\xab\xef\xa2\x07l\xb1\xb8\
m\x92\x17c;^\xdf\x03\xf9\x8f\x81+\x9e\xd4\xdc!\
\xd0\xb7m9-\xaa\x9bO\xd0[\xa6\x11\x16\xd3\xd5S\
\xc4\x19,o\xc7'9\xc3\x9b\xf9\xf88\x95]{8\
\xde\xabt\xef\x17(\xed\xc5\xce\x10\xd7\xbd\xf4UQ\x03\
\xc8\x9c\x1d\xa7\xe9\x0e\x03\xea'\xcd=\x17\x132\x89\xcf\
\x1e.2\x8f=?\x11\xdf\xe4c\xdb\x18\xdc\xd3R,\
\x06\xb6\xe3>\x97\xd2Z\xb2]5r\xa0\xbc\xcbY\x1f\
w\x97\xd3\xc3\x1b\xa3\xf6\xda\x1c9\xba@z\x11\xe0\xb9\
\xdds\xda\x1e\xc1b\xbb\xcbn\xb3Z\xa5\xbe\x18\x5cY\
,\xe2\xa0C\x16\xe0pCN\xd7\x17}8\xc7\x96T\
?\xda\x83\xe5\x9a\xeb\xfc\xd5?\xecX\xa7\x8d\x1d\xc2]\
\x1axcKA=\x92\x86\xa6\xba\xb6\xde\xd7\xcb[,\
y\x94J\xf6gs_\xf1\x98\x01<\x83q\xc8s\xcf\
5\xdc\xb1p\xb1\xe9\xaa\xdbS}\xa4\xb9o\xe6s\x1b\
\xf2n\xb2u\xd6\xd2\xd3\x1a/\x8ezB\xfbb\xaf\xb8\
\x5c\x5c\xfb4\xf4\x11\xf7\xb3S\xcc\xf0\xf2\xf6\xe7\x00\xc6\
@\x1b\xceH\x18\xc09#\x969\xaeB\xa3\xb4\xe5\xbd\
\xb5\xe5\x94\xfaF\xaaJ=\xdc\xa5}k[&<\xf6\
\x06\x11\xfe\xf2\x83\xb8Y\xa7\xe1\xd5<A\xb3X\xaaD\
\x86\x9e\xaa\xa3\xed\xc1\x87\x0e1\xb4\x17\xb8\x03\xe1\xec\xb4\
\xf3\xf0S\xb7i\x8d\x0d\xa4\xec\xbc5\x86\xe1f\xb1Q\
[\xea\xa9\xaa\xe2\x8d\xb2S\xc6\x18\xe71\xc1\xc0\x87\x91\
\xf1\xbc\x0eNO.\xaa\xc5\xb884d\xc6\x99E\xb7\
.\x9c\xf9/\xa9\x0c2\xb2\xad\xa5\xd9\x16\x97g\xe6L\
:\x1bUZ5\x96\x9d\x86\xf9f\x95\xcf\xa7\x90\x96\xbd\
\x8f\x18|O\x18\xcb\x1c<\x08\xc8\xfc\xa0\xaes\x8a\x9c\
W\xd3\xba\x07e-X\x96\xbe\xe9#w\xb2\x8e\x02\x01\
k~s\xdc~(>\x1dI\xf2\xf1Q\xe7b\xf9d\
6\x8dI\x09q\xee\xd9Q\x03\x9a\xdf\x22Z\xf0O\xfb\
\xa3\xf2(N\x92\xe9l\xd4\xdcO\x17}cY$\x16\
\xda\xca\xe7O[&\xd78\x88\xf2H`\x0c\x04\xe3\x00\
7\x90\xe4>\x85Z\x9e\x13[\xca\xb22\xdb\x8c<<\
^\xf9\xa4Of|\xd5\x10\x92\xe5)~\xc4\xdbl\xed\
7m\x96\xb1\xac\xb9i:\x9aZr\xe0\x0c\x90\xd6\x89\
\x9c\x07\x9e\xd2\xc6\xfe\x954Z\xf5=\x9e\xeb\xa5N\xa6\
\xb6T\xfae\xb8@\xf9\xb7F=\xac4\x12\xe6\xe0\xe3\
\x0e\x18#\x07\x0a\xbe\xf1F\xe3\xc0\x8b\xa6\x88\xaa\xa7\xd3\
rQ\xd2\xdd\xe9\xe3\xddD\xeakt\xf19\xee\x07\xe2\
\xbd\xc5\x808\x11\x91\x97\x1f\xad; \xdc\xddSW\xa8\
t\x8dW\xdbhj\xa9='\xbb.#\x18\x227\xe3\
\x1d7\x07\xb7?z\x17\xb98\x14\xcb\x1d\xdf\x5c\x1c;\
/\x9a{\xe6\xbe'\x94\xe5\xd9\x1b\x95S\x92\x96\xfcW\
\xf8#^4j\xfa]m\xae\xeaov\xf1Z\xca'\
\xc5\x1b!\x8a\xab\x01\xcc\xda\xc0\x1d\xc89\xc0\x02\xec\x9e\
G\xc5Y\xae\x0b\xf1:\xc3\xac\x22\x87O[).p\
\xd5[\xed\xf1\xbaW\xd4F\xc6\xc6\xe0\xdd\xac;K^\
I\xe6|@\xe4\xab_\x1e,\x16\x8d1\xc4\xcb\x85\x9e\
\xc7I\xe8\x940\xc7\x0b\x99\x17x\xe7\xe0\xba6\xb8\xf3\
q'\xa9>*\xd3p\xabBiM5m\xa3\xbc\xd9\
-^\x8b][o\x88TK\xe9\x12\xbfxpk\x8f\
'8\x81\xcc\x03\xc8\x05c\x8a<\x7fC\xaf\x93\xe9\xea\
\xfc\xba\x90\xe0\xab\xbd&|\xd7^\x7f\xe0\xe7,\xfd\xa1\
4-\xc6\xa9\xf0\x9a{\xcd\x13Y\x0c\x93:Z\x98b\
\x0c\x01\x8d.\xc7\xb3!$\x9c`\x0cs$,^\x1f\
\xf1\xe6\x9bWkZm;\x0e\x95\xab\x81\xb5Osa\
\x9d\xb5-\x91\xc0\x00N\xe7\xb3h\xda02p\xe3\xf5\
\xaa\xcf\xa0\xac_\x09\xb5\x9d\xa6\xc2dtl\xad\xaad\
R=\xa3%\xac\xce\x5cG\xbc\x00U\xcd\xd1\xbc1\xd1\
ZF\xe6\xcb\xa5\x8a\xd0i\xeb[\x09\x84\xcc\xfa\x89$\
.\x07\x198s\x88\x04\xe3\xa8\x03\xa9P\xf1\x0c\x5c\x1c\
$\xe2\xe2\xdc\x9a\xe5\xec\xf6\xfel\x97\x12\xfc\xac\x96\x9e\
\xd2I\xf3\xf6\x9c\x0d\xff\x00\x88\xbc$\xa4\xd7Uv\xaa\
\xfd\x0b\xe9\x17x\xeb\xcc\x12\xd5z\xa6\x95\xdb\xe6\xdf\x82\
\xfd\xe5\xdb\x8f>y#*i\xaf\xab\xa5\xa0\xa2\x9a\xb6\
\xb6\xa2:zh\x18_,\xb2;kX\xd1\xd4\x92\xa9\
6\xbe\xf9t\xbb~>w\xed\x94\xe3\xdb\x02\xf7SC\
\xa2m\xd6zy\x0cl\xb9U\x13>\x0f\xc6d`\x1d\
\xa7\xdd\xb9\xcd?\xf8B\xe3'\x87FS\xa2\xb8\xb7\xeb\
.{{\xf2:\xa31\xa8\xdb9/\xd2cjN\xd2\
\xb6::\xe7\xc1c\xd3\xf5WXXq\xdf\xcbP)\
\xda\xff\x00{F\xd7\x1c} \x1fr\xdcp\xf3\x8f\x9a\
sS\xdd\xa1\xb4\xdch'\xb2U\xd482\x03$\xa2\
X\x9e\xf3\xfc\x1d\xe0\x02\x0ezdc\xde\xb9\x8e\xcb\x9c\
?\xd3WM%>\xa3\xbd\xda\xe9.\x952\xd5>\x18\
YU\x10\x928\x98\xd0?\x82\xefd\x92I\xe6G\x80\
\xc2\xf4\xd7]\x9e\x1fr\xd5\xcf\xaf\xd2\xf5\xf4\x16\x8b\x5c\
\x8ck\xcc.\x0f.\x8a\x5c\x9d\xdb\x00\x18\xdb\xd0\x8e}\
I\x18\x00\x05\xd5\x95p\xc8\xd9*$\x9cZ\xff\x00\x96\
\xfc\x7f=\x870\xb35\xc5Z\xb4\xd3\xf0,\x1a,K\
4\x15t\xb6\x8a:j\xfa\xa1WW\x14\x0cd\xd3\x86\
\xed\xef^\x1a\x03\x9d\x8c\x9cd\xf3\xea\xb2\xd7\xce\xb5\xa6\
l.\x84S\xc4\xce8\xe9\xcd\x1dw\x92\xcdOG=\
\xde\xe1\x09\xc4\xec\x89\xe28\xe2w\xcd/ \xe5\xde\xe0\
\x0e<\xf3\xc9q\xd4}\xa7i\x1f;Ef\x8d\x9a\x18\
\xb3\xcd\xd1\x5c\x04\x8e\x1fQ\x8d\xbf\xa5C\xd7\xb8\xdf\xa5\
8\xb1X\xfdSd\xf5\x93`\xaf\x96Y\xe8\xe7yc\
jZ\xe2\xe2\x1d\xbb\xc4\x1c\x87\x03\xcc\x1f\x15%\xcf\xab\
x\x0f\xabm\xf1\xd0]t\xcc\xba^m\xcd\xff\x00(\
\xa3\xa3c\x0b0~|`\x97\x03\xd0\xeeo\xfe\xeb\xea\
\xff\x00\xb6\xe3U\x08\xee\xa74\xd7T\xfe\x89\x98>\x99\
u\x92\x97\xae\xa3\xaf\x07\xf7'{\x0e\xb8\xb0_t]\
F\xac\xb5\xcd%E\x0d42K4a\xa0J\xc2\xc6\
\xees\x0bI\xe4\xec{\xf0r9\xe3\x9a\xa7\x5cb\xd5\
t\xda\xcf\x88\x17\x0b\xf5\x07\xa62\x8af\xc4\xdax\xaa\
\xb0\x1f\x18lmk\x86\x03\x88\x00\xb88\xf2>9\xea\
U\xae\xe1\x8e\x8f\xd0t\x1aR\xba\x0d)9\xb8Z\xee\
\xcc1\xd5I\xe9fA \xdaZ[\xc8\x8d\xa7\x0e \
\xe0\x03\xd3=\x02\xaa\xfcq\xb1\xda\xf4\xdf\x14o\x16[\
-/\xa2\xd0S\xf7\x1d\xd4]\xe3\x9f\xb7t\x11\xb8\xf3\
q$\xf3q<\xcf\x8a\xe3\x82\xaa#\x95d`\x9e\xf5\
\xcb~\x5c\xb7\xbfn\xce\xb8\x93\xb5\xd1\x07-k\xc7^\
e\xa0\xe1\x0f\x13\xac:\xdfu\xa6\xd5Is\x86z\x0a\
H\xdd+\xaaccZG&\xfb%\xafq\xeb\xe6\x02\
\xd5q+\x8e\x9asH\xdd%\xb4\xd1Q\xcbz\xaf\x84\
\x96\xce\xd8\xa5\x11\xc5\x13\xbei~\x0e]\xe6\x008\xfa\
y/I\xf4\xe6\x9b\xe1\xb7\x0c\xef:\xa3K\xda\x8d\x15\
\xc9\xf6\x8c\x19EL\xaf\xcb\xdc\xd1\xb4\xe1\xee a\xc4\
\x1eX\xe8\xab\x9f\x07\x1d\xa2\x06\xae}o\x10j\x83m\
\xf1B\xe7\xc7\x1b\xe2\x96A<\xc4\x80\x03\xb6\x02p\x01\
'\x9f\x22@Pcac_+.Qn\x11\xe8\xbc\
[\xf1\xe8KvM\xd5(V\xdaR~>\x09\x13n\
\x97\xed%`\xaf\xb8GM|\xb1\xd4\xda\x22\x91\xdb}\
!\x93\x8a\x863\xde\xe1\xb5\xa4\x0f\xa0\x1f\xa1N4\xd3\
\xc3SM\x15M<\xac\x96\x19X\x1f\x1c\x8c9k\xda\
FA\x07\xc4\x10\xaaW\x1ekxIv\xb5\xd2\xd7h\
Ii`\xba\xb2p\xc9\xa0\xa5\xa1\x96\x9e9\x22-<\
\xc8,k\x01\x04\x0e\x9c\xceNs\xe1*\xf6J\xbeO\
s\xe1\xcc\xf6\xda\x97\x97\xba\xd7V\xe8\xa2$\xf4\x89\xc0\
9\xa3\xea%\xff\x00V\x14Y\xf8\x15\xacu\x91T\x5c\
y\xe9\xa7\xfeN\xf1r\xa6\xeet\xceJ^M\x1e\xf6\
~\xd0\x9a\x16\xe3T\xf8M=\xe6\x89\xac\x86I\x9d-\
L1\x06\x00\xc6\x97c\xd9\x90\x92N0\x069\x92\x16\
/\x0f\xf8\xf3M\xab\xb5\xad6\x9d\x87J\xd5\xc0\xda\xa7\
\xb9\xb0\xce\xda\x96\xc8\xe0\x00's\xd9\xb4m\x18\x198\
q\xfa\xd5g\xd0V/\x84\xda\xce\xd3a2:6V\
\xd52)\x1e\xd1\x92\xd6g.#\xde\x00*\xe4i\x8e\
\x1b\xe8\x8d\x11R\xfb\xe5\x96\xce\xf8*\xe0\xa5{\x1d)\
\xa8\x92G9\xb8\x05\xc7\x0eqhq\xdb\xe0\x07S\xe0\
\xa7\xe2\x18\x988{\x8fe\xb95\xcb\xd9\xf9\xf1\x22\xc4\
\xbf+#\xd6\xdaI>~\xd3\x0b\x8a\x9c[\xd3\xba\x0a\
V\xd0\xce\xc9n7G\xb7\x7f\xa2@\xe064\xf4/\
q\xf8\xb9\xf0\x18'\xdd\x8ek\x82\xb4v\x9a\xb6MX\
\xd8\xee\x9aR\xaa\x8e\x9c\x9c\x19`\xac\x139\xa3\xcfi\
c\x7fJ\x84t\xf5}\x9fPq.;\xae\xba\xae|\
6\xda\xaa\xa7\xd4W\xc9\xb5\xef$`\xb83\x0c\x05\xd8\
'kyt\x07\xdc\xa4\xfe-\x5cx\x19v\xd1S\xc7\
\xa5\xe4\xa3\xa5\xbdS5\xa6\x8c\xd2\xdb\xa6\x84\xc8C\x86\
Z\xf2X\x03\xb23\xcd\xc79\xc7?9\xd7\x0c\xc7\xa5\
\xc6\xa9\xd7)7\xd6KzD~\x9bu\x9d\xa9\xc6j\
)tO[e\x91\xd3\xf7\x8bm\xfe\xcfOw\xb4U\
\xb2\xae\x8a\xa1\xbb\xa3\x95\x9d\x0f<\x11\x8e\xa0\x82\x08 \
\xf4!s\xbcK\xe26\x9c\xd04q\xc9x\x9aIj\
\xe6\x04\xc1G\x00\x0e\x96@<y\x90\x1a\xdc\xf8\x93\xe7\
\x8c\xe1D=\x8do\x95\x06[\xe6\x9c\x91\xe5\xd0\x062\
\xb2\x16\x93\xf1\x1d\x9d\x8f\xc7\xd3\x96~E\x17\xdc\xe5\xa9\
\xe2W\x1aLUUN\x8d\xb7;\x98\xa7c\xfa\xf70\
\x07m\x00\x03\xe4\xc1\xd3\xc4\xfd*\x9d\x5c\x22>\x958\
X\xfdHs\xf8x\x16,\xe2\x12\xee#(/Z\x5c\
\x89\x5cv\x9e\xa6\xf4\x9d\xa7F\xcd\xdcg\xe3\xfa\xc4o\
\xc7\xde\xf7x\xfc\xea[\xe1\xc7\x10t\xe6\xbc\xa0|\xf6\
Z\x87\xb6x@\xef\xe9'\x01\xb2\xc5\x9e\x84\x80H#\
\xde\x09\x0b\x08\xf0\x93\x87\x86\xc1\xeao\x834]\xde\xcd\
\xbe\x91\xb3\xfc\xa78\xc6\xee\xf7\xe3g\xc7\xae=\xca\xaf\
iy\xebxs\xc6\xc8\xe9\xa2\x9d\xef\x1473G1\
\x1c\xbb\xe8K\xf6\xbb#\xde\xde\x7fN<\x97P\xc6\xc3\
\xce\x84\xd6<\x5ce\x1e~\xff\x00\xe4\xf2W\xe4\xe3J\
.\xe6\x9a\x7f\x22\xed\xad>\xb6\x86\xedQ\xa4n\xb4\xd6\
 \xd3s\x9a\x95\xf1S\x17?hk\xdc0\x1d\x9f\x0c\
g?R\xdc\x22\xc0\x8c\xbb2O\xc8\xd5\x92\xda\xd1Y\
\xb8?\xc0\xdb\xbd6\xb25:\xee\xcd\x0b\xed\x90@\xe7\
\xc4\xcfHd\x8c\x9al\x80\x03\x83]\x9c`\xb8\xf3\x18\
\xe43\xe4\xb2{Wh\xdd-d\xd3\xb6\xbb\xcd\x9a\xd7\
El\xad\x92\xb3\xd1\xdf\x15,B&\xcb\x19c\x9cN\
\xd6\xe0d\x16\x8e`\x7f\x0b\x9f\x82\x9e\xf5^\xa1\xb4i\
{$\xf7\x8b\xd5[)i!\x1c\xc9\xe6\xe7\xbb\xc1\xad\
\x1e.>\x00*\x87\xac\xf5\x0e\xa7\xe3>\xbd\xa7\xa3\xb6\
\xd1\xc9\xdd\x02c\xa1\xa4\x07\xd9\x81\x84\xfbR<\xf4\x04\
\xe0\x17;\xdc\x07\x80_I\x81~NfB\xc8\x9b\xd4\
#\xd7\xc1~y\x98\xd9US\x8fOs\x15\xb9>\x9e\
d\xd3\xd9\x06\xaa\xb2~\x1a\xd6C>\xe7S\xd3\xdc\x9e\
\xcaw\x17t\x05\x8cs\x9a\x07\x80\x04\xe7\xff\x00\x11S\
B\xe78o\xa5i4^\x8f\xa1\xb0R\xb8Han\
\xe9\xa5\xc6;\xd9]\xcd\xce\xfc\xbd=\xc0\x05\xd1\xac<\
\xdbcvD\xe7\x1e\x8d\x9a\x98\xd5\xba\xea\x8ce\xd5\x22\
\x14\xed\x81s\xf4^\x1e\xd0\xdbZH}u{I\x19\
\xea\xc65\xc4\xff\x00\xbcX\xa3\x0e\x12Spf=\x1a\
j8\x85,O\xbaKW'v\xd6\xc9T\x5c\xc8\x80\
h\x00\xb6\x13\x81\xcc8\xe4\x8c\xf3\xfa\x14\xc5\xc7\xde\x19\
\xdf\xb8\x87=\xa8\xdb.t\x14\xb0\xd02O\xb5\xd4\xee\
\x1b\x9e\xf2\xdc\x9c\xb4\x1f\x06\x8f\xce\xb9{7f{H\
\xb3b\xf1\xa8kM\xd1\xcd\xf8\xd4\x8dh\x823\xe5\x87\
7s\x87\xbf-\xfa\x96\xde&N5xQ\xaeV8\
\xb6\xf6\xfb=L\xcc\x8ao\x9eK\x9c`\x9a\xd7\x8fC\
\xb0\xe1\xee\x86\xe0\xfd]M>\xa3\xd1\xd4t\xd5\x13Q\
\xca\x1f\x1c\xd1W\xce\xf3\x13\xfc71\xcf\xe4}\xce\x0b\
\x82\xed\xab\xfei\x7fL\xff\x00\x90\xa3\x1d3q\xbb\xf0\
\xa3\x8bn\xa6uNE\x1dg\xa3V\xb5\x84\x86T@\
\x5c3\xcb\xde\xd2\x1c3\xd0\xe1I\xdd\xb5\x7f\xcd/\xe9\
\x9f\xf2\x14\xb5\xe3\xce\x9e!T\x9c\xdc\xa2\xd3\xd3~\xe6\
q;\xa3f%\x89EE\xadm/y\xba\xec\xc9\xa5\
\xb4\xc5\xdf\x86\x0c\xac\xbbi\xcb=\xc2\xa4\xd6\xcc\xde\xfa\
\xa6\x8a9_\x81\x8c\x0d\xce\x04\xe1m8\xbd\xc1\xbd+\
s\xd2\xb5\xf5\xd6\x1bE=\xae\xebK\x0b\xe7\x84\xd2\xb7\
c%\xda\x09,,\x1e\xcf<``\x0c\x1cxr^\
\x9d\x93\xbeIc\xfc:\x7f\xfd*Yxic\x83\xc3\
K\x08\xf6\xb3\xd3\x1e\xf5\x97\x97\x97u9\xb3\x94d\xf9\
2\xee=\x15\xd9\x8d\x15%\xd5\x15+\xb2\x8e\xa8\xa8\xb5\
k\xff\x00\x83\xf2J}\x0a\xef\x1b\x9b\xb0\x9eM\x99\x8d\
.k\x87\xbc\x80\xe6\xfb\xf2<\x95\xb7T_\x82\x1f+\
Zk\xf0\xe6\x7f\xc5^\x85c\xfa\x82\xb8\xc7%Ix\
\xa2.\x117*Z~\x0c\x22\x22\xc25\x02\x22 \x08\
\x88\x80\x22\x22\x00\xaa\xbf\x10\xe4\xc6\xb9\xbd\x0f\xfe\xfeo\
\xd7*\xd4*\xb1\xc5\xca)\xed\xbc@\xba\xb2|}\xba\
\xa1\xd3\xb0\x8e\x85\xaf;\x87\xe9\xc7\xd4\xae\xe0\xae\xd4\xda\
>\xa3\xfa_!Su\x9c\xfa\xaf\xa9+k\xcb\xbdM\
\x8f\x86\x1aR\xedH\xf2\xd9i\xe5\xa4x\xc1\xe4\xe1\xdc\
;->\xe22\x17)\xc6\xeb]=\xefO\xd0k\xeb\
C\x01\x86X\xda\xca\xb0\xdf\xe0\xe7\x90q\xfa\x0f\xb2|\
y\x84\xe2>\xa5\xb3^x1j\xa6\xb7V\xb2Z\x8a\
)\xe9\xa1\xa8\x88\x82\xd75\xc2\x07\x03\xc8\xf3#<\xb3\
\xd1bp\x0a\xff\x00K]\xe9\xda\x12\xf0\x04\x94w(\
\x9eai\xf9\xdb}\xa6\x8e\x5c\xb2\xd0NI\xe4Z1\
\xcc\xabUU*\xeb\xefR\xe7\x16\xf7\xee*\xf7\x8e\x98\
w\x8b\x94\x93\x7f\x14\xff\x006o\xb4\xfc\x14\xf5=\x9a\
\xa7\x92\xa2\x08\xe51CP\xf8\xcb\xda\x09a\xefO1\
\xe4W\xe3\xb3\xd7\xa2[\xb8e}\xd4l\xa3\x86J\xda\
y\xa7=\xe3\x86\x1c\xe6\xc7\x0b^\x19\x9f\x01\x92\x7f*\
\xddT\xd8\xeat\xcf\x01\xefVj\xa3\x97SGT\x18\
\xff\x00\x9e\xce\xf5\xc5\xae\xf7d`\xe3\xde\xb9.\x09k\
\x1d9\xa5xM]5\xfe\xaa0%\xb8\xce#\xa6\xc6\
\xf7\xcf\xf6\x98\xb2\xd0\xdf\x11\xcc\x0c\x9e\x5c\xf9\xae\xfb.\
\xcal\xecs\xdc\xfc<L{\xf2Sr\xdb\xe4\xdbf\
\xb6;g\x148\xb1\xf6\xea\xc9\xfd[fs\xb2\xdd\xe0\
\xc7\x11\xe4pZ\xde\xaf\xf2\xcf\xbdI\xdc<\xd0z\x17\
M\xd7\xbe\x8a\x85\xd4\xf7\x1b\xd5+\x03\xe7\x92g\x07\xcb\
\x18<\xb3\xb7\xa3FZ}\xfdy\xa8\xba\xfb\xc4\x9du\
\xc4J\xd3b\xd0V\xba\x9a\x1a2\x0b\x5c\xf8\xf0\x1ec\
>\xcf\xb6\xfe\x8c\x1c\xfc\x0f\xd6\xbb\x9e\x1ciJ>\x13\
\xd1\xdc\xaf\xda\xb7TS:\xa2\xb8\x01;\x9cN\xd0\xe0\
\xe7\x10C\x9d\xed=\xce\xfa:\xe7\xaa\x9b*6F\xae\
\xc4\x9a\x8b}!\x1e\xbf\x1d\x19Q\xc8\x8c\xe7\xb4\xb6\x97\
V\xfa\x22\xb2k\xe9\x09\xd77\xcey>\xb2\x9f\xf6\x8e\
W\xae\xcd\xf7\x1e\x8b\xf0x\xff\x00T*)]\x01\xd5\
\x1cD\xa9\x82\xd6\xed\xfe\xb3\xba<S\xb9\xcd#\x94\x92\
\x1c8\x8cd\x0c\x1c\x9f%{\xe8!u=\x0d=;\
\x88.\x8a&\xb0\x91\xd0\x90\x00S\xff\x00P\xea5\xd3\
\x1f\x1e\x7fC7\x81\xceVYl\xbc9}OtD\
_0}\x09E8\xd9\xf2\xb1\xa9\x7f\x18I\xfaU\xa1\
\xec\xc9\xf2+c\xfb\xea\x8f\xed\x12.sX\xf6}\xa2\
\xd4\x9a\xa6\xe5}\x93STS\xba\xba\xa1\xd3\x18\x9bH\
\x1c\x19\x9f\x0c\xee\xe6\xa4\xae\x1b\xe9h\xf4f\x8e\xa2\xd3\
\x91V:\xb1\x94\xa6B&s6\x17o\x91\xcf\xe9\x93\
\xd3v\x17\xd0\xf1,\xfa/\xc3\x85P{k^\x0f\xc1\
\x198x\xb6\xd5\x91)\xc9r{\xfeN\x8dc\xdc\xbe\
\xe7T\xff\x004\xef\xd0VB\xf3\xa8\x8f\xbe\xa7\x92\x12\
q\xbd\x85\xb9\xf2\xc8\xc2\xf9\xe5\xd4\xd6g\xf3\xefJ~\
\xfam_\x86\xc5\xfa\xe1\x7fB\x14\x09l\xec\xdbAC\
r\xa5\xadn\xab\xa9{\xa9\xe6d\xa1\xa6\x88\x0c\xed \
\xe3\xe3\xfb\x94\xf6\xb78\xdem9R\x83\xa9\xef[\xfa\
\x19\x9c7\x1a\xca\x14\xbbk[!>\xd1\x9c*\x1a\x92\
\x85\xda\x8fNP\xb4\xdea\xe7S\x1cc\x0e\xaa`\x1e\
\x03\xc5\xe3\xf2\x91\xcb\x9f%T\x1c\xd2\xd7\x16\xb8\x10A\
\xc1\x07\xc1\x7fF\xd43\xae\xfb?Xu\x1e\xa5\xa9\xbd\
Q]\xa7\xb4\xfaQ\xef&\x81\x90\x09\x1ad$\x97<\
e\xc3\x19\xeb\x8f<\xfd\x0a~\x13\xc6#L;\xab\xdf\
%\xd1\xfd>\xc4y\xfc=\xd9.\xddK\x9f\x89\xeb\xd9\
\x1f\xe4\xaaO\xc6S~\xa4k\xad\xe2\x9f\x11l\xbc?\
\xb7\xd3\xcfrd\xb55\x15.\xc44\xd0\x91\xbd\xc0u\
w>\x80/~\x14\xe8\xa8\xb4\x16\x98u\x8e\x1b\x83\xeb\
\xda\xea\x97\xcf\xde\xbe \xc3\xed\x06\x8c`\x13\xf3W\x0b\
\xad\xf8\x196\xaf\xd4\x15\x17\x9b\xc6\xb6\xac\x92Y\x1c{\
\xb8\xfd\x0cl\x85\x99\xe4\xc6\x8d\xfc\x80\xff\x00\xe4\xf3T\
\x5c\xb1o\xcd\x9d\x96\xcbP\xde\xfcy\x96R\xbe\xacx\
\xc6\xb5\xeb|9\x1a\xef\xdd1\xa7?\x8b\x97O\xfc\xc6\
\x7f\xee\xb8n2\xf1\xc1\x9a\xcfK?N\xda-RQ\
\xd2\xd4\xb9\xae\xaa}C\x83\x9e\xe0\xd7\x075\xad\xc7N\
m\x04\x9fr\xeb\x7fs\x15\xbb\xf8\xddU\xfe\xa4\xdf\xef\
\xac\xdb?f\x9d=OT_s\xbf\xd7\xd6\xc1\xb4\x81\
\x1cq6\x13\x9f=\xd9w\xe4\xc2\xd3\xae\xce\x11L\x95\
\x91\xde\xd7\xbc\xa78q\x0b\x22\xe3.\x8f\xdcD\xdd\x9b\
\xb4\xdd]\xf3\x89\xb6\xea\xb8\xd9+im\xb2\x0a\xa9\xa6\
lyh-\xe6\xd6\x93\xe1\xb8\xf2W2\xa6xi\xa9\
\xa5\xa9\xa8\x91\xb1C\x13\x0b\xe4{\x8e\x03Z\x06I>\
\xe0\x16\xbbK\xe9\xdb.\x99\xb6\x0bm\x8a\xdf\x15\x15(\
qyc2K\x9cz\x92O2~\x95\xf3VX\xa9\
\xf5%\x8a{=]Ue5=F\x04\xae\xa5\x97\xbb\
{\x9b\xf3s\x83\xc8\xf8\xf9\xf4\xe8\xb2x\x86j\xcd\xbd\
I\xf2\x8a\xe5\xed\xd1{\x13\x19\xe3T\xe2\xb9\xb2\xa2q\
WT\x5c8\xa9\xc4\x9aj\x1bTot\x1d\xf0\xa3\xb7\
B]\xc8\xeev\x0b\xcf\x96\xeeD\x9f\x00=\xca\xcc\xd9\
)4\xef\x08\xf8o\x14U\xb5B*JF\x83Q9\
n]4\xae\xeb\x809\x92OA\xe00<\x17\x8e\x81\
\xe1&\x91\xd1W\xb7^-\x0c\xac\x92\xac\xc4\xe8\x9a\xea\
\x99Z\xf0\xc0q\x92\xdfd`\xe0c>D\xf9\xad\xb7\
\x10\xf4=\xa3\x5c\xd0S\xd0\xdeg\xafe<\x0f/\x0c\
\xa6\x9f`y#\xf8C\x078\xf0\xf2\xe6\xac\xe5\xe7Q\
s\xae\x88mU\x1e\xbe\x7f\x9fr\x1a1\xad\xadJ\xd9\
i\xcd\x90_h~(\xe9\x1dg\xa1\xa9\xedV*\xaa\
\x89j\x99p\x8ew6H\x1c\xc1\xb02@NO\xbd\
\xc1n\xbb\x17\xfd\xc6\xd4\x7f\x84A\xfa\xaf]\x17\xeev\
\xe1\xf7\xcf\xbc\x7f\xad7\xfb\x8b\xb4\xe1\xce\x80\xb0\xe8*\
z\xc8,n\xac,\xac{_/\xa4J\x1f\xcd\xa0\x81\
\x8c\x01\xe6T\x99\x19\xb8k\x0aX\xf4o\x9f\x9f\xbd\x1c\
U\x8d\x90\xf2\x15\xd6\xeb\xe0@\x9d\xb2\xbf~\xf6\x7f\xc5\
\xbf\xf3^\xa6^\xce\x7f\x22\xfa{\xf9\xb9\xbfo\x22\xc9\
\xe2'\x0b\xb4\xce\xbb\xb9\xd3\xdco\x8e\xaf\x13S\xc3\xdc\
\xb3\xb8\x980m\xdc]\xcc\x16\x9ey%tZ?O\
\xd0im9Ia\xb6\x19\x8d% p\x8c\xca\xed\xcf\
\xf6\x9c\x5crp<\x5cUl\x9c\xda\xac\xc1\xae\x88\xfe\
\xa8\xbe\x7f?\xb958\xd3\x86T\xed}\x1f\xf86\xe8\
\x88\xb2K\xe6\x15\xf7\xee%\x7f\xe0\xd2~\xa9T\xb3\x80\
?,:s\xf0\x97~\xcd\xca\xec\xd7A\xe9T3\xd3\
n\xd9\xdfF\xe8\xf7c8\xc8\xc6p\xa1m\x01\xc0\x0f\
\x82\x9a\xc6\xdb\xa8~\x16zg\xa1Hd\xee=]\xdd\
\xef\xcbH\xc6\xee\xf4\xe3\xaf\x91[<7.\x9a(\xba\
\x16=9.]|\x99\x9d\x9b\x8fe\xb6\xd7(\xaeI\
\xf3\xf9\x13\x82\x22,cD\x85{b\xfc\x99[\xbf\x1c\
\xc5\xfb\x19\xd6\x1fc_\xdem\xef\xf1\x80\xfd\x9bT\x83\
\xc6-\x07\xf6C\xd34\xd6_Z\xfa\xb3\xb9\xadmW\
{\xe8\xfd\xf6\xed\xac{v\xe3s~~s\x9f\x05\xe3\
\xc1\xae\x1e}\x8e\xac\xd5\xb6\xef[\xfa\xcf\xd2\xaa\x04\xdb\
\xfd\x1b\xb9\xdb\xec\x86\xe3\x1b\x9d\x9e\x9dV\xba\xca\xab\xfb\
s\xa3~\xb6\xfas\xf3\xfd\x8c\xf7E\x9e\x99\xde\xeb\xd5\
\xd1\x10v\xcf\xfb\xb7\xa7?\x06\x9b\xf5\x9a\xbbN\x17\xd9\
\x9f\xa8{+\xc5e\x87\x9c\xd5Tu\xac\x84g\x1fl\
\xf4\x89K?\xde\x01nx\xcf\xc2\x8f\xb25u\xb6\xa7\
\xd7\xde\xab\xf4(\xdf\x1e\xdfC\xef\xb7\xee \xe7;\xdb\
\x8e\x9e\xf5\xd4\xf0\xd3K\xfc\x0c\xd16\xfd5\xe9\xde\x9d\
\xe8}\xe7\xdb\xfb\xae\xef~\xf9\x1c\xff\x00\x8b\x93\x8cn\
\xc7_\x05\xdd\x99\xb5\xfa\x0dU\xc1\xfa\xf1{\xd7?i\
\xcc1\xa7\xe9S\x9c\x97\xaa\xd6\xbf\x82\xa9p\x07XR\
h>!>[\xe3$\x82\x92\xa6\x17Q\xd4\xb8\xb0\xee\
\xa7;\x9aC\x88\xeb\xc8\xb7\x04u\xc1>J\xc0qC\
\x8bZ>\xd9\xa2\xeb\x8d\xae\xfbCs\xb8U\xd3::\
Xi&\x12\x10\xe7\xb4\x80\xe7m\xce\xd03\x92\x0e\x0f\
,u_\xbe%pWKk:\xe9.\x8dt\xd6\x9b\
\x9c\x9c\xe4\x9e\x98\x02\xd9O\x9b\xd8y\x13\xef\x04\x13\xe3\
\x95\xc5\xda\xfb2[\xa2\xabk\xeeZ\xb2\xa6\xaa\x9c\x10\
LpQ\x08\x5cG\x96\xe2\xf7~\x85f\xdc\x8e\x1f\x97\
5}\xad\xa9.\xab]tC]9tE\xd5\x04\x9a\
\xf39\x0e\xc8\xfa~\xaa\xbb_M\x7f\xd8\xe6\xd1\xdb)\
\xde\xd3&9:Y\x06\xd0\xdf\xff\x00\x12\xe3\xf5\x0f5\
\xa8\xedK\x1e\xce1\x5c\x1d\x9c\xf7\x94\xf0;\xe8\xfbX\
\x1f\xf0V\xcfKi\xfbF\x98\xb2\xc3g\xb2Q\xb2\x92\
\x92.\x8do2\xe7x\xb9\xc7\xab\x9c|\xca\xe28\xbf\
\xc2\x0bO\x10k`\xb9\x1b\x84\xb6\xbb\x94Q\xf7&f\
D$l\x8c\x04\x90\x1c\xdc\x8c\x90I\xc1\xc8\xe5\xcb\xcb\
\x1c\xd3\xc5\xab\x96s\xba|\xa3\xad\x1e\xd9\xc3\xe4\xb1U\
Q\xe6\xf7\xb3g\xa4\xefzkVh\xa8t\xe5\xba\xf7\
EWS5\x95\xac\x9a(e\x0e|M1\x88\xce\xe0\
9\xb4\x82q\x83\x82\xaa\xcf\x0c/n\xe1\xbf\x15\xa1\xa9\
\xbeR\xca\xd6\xd1\xc9%-la\xbe\xdb\x01\x05\xa5\xc0\
x\xe0\xe0\xfb\xc0\xf7\xab\x19\xc1\xde\x0f\xc3\xc3\xcb\xd5M\
\xd8j\x09nSTS\x1ar\xcfF\x10\xb0\x02\xf6\xbb\
8\xdc\xe2O\xb3\x8e\xbe%l\xb8\x9b\xc2M/\xae\xa6\
5\xd5m\x96\x82\xe9\xb47\xd3)\xb1\xb9\xe0\x0c\x00\xf6\
\x9eN\xc0\x1e\xe3\xef\x5cc\xe6b\xe3\xd9e[r\xae\
~'V\xe3\xdfl!=jq\xf0>\xean/h\
[N\x9c\x96\xebM\xa8(.3\x18\x8b\xa9\xe9i\xe5\
\x0f\x96G\xe3\x93\x5c\xd1\xcd\x9c\xfc\x5c\x02\xae\xfd\x9b\xec\
u\xba\x8f\x8bt\xb72\xd7\x18-\xefumT\xbe\x01\
\xc7;G\xd2\x5cG/ |\x94\x85I\xd9\x8a\x8d\xb5\
A\xd5z\xc6yi\xf3\xcd\x91P\x06?\x1f|^\xe1\
\xf9\x94\xd1\xa24\x8d\x8bF\xd9\xc5\xae\xc3F \x88\x9d\
\xd2=\xc7t\x92\xbb\xe7=\xde'\xf3\x0f\x04yX\x98\
tN\x18\xf2r\x94\xb9m\xf8\x7f\x03\xb8\xc8\xc8\xb62\
\xb9$\xa2U\x1e\xd4\x1f,\xd7_\xe6\xa9\xff\x00b\xc5\
m\xf4\x87\xefN\xcf\xf8\x0c\x1f\xb3j\x8b\xb8\xa1\xc0\xcf\
\x86\xda\xce\xafQ\xfc(\xf4\x0fHdm\xee=\x03\xbd\
\xdb\xb1\x81\xbf\x1b\xbcns\x8c\xf4R\xe5\xa2\x93\xd5\xf6\
\x9a:\x0e\xf3\xbc\xf4h\x19\x0e\xfd\xb8\xdd\xb5\xa0g\x1e\
\x1d\x14\x19\xf9U[\x8dL \xf6\xe2\xb9\xf5\xf2D\xb8\
\x94Y]\xf6JK\x93|\x8ak\xd9\xa7\xe5\xb3O\xff\
\x00I\xfe\xcd*\x9e{X\xfc\x92\xc9\xf8t\x1f\xfa\x96\
\x07\x0d8\x0f\xf03[[\xf5/\xc2\xafN\xf4>\xf3\
\xed\x1e\xaf\xee\xf7\xef\x8d\xcc\xf8\xdd\xe1\xc67g\xa7\x82\
\xef8\xb1\xa3>\x1ei'X=e\xea\xec\xce\xc9\xbb\
\xee\xe3\xbd\xf8\xb9\xe5\xb7s|\xfc\xd5\x9c\xcc\xea,\xcf\
\xae\xe8\xcb\xd5Z\xdb\xd3\xf3d8\xd8\xb6\xc3\x16u\xc9\
s{\xfe\x11\x13\xf6.\xfb\x9d\xa9\xff\x00\x9d\xa6\xfd\x12\
(Z\xddn\xb5i\x9e&\x8bV\xb4\xa1\x92\xa2\xdbE\
Z\xfaz\xe8\xb7=\xa4\xb3\x9bC\xc1a\x0e\xc0\xc8x\
\xc1\xe6\x07\x8eU\xac\xe0\xb7\x0d>\xc7\x14\xf78}u\
\xebOO|n\xcf\xa2\xf7;6\x07\x0f\x9e\xec\xe7w\
\xbb\xa2\xfb\xc5.\x12\xe9\xbd{+k\xaa\x8c\xd6\xfb\xa3\
\x1a\x18*\xe9\xc0\xcb\xc0\xe8\x1e\xd3\xc9\xd8\xf0<\x8f\xbf\
\x1c\x94\x90\xe2\x94\xc32\xd7\xb7\xd8\x9e\xb9\xae\xabK\xf7\
\xf38\x96\x0d\x92\xc7\x82\xd7\xad\x1d\xf2~\xf2>\xd4\x16\
\xce\xcd\xb6{;n]\xc5-\xc3~6S\xd0\xdc\xe7\
\x96wd\x81\xf1;\xd1\xb7\x19\xcf\xb5\x8e\x87\xc7\x92\xea\
x\x17\x1f\x0ak.5\xd7>\x1f\xdak(\xebb\x80\
CR\xe9\x8c\xe7\x0c{\x81\xdb\x97\xb9\xcc\xc9,\x07\x91\
\xcf/,\xaeJ\x97\xb3\x15#j\x03\xaa\xb5\x8c\xf2\xc1\
\x9el\x8e\xde\x18\xec}\xf1\x91\xc3\xf3)\xabDiK\
&\x8e\xb1\xb2\xd1c\xa5\xee`\x07s\xde\xe3\xbaI]\
\xe2\xe7\xbb\xc4\xfe\x8f\x0c*\xd9\x99\x14*\x5c+\xb6s\
o\xcd\xbd|S&\xc7\xa6\xde\xf3\xb5:\xe3\x14\xbd\x8b\
eT\xedK\x1e\xce1\x5c\x1d\x9c\xf7\x94\xf0;\xe8\xfb\
X\x1f\xf0Vo\x87\x1a\xa7N\xde,v\xcbu\xaa\xf3\
E[W\x15\xb6)%\x86\x19C\x9f\x18\x0dkN\xe0\
>)\xcf,\x1ekA\xc5\xfe\x10Zx\x83[\x05\xc8\
\xdc%\xb5\xdc\xa2\x8f\xb932!#d`$\x80\xe6\
\xe4d\x82N\x0eG.^X\xf0\xe0\xef\x07\xe1\xe1\xe5\
\xea\xa6\xec5\x04\xb7)\xaa)\x8d9g\xa3\x08X\x01\
{]\x9cnq'\xd9\xc7_\x12\xbd\xc8\xc9\xc6\xc8\xc2\
\x84\x1c\x9a\x9cWM\x0ai\xba\xac\x99I/VO\xa9\
\x5c\xb8\x03\xf2\xc3\xa7?\x09w\xec\xdc\xaf\x02\x83\xf4\x07\
\x00>\x0ak\x1bn\xa1\xf8Y\xe9\x9e\x85!\x93\xb8\xf5\
ww\xbf-#\x1b\xbb\xd3\x8e\xbeEN\x0a.5\x95\
VM\xd1\x95Oi/o\x9b\xf3;\xe1\xb4YMn\
3Z{(\xfe\xbe\xf9t\xbb~>w\xed\x94\xe3\xdb\
\x02\xc9S]\xa2m\xd7\x8ax\xcc\x8c\xb6\xd5\x11>\x07\
\xc5d\x80\x0d\xc7\xdd\xb9\xad\x1f\xf8\x82\xf9\x7f\xe0\x07\xad\
u\xd5^\xa7\xf8[\xdc\xfaEy\xac\xf4\x7fWn\xdb\
\x97\xee\xdb\xbb\xbd\x19\xf2\xce>\xa54\xd7\xd2R\xd7\xd1\
ME[O\x1dE4\xec,\x96)\x1b\xb9\xafi\xea\
\x08Vrx\x95JtY[\xdfas\xf9\x10\xd1\x85\
7\x0ba5\xae\xd7B\xbe\xf6[\xe2\x0e\x9b\xb5\xe9j\
\x8d5|\xb9\xd2\xdb*\x22\xa9|\xf0\xc9S(\x8e9\
\x18\xe027;\x90 \x83\xc8\x9ey\x18Y|H\xed\
\x06\xdb6\xa9\x14\x1aV\x9e\xddy\xb7G\x10\xef\xe7q\
x\xdd)'!\x8e\x07\x05\xa0m\xe7\x83\xcf+\xdbR\
vj\xb1\xd6W>{\x1e\xa0\xaa\xb5B\xf3\x9e\xe2Z\
qP\xd6{\x9aw4\xe3\xe9$\xfb\xd6\xcfAv}\
\xd3Zz\xe9\x0d\xce\xedp\x9e\xf9<\x0e\x0f\x8a9!\
\x11@\x1c<\x5c\xcc\xb8\xbb\x9e9\x13\x8f0WV[\
\xc3%d\xaf\x93m\xbf\xf8\xeb\xc7\xf3\xdas\x08f\xa8\
*\x92K^$\xa5\xa5k\xeb.\xban\xddr\xb8P\
\x8a\x0a\xaa\xaavM%6\xfd\xfd\xd9p\xce3\x81\xfa\
9t[\x19\x1c[\x1b\x9c\xd69\xe4\x02C[\x8c\xbb\
\xdc3\x81\xf9W\xe9\x17\xcfI\xa6\xdbH\xd7KKL\
\xae\xb7\xae/\xf0\xf3W_\xa9\xec\xfa\xbbD\xb9\x94\x82\
C\x0c\x95\xb5\x84w\xb4\xbd|\x187\x01\xbb\x91\xc3\x86\
9\x9ex\xc2\xd0qSFpj\x87LT\xddt\xd6\
\xac\x8d\xb5\xe1\x9b\xa9\xa8\xe9\xeb\x9bT\xd9\x09\xe8\xd2\xde\
oo^\xa4\xf2\xf1\xca\x95\xf8\x97\xc1-1\xac\xaeR\
]\xa2\x9a{E\xcaS\x99\xa5\xa7hs%?9\xcc\
?\xc2\xf7\x823\xe3\x95\xc4\xd2\xf6a\xa6l\xc0\xd5k\
)\xa5\x8b\xc5\xb1\xdb\x83\x1d\xf9L\x87\xf4/\xa4\xc7\xcb\
\xc2\x82\x8c\xa1d\xa1\xae\xb1\xe6\xd3\xfeLk\xa8\xc9\x93\
jPR\xf6\xf2F\xa7\xb1\xa4\xf5\xdf\x09o\xb4\xcd|\
\xa6\x84\xd1\xb1\xf27\xf8\x02]\xe04\xfd8\xdf\xf9=\
\xcb\x8d\xed9\x1e\xce4\xde\x9d\x9c\xf7\x8c\xa7w\xd1\xf6\
\x88\xc7\xfc\x15\xaf\xd0Z:\xc5\xa2l\xbe\xaa\xb1S:\
8\xdc\xed\xf2\xcb#\xb7K3\xbes\x9d\xe3\xf4\x0c\x01\
\xe0\x17!\xc5\xde\x0d\xdau\xf5\xce;\xbbnSZ\xae\
-\x8cD\xf9[\x10\x95\x92\xb4t\xdc\xdc\x8ec8\xc8\
=\x17\x14qJ}>W\xcb\x94Z\xd7\xf1\xf6;\xb7\
\x06\xcfDU.m=\x9e\xb7\xbb\x95\x97]p\xae\xe9\
\xa7\xb4\xe5\xe2\x92\xe1pu\x98<CO {\x81\x0d\
\x05\xad t%\xc0\x0c\x1e|\xd5h\xe0\xd8\xd0\xc7U\
\xc9G\xc4*M\xd6\xf9\xa1,\x8aW\xcb,b\x19\x81\
\x18\xdd\xdd\x90pFG>\x87\x1e\xf2\xac\x9f\x06\xf8G\
\x0f\x0e\xeeU\x97\x01~\x9a\xe55T\x1d\xcb\x9b\xe8\xe2\
\x16\x01\xb8;8\xdc\xe3\x9e^~%`\xf1\x13\x80\xda\
gT\xdc\xe6\xba\xd0U\xcdd\xad\x9d\xc5\xd3wQ\x89\
!{\x8fWl\xc8\xc1>8 \x1f,\xaf1\xb3q\
\xa8vP\xa6\xfb\x12\xe9%\xc9\xa7\xfc\x8b\xb1\xae\xb5F\
\xd7\x15\xda^\x1e\x07#\xab)\xbb7i\xe9 \x8d\xd6\
\xf6\xdd\x1d)\xc1\xf5e\xc6j\x81\x18\xf3s\x84\xd8\xfa\
\x81'\xdc\xa4\xfe\x0a\xd3hA\xa6\xe7\xb8\xe8\x1a\x19\xe9\
h*\xa7\xc4\xbd\xe9\x9b.{\x06?\xed\x09\xe9\x9ce\
\xbc\xba\xf8\x85\x1e\xd9{3Z`\xacd\x97}QU\
]\x03NLPR\x08\x0b\xbd\xc5\xc5\xce\xfc\xcas\xb4\
[\xa8m\x16\xca{m\xb6\x96:Z:v\x06E\x14\
c\x0dh\x1f\xfe\xf5\xeaO5W?\x22\x97Z\x85v\
Jo\xc7m\xeb\xf6d\xf8\xb5X\xa6\xe58F>\xe4\
\xb7\xfb\x94\xab\x80?,:s\xf0\x97~\xcd\xca\xedV\
@\xda\x9aI\xa9\x9cK[,na#\xa8\x04aB\
\xba\x03\x80\x1f\x055\x8d\xb7P\xfc,\xf4\xcfB\x90\xc9\
\xdcz\xbb\xbb\xdf\x96\x91\x8d\xdd\xe9\xc7_\x22\xa7\x05\xef\
\x19\xcb\xab&\xe8\xce\xa7\xb4\x97\xd5\xf9\x9ep\xea'M\
n6-s(\x86\x9a\xa3\xb3X8\x91\x1d\xb3]\xd0\
>km5K\xe9\xeb\xe2\xdc\xf6\x16\xf5h\x7f\xb0C\
\xb0\x0e\x1d\xcb\xa8\x1e\xf55jKwf\xeb%\xad\x95\
\xc6\x9a\x9a\xe5\xde\x10\x19\x05\xbe\xe7<\xd2\xf3=K{\
\xd1\xb7\x1dN\xe2?/%\xdfqG\x83\xfak]U\
z\xc6W\xcdm\xbam\x0d5T\xe0\x11 \x1d7\xb4\
\xfcly\xe4\x1e\x9c\xf00\xb8\x0a>\xccTl\xa9\x0e\
\xac\xd63\xcd\x06y\xb2*\x01\x1b\x88\xfb\xe2\xf7\x0f\xcc\
\xb4e\xc4q\xb2Tg;e\x06\xba\xa5\xbd?\xd8\xa8\
\xb0\xee\xa7q\x8c\x14\x97\x83z;\x1e\x05\xc5\xc2\xda\xaa\
\x8a\xfb\x9f\x0f\xadUtu\x11\xc6\xd8j\x9d1\x9c\xe1\
\xae9\x0d\xf6\xdc\xe6\xe7-\xcf#\x95].,\xa9\xe1\
\xbf\x1a\x1d5M+\xde\xdb]\xd3\xbfc\x0f#,\x1b\
\xb2\x08'\xcd\x87\xaf\x9a\xb8\xfa7LY\xb4\x95\x8e+\
=\x8e\x90S\xd30\xee$\x9c\xbeG\x1e\xaeq\xf1'\
\xff\x00\x8e\x8bO\xc4\x9e\x1b\xe9\x9d{N\xc1x\xa7\x92\
:\xc8\x9b\xb6\x1a\xc8\x1c\x1b+\x073\xb7\x98!\xcd\xc9\
'\x04x\x9caQ\xc5\xe2U\xd5\x917-\xb8K\x97\
7\xb6Y\xbf\x0es\xaa=\x9d)G\x9f.H\xc6<\
[\xe1\xe0\xb0z\xe7\xe15\x17w\xb3w\xa3\xef\xff\x00\
)\xce3\xb7\xba\xf8\xd9\xf0\xe9\x8fz\xac\x1aR\x9e\xb7\
\x89\x1cm\x8e\xa6(\x1c\xc1[r5\xb3\x80s\xdc\xc0\
\x1f\xb8\xe4\xfb\x9b\x80<\xce<\xd4\xa2;0\xd3zN\
\xe3\xac\xa6\xee3\xf1=\x5c7\xe3\xef\xbb\xcc~e.\
p\xe7\x87\xfasBP>\x9e\xcbN\xe3<\xc0w\xf5\
S\x10\xe9e\xc7\x818\xe4=\xc3\x01K\x0c\x9c<(\
M\xe3\xc9\xcaR\xe5\xcf\xc3\xf88\x95\x1992\x8f|\
\x92K\xe6u\x8b\xc6\xba\xaa\x9e\x86\x8az\xda\xb9[\x0d\
=<n\x96Y\x1d\xd1\x8ch\xc9'\xe8\x00\xafe\xa0\
\xe2\x16\x9e\x97U\xe8\xdb\x8e\x9e\x86\xe2m\xce\xadcc\
5\x02.\xf3cC\xda\x5c6\xe4g \x11\xd7\xc5`\
\xd6\xa2\xe4\x94\x9e\x91\xab6\xd4[\x8a\xdb*\x17\x155\
\xed_\x11u|o\xab\xab\xf5}\x9a);\xbaX\xde\
\x1c\xe6A\x19<\xe4sZ\x09.#\x99\xc0'\x90\x03\
\xa2\x9a\xb8i\xac\xf8#\xa0\xec\xc2\x8a\xd5\xa8\xbb\xca\x89\
\x00\xf4\xaa\xc9-\xf5\x1d\xe4\xee\x1e\x7fk\xe4\xdf&\x8e\
C\xderN\x93\xf70\x7f.?\xaa\xbf\xc6O\xdc\xc1\
\xfc\xb8\xfe\xaa\xff\x00\x19}M\xf9\x1c6\xda\x95]\xe3\
Q^\x09?\x9f#\x0a\xaa\xb3k\x9b\xb3\xb0\x9b~/\
_rl\xd2\x9a\xd3L\xea\xabeU\xca\xc3r\xf4\xca\
JG\x16\xcf'q${\x08n\xee\x8fh'\x97\x90\
Z\xbd3\xc5]\x05\xa9/t\xf6[-\xfb\xd2\xab\xea\
7wQz$\xec\xdd\xb5\xa5\xc7\x9b\x98\x00\xe4\xd2y\
\x9f\x05\x85\xc2\x8e\x1a\xfc\x04\xd37[/\xae\xbdc\xeb\
\x09\x0b\xfb\xdfE\xee\xbb\xbc\xb3n1\xbd\xd9\xf3\xea\x17\
/\xc3N\x03\xfc\x0c\xd6\xd6\xfdK\xf0\xab\xd3\xbd\x0f\xbc\
\xfbG\xab\xfb\xbd\xfb\xe3s>7xq\x8d\xd9\xe9\xe0\
\xb1\xbb\xac\x1f\xf5=w\xcb\xf4\xfbyx\xf2\xf3\xf7\x1a\
]\xbc\xafS\xd5\x5c\xff\x00W\xb3\xe7\xf71\xfbHk\
\xcds\xa2o6\xff\x00QT\xc3Ol\xac\xa78\x91\
\xd4\xcd\x90\x89\x9a\xe3\xb8e\xc0\x8f\x8aX\x7f*\xde\xf0\
\xcf\x8cz^\xeb\xa2)\xaa\xb5\x1e\xa0\xa3\xa2\xbbSD\
\x19\x5c\xca\x82#t\x8fo\x22\xf64|m\xddp\xd1\
\xc8\x920\x17y\xact\xcd\x9bV\xd9%\xb3\xdf)\x05\
E3\xc8p \xe1\xf1\xb8ts]\xe0\x7f\xfetP\
\x95_f*'U\x17Rk\x0a\x88\xa9\xf3\xc9\x92\xd0\
\x09\x1f\x8f\xbe\x0fh\xfc\xcaz,\xc1\xbb\x1dWw\xab\
%\xe2\x97_\x91\x15\xb0\xca\xae\xd7:\xfdd\xfc\x1b\xe8\
D\xd7m\xfcK\xe3D\xe6\xd3O#\xa3\xba\xdc\x00\x8c\
\x10A\x10\x8c\x02\xf7ya\x8d\xdc|\xb9\xa9K\xb6\xaf\
\xf9\xa5\xfd3\xfeB\x94\xb8]\xc2\xed9\xa0c|\xd4\
\x0d\x92\xb2\xe3+v\xcb[>7\xed\xf9\xad\x03\x93[\
\xf4s>$\xf2X|j\xe1\x7f\xd9#\xd5?\xf4\xe7\
\xaa\xfd]\xdf\x7f\xdd;\xee\xf3\xbc\xee\xff\x00\xd3n1\
\xb3\xdf\x9c\xab_\xdc\xe8y\x955\xca\x10Mo\xe1\xaf\
\xb1\x07\xa1Z\xb1\xe6\x9f9K_\xc9\xc9\xf6d\xd5:\
b\xd1\xc3\x06Q\xdd\xb5\x1d\x9e\xdfR+fwsS\
[\x1cO\xc1\xc6\x0e\xd7\x10p\xb7|Z\xe2\xfe\x92\xb4\
\xe9;\x8d-\x9a\xf7Gt\xba\xd4@\xe8i\xe3\xa4\x93\
\xbdkK\x867\xb9\xed\xf6@\x00\xe7\x19\xc9<\xbc\xf1\
\xc5~\xe6\x0f\xe5\xc7\xf5W\xf8\xcb:\xcf\xd9\x96\xd3\x0d\
K\x1fv\xd55\x95\xb1\x03\x93\x1c\x14\xad\x80\xb8yd\
\xb9\xeb\x9b?\xb6\xce\xf7t\xaco\x9e\xf5\xa7\xf6=\x87\
\xa6\xc6\xa5Z\x82\x5c\xb5\xbd\xaf\xb9\xc3\xf6R\xd2\xd5\x17\
m~5\x04\x91\x1fA\xb41\xce\xdeG'L\xf6\x96\
\xb5\xbfP%\xdfP\xf3V\xddk4\xcd\x86\xd3\xa6\xac\
\xf0\xdal\x94Q\xd1\xd1\xc5\xd1\x8c\xeaO\x8b\x9cz\x92\
|\xca\xd9\xac\xce#\x99\xe9\x97;5\xa5\xd1\x17p\xf1\
\xbd\x1e\xbe\xcf\x8f\x88DED\xb4\x11\x11\x00DD\x01\
\x11\x10\x05\xc6qKB\xd3\xebKdmd\xed\xa5\xaf\
\xa7\xcfq1fA\x07\xab]\xe3\x8f\xa3\xa7\xbdvh\
\xba\x84\xe5\x5c\x94\xa3\xd4\x92\xbb%\x5c\x94\xa2\xf4\xcaq\
\xad\xf4~\xa2\xd2s\xec\xbcP=\x90\xb8\x91\x1dC=\
\xb8\x9f\xcc\x81\x87\x0e@\x9cg\x07\x07\x04d\x05\xcc\xd2\
\x5c*(+\xe0\xae\xa4\x94\xc5QO+e\x89\xe0\x02\
Z\xf6\x9c\x83\xcf\xc8\x80\xaf5m%-u,\x94\x95\
\xb4\xd0\xd4\xd3\xc80\xf8\xa6`{\x1c=\xe0\xf2*\x1c\
\xe2\x1f\x01\xad\xb7=\xd5zJ\xa2;]I\xebK;\
\x9c\xe8\x1f\xcf\x99\x0e\xe6\xe6r'\x96\x08\xe4\x00\x03\xaa\
\xdf\xc3\xe2\x95\xcb\xd5\xb9k\xdb\xe0u\x91\x95m\x91\xf6\
\x9b\xbb\xee\xac\xa0\xd6\x1c\x0b\xbc]\xe8\xdf\x18\x94\xd08\
T\xc0\x1f\x93\x0c\x9c\xb2\xd3\xe3\xf4\x1f\x10\xa2^\x0bp\
\xf7Lj\x0d;Q\xabue\xe3\xd1\xad\xd4\x95N\x81\
\xf09\xe2\x16\x12\x04d9\xd2\x13\xc8\x1d\xfbp0y\
\x8ej>\xd5\x1a\x7fV\xe8\xda\x87\xc1w\xb7\xd7\xda\xcc\
\xcd1\x19\x01=\xdc\xcd \x12\xd0\xf6\x9d\xaf\x18# \
\x13\xefZ\x9b%\xbbPj9\xa2\xb3Y\xa9+\xee%\
\x8e26\x9e\x16\xb9\xed\x8c\xbbk\x5c\xf2:4\x1c0\
\x17\x1c\x0eC'\x92\xd5\xc7\xe1\xea\xbad\xaa\xb3Qo\
{\xf2^[\xfa\x9f+\x95\xc4\xb5bN\x1bk\xc3\xda\
N\xba\xbb\x8e\xf6M=Jl\x9c9\xb2\xd3wQr\
\x15/\x8b\xbb\x84\x1c\x8c\x96\xb0`\xbb#<\xc9\x07<\
\xf9\xa8r\x9e\x9f[q'P\xb8\xc6\xdb\x85\xf2\xbd\xdf\
\x19\xe4\xe5\x91\x02I\x19<\x9b\x1bs\x9f!\xcdK\xfc\
5\xec\xed1\x92+\x86\xb9\xa8k\x18\x0b\x5c-\xd4\xb2\
d\xbb\x9f6\xc9 \xe4\x07\x86\x18O^N\x0a}\xd3\
\xd6+>\x9e\xb6\xb2\xddd\xb7S\xd0R\xb0\x0fb\x16\
cq\x00\x0c\xb8\xf5s\xb0\x06\x5cI'\xc4\xaas\xe2\
8x\x09\xc7\x16=\xa9y\xbf\xbf\x8f\xc3\x91\xe4p2\
\xf3\x9a\x96K\xec\xc7\xcb\xfc}\xf9\x91\x97\x02\xb8>4\
T\xfe\xbe\xbd\xcf\x15M\xe2Hv2&4\x16R\xe7\
\xe3a\xc7\xab\xb1\x81\x91\x8c\x0d\xc3\x98*_D_9\
\x93\x93fM\x8e\xcb\x1e\xd9\xbf\x8f\x8f^<\x15u\xad\
#\x0e\xefm\xa5\xba\xd1:\x8e\xb3\xbf\xee\x9cA=\xcd\
D\x90\xbb\x97\xfaLpw\xe7\x5c-\x9c\xc9d\xb0\xdb\
\x22\xb4\xcf,u\xb7\xbb\x9c\xb4f\xaa\xba\xa2j\xb6B\
#\x15\x0fk\xb6>N|\xa2\xdb\x80\xe6\xfc`I8\
\xc1\x91\x96\x15m\xa2\xd5]o6\xea\xdbe\x15M\x13\
\x9d\xb8\xd3\xcd\x03_\x199\xcev\x91\x8c\xe7\x9f\xd2\xbc\
\xaa\xee\xca\xec\xbe\x9f\x9e\x1f\x9d\x0e\xa7^\xde\xd7S\x9c\
u\xdfQ\xd6T[\xadLe%\x96\xe3-\x11\xac\xaa\
\x92h\xbd*&\xe1\xe1\x866\xed{2I9\xcez\
y\xadm=\xce\xf9K\xaf/=\xd5l\x12\xdb]|\
\xa6\xa3}4\xd1\xb8\xbd\x81\xf4P\xbbto\xdd\x86\x8c\
\xf3\xdb\xb7\x99$\xe7\x9a\xeb\xaa\xf4\xe6\x9e\xab\xb7\xd3\xdb\
\xaa\xecV\xba\x8a*\x5c\x1azyi#tQ``\
mi\x18o/%\x97\xe84]\xeb\xe6\xf4:~\xf2\
ID\xcf\x7ft2\xe9\x03CC\xc9\xc77\x06\x80\x01\
\xeb\x80\x02\x91]\x05\xbd.\xab_?\xcfq\xcb\xaeO\
\x5c\xce>\x97R^\xbe\x19:\x96y(\xdfm\x96\xf4\
\xfbLP\xb6\x076V\x16\xd1\x9a\x8e\xf0\xc9\xbc\x87|\
R\xdd\xbbG\x5c\xe7\x96\x0f\x95\x8bU^+j-S\
U\x0agQ_)\xa5\x92\x9e\x08\xe3-\x9a\x88\xb1\x85\
\xdflv\xe2\x1e\x08\x18\xce\x1b\xcc\x8eK\xb5\x16\xfa\x01\
0\x98QSw\xa2c8\x7ft\xdd\xc2R\xcd\x85\xf9\
\xc7\xc6\xdaKs\xd7\x1c\xba/\x1aK-\x9e\x8e\xbe\xa6\
\xe1Ii\xa0\xa7\xac\xaa\xff\x00\xacTEN\xc6\xc97\
\x8f\xb6\xe02\xef\xad;\xea\x9a\xfd>\x1f\x9fO\xdb\xda\
;\xb9\xef\xaf\x89\xc0Xu\x1d\xf3\xe0\x9d\x9a::\x9a\
q%\x16\x97\xa2\xbaUKY\x1b\xa5uf\xf68\x16\
\x07n\x05\xae\xfbQ;\x8e\xec\x97\x8e^\x7f\xbb\xb6\xb9\
\xbc\xd4jJ\x1bU\x9a\x0e\xe6Ii\xa8*\x9f\x0b\xed\
\xf2\xd4\xb9\xf1\xd4I\xb6B\xe7\xb0\x86\xc3\xdd\xb4\x13\x97\
d8\x9cr\xc2\xee*\xf4\xfd\x86\xb2\x1a(j\xec\x96\
\xda\x88\xe8p(\xd9-+\x1c\xda|`\x0e\xec\x11\xec\
c\x03\xa6:\x0f%\xab\xbeh\xba\x0b\xb5\xfd\x97\x89\xab\
\xabbx}4\x92@\xc6\xc2\xe8\xe4u;\xdc\xf8\x89\
\xdf\x1b\x9c\xd2\x0b\xdc2\xc74\xe0\x95,n\xa2Rn\
Q\xfc\xfa\xfe{\xc8\xddv\xa5\xa4\xccIu-\xc5\xba\
\x9c\xe9\xc6\x88\x05Y\xb95\x8c\x95\xf0\x91\x1b\xe9\xbb\xbe\
\xf9\xed\x18q;\xc32\xd0\xee\x85\xde\x01}\xe2\x8dU\
ch\xed\xd6\xfb}=M\x5c\xb5\x15\x06I\xe9i\xe7\
0>jv4\xef\xc4\x83\x04a\xce\x8c\xe1\xa7q\xf0\
\x0e\xe6\x16\xda\x8fN\xc3\x06\xa9\x9fQOp\xac\xac\xaa\
\x92\x03O\x13&\x11l\xa7\x8c\xbbqk6\xb1\xae\xeb\
\xe2\xe2\xe3\xefY\xf7{U\xae\xf1I\xe8\x97{m\x1d\
\xc2\x9fp\x7fuU\x03ef\xe1\xd0\xedp#<\xcf\
5\x17y\x5cg\x16\x97N\xbe\xff\x00\x91'bn-\
6ixmt\x17=9\x8fL\x96\xb9\xd4\x93\xba\x99\
\xd5O`h\x98\x80\x1d\xec\xf8\x90\xdd\xdb2\xec;,\
9\x00\xe5j\xe8\x22u\xb3_\xf7wWU\xd5V\x5c\
\xa5\xa8u\xba\xb1\x95\xaf0207w2A\xb85\
\xaeky\x07\x06\x9c\x81\x92A+\xb0\xb7[\xe8-\xb0\
\xba\x0bu\x0d5\x1cNv\xf2\xc8\x22lm.\xc0\x19\
\xc0\x03\x9e\x00\x1fPX\xf4\x96\x1b\x1d%\xcek\xa5%\
\x9a\xddO_9&Z\xa8\xa9X\xd9d'\xae\xe7\x81\
\x93\x9fy\x5c\xf7\xb1\xedI\xae\x8cwr\xd4S\xf08\
\xdb%\xebP\x9d\x1f\x0b\xab5\x15\x19\xba\xd5_*\xe8\
i\xa56\xb2\xf6\xbf\xbb\x9af\x88\xf6\x09Z\x01\xc4D\
\x87\x17\x00\x06\x1ar}\xa3\xf2\xdd\xaa\xb5&\xa0e\xaa\
\x1b[\xed\xd6\xda\x8a\xcbMU[\xcdD\x0e\x9d\xa2H\
g\x8e =\x97\xb7\x0d;\x9c|q\xcb\xae9\xf5\xf5\
\x1akNTRMI=\x82\xd5-4\xf5\x06\xaah\
_G\x1b\x99$\xc7\xac\x8ei\x18/?8\xf3YT\
V\xab]\x13am\x15\xb6\x8e\x99\xb0Da\x84E\x03\
X#\x8c\x90K\x1b\x81\xc9\xa4\x80H\x1c\xb2\x02\x92W\
\xd5\xcd\xa8\xf3\xdf\x92\xfc\xf2\xfd\x8eUS\xe4\xb7\xcb\xe2\
F\xdcD\xd5Wj\xfd1Q\x1d\xaav[\x18lM\
\xb9\xcb!\x0et\xae\x0e~\xde\xed\x85\xaeovF>\
?\xb5\xd7\xa2\xe8\xae\xda\x8e\xe1\x06\xb3\xa0\xa3\xa1\xab\xa6\
\x9e\x82K\x90\xb6\xd6S\xba\x90\xb6Hd4\xce\x9c\x11\
!\x7f\xb5\x96\xec\xe4\x18G3\x93\x91\x85\xbf\xaf\xd3\xba\
~\xe1\x1d<u\xf6+e[)yS\xb6zF<\
C\xf7\x80\x8fg\xea^\xb3Yl\xf3\xdd\xa2\xbb\xcdi\
\xa0\x96\xe5\x0bv\xc5V\xfav\x19\x989\xf2\x0f#p\
\x1c\xcfC\xe2S\xbf\xab\xb2\x97g\xcf\xcb\xc7C\xbb\x9e\
\xf7\xbf#\x9f\xaf\xbe\xdd\xa1\xa3\xba\xce\xc9\xe8#\xdbt\
\x82\xddI\xdeDq\x0e\xf9#\x8c\xc8\xf3\xbb\xdb9\x90\
\x10\xd1\xb7\xa63\xcf#\xd3\x85\xd2\xd6\xcb`\xad\xf5\x8d\
a\xac\xa9\x8e\xf1_\x1b\xe5\xc1\x0d;jd\x1e\xcbI\
qkyrnN\x06\x02\xe8*\xed\x96\xea\xbaI\xe8\
\xea\xed\xf4\x95\x14\xd5\x0e\xdd42\xc2\xd72C\xcb\x9b\
\x9aF\x09\xe4:\xf9/\xb6\xbbu\xbe\xd5D\xca+e\
\x0d-\x0d+\x09-\x86\x9e&\xc6\xc6\x92rp\xd6\x80\
\x06O5\x1c\xad\x83\xad\xc5.{\xfa\x1d\xa8K\xb7\xb6\
\xceV\xc7\xa8\xee\xf5\xf7\xe6\xd1\xbeJ\x0e\xe6\xe1\x15s\
\xa9;\xb8\xcb\xbd\x10\xd2\xcc\xc8}\xb3\xbb\xed\x9b\xcb\xf7\
`\x06m\xda[\xcf\xaa\xfb\xc1\x86\xd6}\x8fhj.\
\x15\xae\xad\xa8\xa8|\xb2\xbeW\x17\xe4\xe5\xe4s\xdc\xf7\
yx`{\x82\xe9\xe8\xed\x96\xda*\xba\xaa\xba;}\
%5EY\x0e\xa9\x96(Z\xc7\xccFp^\xe02\
\xecd\xe3>e{\xd2SS\xd2S\xb2\x9a\x92\x08\xa9\
\xe1g&\xc7\x13\x03Z\xdf\x1e@r\x09e\xd1qq\
\x8a\xd6\xf5\xf2\xdf\xdf\xe5\xb1\x1a\xe4\xa4\x9b\x7f\x9c\x8e\x02\
\xc1r\xac\xf8d/s>\xad\xb4\x17\xaa\x99\xe8\xd8&\
\xa9\xcd4m\x81\xdb`|#\x90\xcc\xc0\x17{\xfc3\
\xd4\xef\xb8eQ=N\x92l\xd53I4\x9e\x9f\x5c\
\xdd\xf28\xb8\xe1\xb5s5\xa3'\xc0\x00\x00\xf7\x05\xbc\
m\xba\xde\xdaZjV\xd0\xd2\xb6\x0aR\xd3O\x10\x89\
\xbb!-\x18i`\xc6\x1b\x8f\x0ct^\xb4\xb4\xf4\xf4\
\xb0\xf74\xb0E\x04[\x9c\xed\x91\xb05\xb9q.q\
\xc0\xf1$\x92|\xc9)m\xd1\x9ct\x97\x97\xec\xb7\xf7\
\xf9\x08V\xe2\xf6\xdf\xe7#\xd5\x11\x15rP\x88\x88\x02\
\x22 \x08\x88\x80\x22\x22\x00\x88\x88\x02\x22 \x08\x88\x80\
\x22\x22\x00\x88\x88\x02\x22 \x08\x88\x80\x22\x22\x00\x88\x88\
\x02\x22 \x08\x88\x80\x22\x22\x00\x88\x88\x02\x22 \x08\x88\
\x80\x22\x22\x00\x88\x88\x02\x22 \x08\x88\x80\x22\x22\x00\x88\
\x88\x02\x22 \x08\x88\x80\x22\x22\x00\x88\x88\x02\x22 \x08\
\x88\x80\x22\x22\x00\x88\x88\x02\x22 \x08\x88\x80\x22\x22\x00\
\x88\x88\x02\x22 \x08\x88\x80\x22\x22\x00\x88\x88\x02\x22 \
\x08\x88\x80\x22\x22\x00\x88\x88\x02\x22 \x08\x88\x80\x22\x22\
\x00\x88\x88\x02\x22 \x08\x88\x80\x22\x22\x00\x88\x88\x02\x22\
 \x08\x88\x80\x22\x22\x00\x88\x88\x02\x22 \x08\x88\x80\x22\
\x22\x00\x88\x88\x02\x22 \x08\x88\x80\x22\x22\x00\x88\x88\x02\
\x22 \x08\x88\x80\x22\x22\x00\x88\x88\x02\x22 \x08\x88\x80\
\x22\x22\x00\x88\x88\x02\x22 \x08\x88\x80\x22\x22\x00\x88\x88\
\x02\x22 \x08\x88\x80\x22\x22\x00\x88\x88\x02\x22 \x08\x88\
\x80\x22\x22\x00\x88\x88\x02\x22 \x08\x88\x80\x22\x22\x00\x88\
\x88\x02\x22 \x08\x88\x80\x22\x22\x00\x88\x88\x02\x22 \x08\
\x88\x80\x22\x22\x00\x88\x88\x02\x22 \x08\x88\x80\x22\x22\x00\
\x88\x88\x02\x22 \x08\x88\x80\x22\x22\x00\x88\x88\x02\x22 \
\x08\x88\x80\x22\x22\x00\x88\x88\x02\x22 \x08\x88\x80\x22\x22\
\x00\x88\x88\x02\x22 \x08\x88\x80\x22\x22\x00\x88\x88\x02\x22\
 \x08\x88\x80\x22\x22\x00\x88\x88\x02\x22 \x08\x88\x80\x22\
\x22\x00\x88\x88\x02\x22 \x08\x88\x80\x22\x22\x00\x88\x88\x02\
\x22 \x08\x88\x80\x22\x22\x00\x88\x88\x02\x22 \x08\x88\x80\
\x22\x22\x00\x88\x88\x02\x22 \x08\x88\x80\x22\x22\x03\xff\xd9\
\
"

qt_resource_name = b"\
\x00\x08\
\x0b\xb2XG\
\x00r\
\x00e\x00d\x00o\x00.\x00p\x00n\x00g\
\x00\x0f\
\x0e\xc3\xc6\xa7\
\x00r\
\x00o\x00t\x00a\x00t\x00e\x00_\x00l\x00e\x00f\x00t\x00.\x00p\x00n\x00g\
\x00\x10\
\x02\xfe\x1a\xa7\
\x00m\
\x00i\x00n\x00u\x00s\x00-\x00c\x00i\x00r\x00c\x00l\x00e\x00.\x00s\x00v\x00g\
\x00\x08\
\x08\xc8U\xe7\
\x00s\
\x00a\x00v\x00e\x00.\x00s\x00v\x00g\
\x00\x0b\
\x0e\xcf\x90\xa7\
\x00p\
\x00o\x00l\x00y\x00g\x00o\x00n\x00.\x00p\x00n\x00g\
\x00\x06\
\x06\x8a\x9c\xb3\
\x00a\
\x00s\x00s\x00e\x00t\x00s\
\x00\x0d\
\x08R\x80c\
\x00r\
\x00e\x00s\x00o\x00u\x00r\x00c\x00e\x00s\x00.\x00q\x00r\x00c\
\x00\x07\
\x0a\xc7Z\x07\
\x00c\
\x00u\x00t\x00.\x00s\x00v\x00g\
\x00\x08\
\x08\xf7W\x07\
\x00g\
\x00r\x00i\x00d\x00.\x00s\x00v\x00g\
\x00\x08\
\x00(U\xa7\
\x00t\
\x00i\x00l\x00e\x00.\x00s\x00v\x00g\
\x00\x0b\
\x0e\xcf\x9d'\
\x00p\
\x00o\x00l\x00y\x00g\x00o\x00n\x00.\x00s\x00v\x00g\
\x00\x0a\
\x09\xc8\xc6G\
\x00e\
\x00r\x00a\x00s\x00e\x00r\x00.\x00p\x00n\x00g\
\x00\x10\
\x0c\xbf\xdc\x07\
\x00r\
\x00o\x00t\x00a\x00t\x00e\x00_\x00r\x00i\x00g\x00h\x00t\x00.\x00p\x00n\x00g\
\x00\x0a\
\x04\x11v\x07\
\x00z\
\x00o\x00o\x00m\x00i\x00n\x00.\x00s\x00v\x00g\
\x00\x0e\
\x03\xe6y'\
\x00f\
\x00u\x00l\x00l\x00s\x00c\x00r\x00e\x00e\x00n\x00.\x00p\x00n\x00g\
\x00\x0f\
\x0e\x06\x03\xc7\
\x00t\
\x00i\x00l\x00e\x00_\x00w\x00i\x00n\x00d\x00o\x00w\x00.\x00p\x00n\x00g\
\x00\x09\
\x07<\x87\xa7\
\x00a\
\x00p\x00p\x00l\x00y\x00.\x00p\x00n\x00g\
\x00\x10\
\x06\x92\xca\x07\
\x00c\
\x00o\x00l\x00o\x00r\x00p\x00a\x00l\x00e\x00t\x00t\x00e\x00.\x00p\x00n\x00g\
\x00\x0b\
\x0b\xd6c\xe7\
\x00b\
\x00r\x00u\x00s\x00h\x00-\x002\x00.\x00s\x00v\x00g\
\x00\x0b\
\x0b\xf5K\xe7\
\x00t\
\x00r\x00a\x00s\x00h\x00-\x003\x00.\x00s\x00v\x00g\
\x00\x12\
\x0d\xbb\xa1'\
\x00c\
\x00h\x00e\x00c\x00k\x00-\x00c\x00i\x00r\x00c\x00l\x00e\x00-\x001\x00.\x00s\x00v\
\x00g\
\x00\x0b\
\x07\xc5\x96G\
\x00z\
\x00o\x00o\x00m\x00o\x00u\x00t\x00.\x00s\x00v\x00g\
\x00\x08\
\x08\xc8Xg\
\x00s\
\x00a\x00v\x00e\x00.\x00p\x00n\x00g\
\x00\x0f\
\x06y\x84\xa7\
\x00a\
\x00c\x00t\x00u\x00a\x00l\x00_\x00s\x00i\x00z\x00e\x00.\x00p\x00n\x00g\
\x00\x08\
\x0f\x07WG\
\x00e\
\x00x\x00i\x00t\x00.\x00s\x00v\x00g\
\x00\x0a\
\x06\x9a\xc9\xa7\
\x00e\
\x00x\x00p\x00o\x00r\x00t\x00.\x00p\x00n\x00g\
\x00\x0b\
\x07wDg\
\x00c\
\x00a\x00s\x00c\x00a\x00d\x00e\x00.\x00p\x00n\x00g\
\x00\x09\
\x06\x98\x8e\xa7\
\x00c\
\x00l\x00o\x00s\x00e\x00.\x00s\x00v\x00g\
\x00\x07\
\x0d\x07W\x87\
\x00f\
\x00i\x00t\x00.\x00p\x00n\x00g\
\x00\x09\
\x00W\xb9\x87\
\x00p\
\x00o\x00i\x00n\x00t\x00.\x00p\x00n\x00g\
\x00\x0f\
\x063+\xc7\
\x00t\
\x00o\x00g\x00g\x00l\x00e\x00r\x00i\x00g\x00h\x00t\x00.\x00p\x00n\x00g\
\x00\x0c\
\x0b!\x02\x07\
\x00f\
\x00i\x00l\x00e\x00o\x00p\x00e\x00n\x00.\x00s\x00v\x00g\
\x00\x08\
\x06\xc8TG\
\x00m\
\x00o\x00v\x00e\x00.\x00s\x00v\x00g\
\x00\x07\
\x0d\x07Z\x07\
\x00f\
\x00i\x00t\x00.\x00s\x00v\x00g\
\x00\x11\
\x09S\xddG\
\x00f\
\x00i\x00l\x00e\x00o\x00p\x00e\x00n\x00_\x00m\x00u\x00l\x00t\x00.\x00s\x00v\x00g\
\
\x00\x09\
\x0a\xa2\xb2G\
\x00l\
\x00a\x00s\x00s\x00o\x00.\x00p\x00n\x00g\
\x00\x0c\
\x02\x09O\x07\
\x00l\
\x00a\x00b\x00e\x00l\x00i\x00n\x00g\x00.\x00p\x00n\x00g\
\x00\x09\
\x0a\xa2\xbf\xc7\
\x00l\
\x00a\x00s\x00s\x00o\x00.\x00s\x00v\x00g\
\x00\x09\
\x06\xc7\x98g\
\x00a\
\x00b\x00o\x00u\x00t\x00.\x00p\x00n\x00g\
\x000\
\x08d\x10\xc7\
\x00U\
\x00n\x00d\x00o\x00-\x00-\x00S\x00t\x00r\x00e\x00a\x00m\x00l\x00i\x00n\x00e\x00-\
\x00R\x00o\x00u\x00n\x00d\x00e\x00d\x00-\x00S\x00t\x00r\x00e\x00a\x00m\x00l\x00i\
\x00n\x00e\x00-\x00M\x00a\x00t\x00e\x00r\x00i\x00a\x00l\x00.\x00p\x00n\x00g\
\x00\x0e\
\x0b\x14\xd3G\
\x00f\
\x00o\x00l\x00d\x00e\x00r\x00o\x00p\x00e\x00n\x00.\x00s\x00v\x00g\
\x00\x0a\
\x0b\x8df\xc7\
\x00s\
\x00a\x00v\x00e\x00a\x00s\x00.\x00p\x00n\x00g\
\x00\x0c\
\x03v\xcf\x87\
\x00q\
\x00u\x00e\x00s\x00t\x00i\x00o\x00n\x00.\x00s\x00v\x00g\
\x00\x13\
\x02\xa3\xce\x87\
\x00r\
\x00e\x00s\x00e\x00t\x00_\x00t\x00r\x00a\x00n\x00s\x00f\x00o\x00r\x00m\x00.\x00p\
\x00n\x00g\
\x00\x0b\
\x07wI\xe7\
\x00c\
\x00a\x00s\x00c\x00a\x00d\x00e\x00.\x00s\x00v\x00g\
\x00\x08\
\x06|Z\x07\
\x00c\
\x00o\x00p\x00y\x00.\x00p\x00n\x00g\
\x00\x09\
\x05\xc6\xb2\xc7\
\x00m\
\x00i\x00n\x00u\x00s\x00.\x00s\x00v\x00g\
\x00\x0e\
\x00k\x19\xc7\
\x00t\
\x00o\x00g\x00g\x00l\x00e\x00l\x00e\x00f\x00t\x00.\x00p\x00n\x00g\
\x00\x10\
\x0c\x01U\xe7\
\x00x\
\x00m\x00a\x00r\x00k\x00-\x00c\x00i\x00r\x00c\x00l\x00e\x00.\x00s\x00v\x00g\
\x00\x0d\
\x0fU\x0b\xa7\
\x00r\
\x00e\x00c\x00t\x00a\x00n\x00g\x00l\x00e\x00.\x00s\x00v\x00g\
\x00\x09\
\x0a\xa8\xbaG\
\x00p\
\x00a\x00s\x00t\x00e\x00.\x00p\x00n\x00g\
\x00\x0a\
\x0ah\x0eg\
\x00c\
\x00u\x00r\x00s\x00o\x00r\x00.\x00p\x00n\x00g\
\x00\x08\
\x03\xc6T'\
\x00p\
\x00l\x00u\x00s\x00.\x00s\x00v\x00g\
\x00\x11\
\x04\xce\x05\xc7\
\x00d\
\x00r\x00o\x00p\x00d\x00o\x00w\x00n\x00_\x00b\x00l\x00u\x00e\x00.\x00p\x00n\x00g\
\
\x00\x15\
\x07Sa'\
\x00c\
\x00h\x00e\x00c\x00k\x00b\x00o\x00x\x00_\x00d\x00i\x00s\x00a\x00b\x00l\x00e\x00d\
\x00.\x00s\x00v\x00g\
\x00\x11\
\x0f\xf2\x05'\
\x00d\
\x00r\x00o\x00p\x00d\x00o\x00w\x00n\x00_\x00g\x00r\x00a\x00y\x00.\x00p\x00n\x00g\
\
\x00\x07\
\x08sW\x87\
\x00a\
\x00p\x00p\x00.\x00p\x00n\x00g\
\x00\x0c\
\x04V.\xe7\
\x00c\
\x00h\x00e\x00c\x00k\x00b\x00o\x00x\x00.\x00s\x00v\x00g\
\x00\x0d\
\x05l\xdd\xc7\
\x00d\
\x00o\x00w\x00n\x00_\x00b\x00l\x00u\x00e\x00.\x00p\x00n\x00g\
\x00\x0a\
\x04\xddjG\
\x00c\
\x00h\x00a\x00n\x00g\x00e\x00.\x00p\x00n\x00g\
\x00\x14\
\x0e\xb5y\xc7\
\x00t\
\x00n\x00s\x00a\x00i\x00_\x00l\x00o\x00g\x00o\x00_\x00w\x00h\x00i\x00t\x00e\x00.\
\x00p\x00n\x00g\
\x00\x0d\
\x0eX\xdd'\
\x00d\
\x00o\x00w\x00n\x00_\x00g\x00r\x00a\x00y\x00.\x00p\x00n\x00g\
\x00\x09\
\x0b(\xa1G\
\x00t\
\x00i\x00t\x00l\x00e\x00.\x00p\x00n\x00g\
"

qt_resource_struct = b"\
\x00\x00\x00\x00\x00\x02\x00\x00\x005\x00\x00\x00\x01\
\x00\x00\x00\x00\x00\x00\x00\x00\
\x00\x00\x00\xee\x00\x00\x00\x00\x00\x01\x00\x00\x1d\xbb\
\x00\x00\x01\x9e\xb4+[\x9e\
\x00\x00\x03.\x00\x00\x00\x00\x00\x01\x00\x00\xb2g\
\x00\x00\x01\x9e\xb4+[5\
\x00\x00\x05v\x00\x00\x00\x00\x00\x01\x00\x01!\xf1\
\x00\x00\x01\x9e\xb4+[\xaf\
\x00\x00\x03\xf2\x00\x00\x00\x00\x00\x01\x00\x00\xd2\xe1\
\x00\x00\x01\x9e\xc9\x9b\x81\x06\
\x00\x00\x05\x00\x00\x00\x00\x00\x00\x01\x00\x01\x18\x06\
\x00\x00\x01\x9e\xb4+[f\
\x00\x00\x00:\x00\x00\x00\x00\x00\x01\x00\x00\x05\x85\
\x00\x00\x01\x9e\xb4+[\x0a\
\x00\x00\x04\xe2\x00\x00\x00\x00\x00\x01\x00\x01\x12\xd3\
\x00\x00\x01\x9e\xb4+[N\
\x00\x00\x06\x10\x00\x00\x00\x00\x00\x01\x00\x01B\xde\
\x00\x00\x01\x9e\xb4+[-\
\x00\x00\x01z\x00\x00\x00\x00\x00\x01\x00\x000\x0d\
\x00\x00\x01\x9e\xb4+Z\xe7\
\x00\x00\x01`\x00\x00\x00\x00\x00\x01\x00\x00+u\
\x00\x00\x01\x9e\xb4+[\xd7\
\x00\x00\x05^\x00\x00\x00\x00\x00\x01\x00\x01 \xbc\
\x00\x00\x01\x9e\xb4+[\x12\
\x00\x00\x03F\x00\x00\x00\x00\x00\x01\x00\x00\xb5\x8a\
\x00\x00\x01\x9e\xb4+[\xb8\
\x00\x00\x02\x92\x00\x00\x00\x00\x00\x01\x00\x00\xa6l\
\x00\x00\x01\x9e\xb4+ZS\
\x00\x00\x05H\x00\x00\x00\x00\x00\x01\x00\x01\x1fi\
\x00\x00\x01\x9e\xb4+Z\x91\
\x00\x00\x00\x92\x00\x02\x00\x00\x00\x0a\x00\x00\x006\
\x00\x00\x00\x00\x00\x00\x00\x00\
\x00\x00\x01\xd8\x00\x00\x00\x00\x00\x01\x00\x005\x88\
\x00\x00\x01\x9e\xb5_\xdc$\
\x00\x00\x03\x02\x00\x00\x00\x00\x00\x01\x00\x00\xaeZ\
\x00\x00\x01\x9e\xb4+Z\x89\
\x00\x00\x02\xcc\x00\x00\x00\x00\x00\x01\x00\x00\xaa\xe0\
\x00\x00\x01\x9e\xb4+Z\xb5\
\x00\x00\x04(\x00\x00\x00\x00\x00\x01\x00\x01\x07/\
\x00\x00\x01\x9e\xb4+ZK\
\x00\x00\x03\x88\x00\x00\x00\x00\x00\x01\x00\x00\xbd\x81\
\x00\x00\x01\x9e\xb4+[\x1b\
\x00\x00\x01\xc0\x00\x00\x00\x00\x00\x01\x00\x003\x81\
\x00\x00\x01\x9e\xb4+Z[\
\x00\x00\x02\xe6\x00\x00\x00\x00\x00\x01\x00\x00\xac\xcf\
\x00\x00\x01\x9e\xb4+Zk\
\x00\x00\x05,\x00\x00\x00\x00\x00\x01\x00\x01\x1bt\
\x00\x00\x01\x9e\xb4+Zv\
\x00\x00\x02`\x00\x00\x00\x00\x00\x01\x00\x00\xa0\xc8\
\x00\x00\x01\x9e\xb4+[\xde\
\x00\x00\x00\xa4\x00\x01\x00\x00\x00\x01\x00\x00\x10\x04\
\x00\x00\x01\x9e\xc9\x9c\x0e\xe5\
\x00\x00\x04@\x00\x00\x00\x00\x00\x01\x00\x01\x0b*\
\x00\x00\x01\x9e\xb4+[\xc8\
\x00\x00\x00`\x00\x00\x00\x00\x00\x01\x00\x00\x08\x13\
\x00\x00\x01\x9e\xb4+[\x8e\
\x00\x00\x02|\x00\x00\x00\x00\x00\x01\x00\x00\xa4|\
\x00\x00\x01\x9e\xb4+[\x86\
\x00\x00\x00\xd8\x00\x00\x00\x00\x00\x01\x00\x00\x17\x83\
\x00\x00\x01\x9e\xb4+Z\xef\
\x00\x00\x03\xb2\x00\x00\x00\x00\x00\x01\x00\x00\xcbG\
\x00\x00\x01\x9e\xb4+Z\xc7\
\x00\x00\x01 \x00\x00\x00\x00\x00\x01\x00\x00%b\
\x00\x00\x01\x9e\xb4+Z\xa5\
\x00\x00\x05\xf6\x00\x00\x00\x00\x00\x01\x00\x013\xf5\
\x00\x00\x01\x9e\xb5a\xe3\xfd\
\x00\x00\x03\xda\x00\x00\x00\x00\x00\x01\x00\x00\xcf\xe3\
\x00\x00\x01\x9e\xb4+Z\xf8\
\x00\x00\x04\x10\x00\x00\x00\x00\x00\x01\x00\x00\xfe\x96\
\x00\x00\x01\x9e\xb4+[\x02\
\x00\x00\x05\xde\x00\x00\x00\x00\x00\x01\x00\x011\xd3\
\x00\x00\x01\x9e\xb4+[$\
\x00\x00\x00\xc4\x00\x00\x00\x00\x00\x01\x00\x00\x11\xdd\
\x00\x00\x01\x9e\xb4+Z\x9a\
\x00\x00\x04\xa6\x00\x00\x00\x00\x00\x01\x00\x01\x0di\
\x00\x00\x01\x9e\xb4+Z\xdf\
\x00\x00\x03j\x00\x00\x00\x00\x00\x01\x00\x00\xb7^\
\x00\x00\x01\x9e\xb4+Z\xbe\
\x00\x00\x04\xc8\x00\x00\x00\x00\x00\x01\x00\x01\x10\x0e\
\x00\x00\x01\x9e\xb4+[\x96\
\x00\x00\x00\x00\x00\x00\x00\x00\x00\x01\x00\x00\x00\x00\
\x00\x00\x01\x9e\xb4+[^\
\x00\x00\x01\xfe\x00\x00\x00\x00\x00\x01\x00\x00\x90\xd1\
\x00\x00\x01\x9e\xb4+Zc\
\x00\x00\x02\x1a\x00\x00\x00\x00\x00\x01\x00\x00\x97\xef\
\x00\x00\x01\x9e\xb4+[\xc0\
\x00\x00\x05\x98\x00\x00\x00\x00\x00\x01\x00\x01#\x92\
\x00\x00\x01\x9e\xb4+[\xd0\
\x00\x00\x01:\x00\x00\x00\x00\x00\x01\x00\x00(/\
\x00\x00\x01\x9e\xb4+[|\
\x00\x00\x03\x1a\x00\x00\x00\x00\x00\x01\x00\x00\xb0\xec\
\x00\x00\x01\x9e\xb4+Z\xcf\
\x00\x00\x03\x9e\x00\x00\x00\x00\x00\x01\x00\x00\xc5\xc0\
\x00\x00\x01\x9e\xb4+Z\xd7\
\x00\x00\x026\x00\x00\x00\x00\x00\x01\x00\x00\x9d\xca\
\x00\x00\x01\x9e\xb4+Z\x80\
\x00\x00\x01\x9c\x00\x00\x00\x00\x00\x01\x00\x002\x06\
\x00\x00\x01\x9e\xb4+[\xa7\
\x00\x00\x00\x16\x00\x00\x00\x00\x00\x01\x00\x00\x02:\
\x00\x00\x01\x9e\xb4+[u\
\x00\x00\x00v\x00\x00\x00\x00\x00\x01\x00\x00\x0dp\
\x00\x00\x01\x9e\xb4+[>\
\x00\x00\x01\x04\x00\x00\x00\x00\x00\x01\x00\x00 \xaa\
\x00\x00\x01\x9e\xb4+[F\
\x00\x00\x02\xb6\x00\x00\x00\x00\x00\x01\x00\x00\xa8\x0b\
\x00\x00\x01\x9e\xb4+Z\xad\
\x00\x00\x05\xbe\x00\x00\x00\x00\x00\x01\x00\x01'Z\
\x00\x00\x01\x9e\xb4+[V\
\x00\x00\x06\xba\x00\x00\x00\x00\x00\x01\x00\x01\x9d\x82\
\x00\x00\x01\x9e\xb4+Y\xaf\
\x00\x00\x06&\x00\x00\x00\x00\x00\x01\x00\x01E\x02\
\x00\x00\x01\x9e\xb4+Y\xdd\
\x00\x00\x06\xf8\x00\x00\x00\x00\x00\x01\x00\x01\xac\x0a\
\x00\x00\x01\x9e\xb4+Y\xa7\
\x00\x00\x06\xd8\x00\x00\x00\x00\x00\x01\x00\x01\xa3+\
\x00\x00\x01\x9e\xb4+Y\xc7\
\x00\x00\x06N\x00\x00\x00\x00\x00\x01\x00\x01X\x17\
\x00\x00\x01\x9e\xb4+Y\xbc\
\x00\x00\x06\xa6\x00\x00\x00\x00\x00\x01\x00\x01n@\
\x00\x00\x01\x9e\xb4+Y\x9e\
\x00\x00\x07`\x00\x00\x00\x00\x00\x01\x00\x03\x0d\xd9\
\x00\x00\x01\x9e\xb4+Y\xf3\
\x00\x00\x07@\x00\x00\x00\x00\x00\x01\x00\x03\x06/\
\x00\x00\x01\x9e\xb4+Y\xd2\
\x00\x00\x07\x12\x00\x00\x00\x00\x00\x01\x00\x02+H\
\x00\x00\x01\x9e\xb4+Y\xfe\
\x00\x00\x06~\x00\x00\x00\x00\x00\x01\x00\x01]\xc0\
\x00\x00\x01\x9e\xb4+Y\xe7\
"

def qInitResources():
    QtCore.qRegisterResourceData(0x03, qt_resource_struct, qt_resource_name, qt_resource_data)

def qCleanupResources():
    QtCore.qUnregisterResourceData(0x03, qt_resource_struct, qt_resource_name, qt_resource_data)

qInitResources()
